-- generated from seeds/recipes_seed.json (UTF-8 clean)
begin;

delete from recipe_ingredients;
delete from recipe_nutrition_profiles;
delete from recipes where source = 'admin';
delete from recipe_meal_categories;

insert into recipe_seed_batches (id, source_file, source_file_name, source_version, imported_count, total_records, flagged_count, status, notes) values (gen_random_uuid(), 'HAMVIT_300_Receitas_Saudaveis.docx', 'HAMVIT_300_Receitas_Saudaveis.docx', 'v1-json-utf8', 300, 300, 0, 'completed', 'Seed local gerado de recipes_seed.json UTF-8');

insert into recipe_meal_categories (id, code, label, key, name, sort_order, active) values (gen_random_uuid(), 'cafe_da_manha', 'Café da Manhã', 'cafe_da_manha', 'Café da Manhã', 1, true);
insert into recipe_meal_categories (id, code, label, key, name, sort_order, active) values (gen_random_uuid(), 'almoco', 'Almoço', 'almoco', 'Almoço', 2, true);
insert into recipe_meal_categories (id, code, label, key, name, sort_order, active) values (gen_random_uuid(), 'jantar', 'Jantar', 'jantar', 'Jantar', 3, true);
insert into recipe_meal_categories (id, code, label, key, name, sort_order, active) values (gen_random_uuid(), 'lanches', 'Lanches', 'lanches', 'Lanches', 4, true);

insert into recipes (id, name, source, visibility, prep_time_min, preparation, objective, needs_review) values ('f1b0f649-a281-4dfa-a0a1-e938bfdb5e96', 'Omelete Proteico com tomate', 'admin', 'public', 25, 'Bata os ovos em um recipiente. Refogue cebola e tomate em uma frigideira antiaderente com pouco azeite. Adicione o frango desfiado e depois os ovos. Cozinhe em fogo baixo até firmar e dobre ao meio. Adicione tomate durante o preparo para aumentar fibras e volume alimentar. Finalize ajustando os temperos naturais e sirva ainda quente.', 'Promover saciedade, praticidade, controle calórico moderado e aderência alimentar.', false);
insert into recipe_nutrition_profiles (id, recipe_id, calories, calories_kcal, protein_g, carbs_g, fats_g, fat_g) values (gen_random_uuid(), 'f1b0f649-a281-4dfa-a0a1-e938bfdb5e96', 438, 438, 37, 40, 14, 14);
insert into recipe_ingredients (id, recipe_id, ingredient_text) values (gen_random_uuid(), 'f1b0f649-a281-4dfa-a0a1-e938bfdb5e96', '2 ovos');
insert into recipe_ingredients (id, recipe_id, ingredient_text) values (gen_random_uuid(), 'f1b0f649-a281-4dfa-a0a1-e938bfdb5e96', 'frango desfiado');
insert into recipe_ingredients (id, recipe_id, ingredient_text) values (gen_random_uuid(), 'f1b0f649-a281-4dfa-a0a1-e938bfdb5e96', 'tomate');
insert into recipe_ingredients (id, recipe_id, ingredient_text) values (gen_random_uuid(), 'f1b0f649-a281-4dfa-a0a1-e938bfdb5e96', 'cebola');
insert into recipe_ingredients (id, recipe_id, ingredient_text) values (gen_random_uuid(), 'f1b0f649-a281-4dfa-a0a1-e938bfdb5e96', 'azeite');
insert into recipe_ingredients (id, recipe_id, ingredient_text) values (gen_random_uuid(), 'f1b0f649-a281-4dfa-a0a1-e938bfdb5e96', 'frango');
insert into recipe_ingredients (id, recipe_id, ingredient_text) values (gen_random_uuid(), 'f1b0f649-a281-4dfa-a0a1-e938bfdb5e96', 'tomate');
insert into recipe_ingredients (id, recipe_id, ingredient_text) values (gen_random_uuid(), 'f1b0f649-a281-4dfa-a0a1-e938bfdb5e96', 'azeite');

insert into recipes (id, name, source, visibility, prep_time_min, preparation, objective, needs_review) values ('ab46a349-c4ee-4959-a308-4c223c68514b', 'Overnight Oats com espinafre', 'admin', 'public', 31, 'Misture aveia, iogurte e chia em um pote. Adicione banana picada e canela. Deixe na geladeira durante a noite e consuma gelado pela manhã. Adicione espinafre durante o preparo para aumentar fibras e volume alimentar. Finalize ajustando os temperos naturais e sirva ainda quente.', 'Promover saciedade, praticidade, controle calórico moderado e aderência alimentar.', false);
insert into recipe_nutrition_profiles (id, recipe_id, calories, calories_kcal, protein_g, carbs_g, fats_g, fat_g) values (gen_random_uuid(), 'ab46a349-c4ee-4959-a308-4c223c68514b', 478, 478, 19, 32, 5, 5);
insert into recipe_ingredients (id, recipe_id, ingredient_text) values (gen_random_uuid(), 'ab46a349-c4ee-4959-a308-4c223c68514b', 'aveia');
insert into recipe_ingredients (id, recipe_id, ingredient_text) values (gen_random_uuid(), 'ab46a349-c4ee-4959-a308-4c223c68514b', 'iogurte natural');
insert into recipe_ingredients (id, recipe_id, ingredient_text) values (gen_random_uuid(), 'ab46a349-c4ee-4959-a308-4c223c68514b', 'banana');
insert into recipe_ingredients (id, recipe_id, ingredient_text) values (gen_random_uuid(), 'ab46a349-c4ee-4959-a308-4c223c68514b', 'chia');
insert into recipe_ingredients (id, recipe_id, ingredient_text) values (gen_random_uuid(), 'ab46a349-c4ee-4959-a308-4c223c68514b', 'canela');
insert into recipe_ingredients (id, recipe_id, ingredient_text) values (gen_random_uuid(), 'ab46a349-c4ee-4959-a308-4c223c68514b', 'frango');
insert into recipe_ingredients (id, recipe_id, ingredient_text) values (gen_random_uuid(), 'ab46a349-c4ee-4959-a308-4c223c68514b', 'espinafre');
insert into recipe_ingredients (id, recipe_id, ingredient_text) values (gen_random_uuid(), 'ab46a349-c4ee-4959-a308-4c223c68514b', 'chia');

insert into recipes (id, name, source, visibility, prep_time_min, preparation, objective, needs_review) values ('f3f4fbc1-bdf7-47b7-82cd-7f42195ccc99', 'Overnight Oats com tomate', 'admin', 'public', 25, 'Misture aveia, iogurte e chia em um pote. Adicione banana picada e canela. Deixe na geladeira durante a noite e consuma gelado pela manhã. Adicione tomate durante o preparo para aumentar fibras e volume alimentar. Finalize ajustando os temperos naturais e sirva ainda quente.', 'Promover saciedade, praticidade, controle calórico moderado e aderência alimentar.', false);
insert into recipe_nutrition_profiles (id, recipe_id, calories, calories_kcal, protein_g, carbs_g, fats_g, fat_g) values (gen_random_uuid(), 'f3f4fbc1-bdf7-47b7-82cd-7f42195ccc99', 425, 425, 31, 43, 12, 12);
insert into recipe_ingredients (id, recipe_id, ingredient_text) values (gen_random_uuid(), 'f3f4fbc1-bdf7-47b7-82cd-7f42195ccc99', 'aveia');
insert into recipe_ingredients (id, recipe_id, ingredient_text) values (gen_random_uuid(), 'f3f4fbc1-bdf7-47b7-82cd-7f42195ccc99', 'iogurte natural');
insert into recipe_ingredients (id, recipe_id, ingredient_text) values (gen_random_uuid(), 'f3f4fbc1-bdf7-47b7-82cd-7f42195ccc99', 'banana');
insert into recipe_ingredients (id, recipe_id, ingredient_text) values (gen_random_uuid(), 'f3f4fbc1-bdf7-47b7-82cd-7f42195ccc99', 'chia');
insert into recipe_ingredients (id, recipe_id, ingredient_text) values (gen_random_uuid(), 'f3f4fbc1-bdf7-47b7-82cd-7f42195ccc99', 'canela');
insert into recipe_ingredients (id, recipe_id, ingredient_text) values (gen_random_uuid(), 'f3f4fbc1-bdf7-47b7-82cd-7f42195ccc99', 'ovo');
insert into recipe_ingredients (id, recipe_id, ingredient_text) values (gen_random_uuid(), 'f3f4fbc1-bdf7-47b7-82cd-7f42195ccc99', 'tomate');
insert into recipe_ingredients (id, recipe_id, ingredient_text) values (gen_random_uuid(), 'f3f4fbc1-bdf7-47b7-82cd-7f42195ccc99', 'chia');

insert into recipes (id, name, source, visibility, prep_time_min, preparation, objective, needs_review) values ('82c263bf-6df1-4cd2-97ca-502b7d207ad0', 'Omelete Proteico com espinafre', 'admin', 'public', 29, 'Bata os ovos em um recipiente. Refogue cebola e tomate em uma frigideira antiaderente com pouco azeite. Adicione o frango desfiado e depois os ovos. Cozinhe em fogo baixo até firmar e dobre ao meio. Adicione espinafre durante o preparo para aumentar fibras e volume alimentar. Finalize ajustando os temperos naturais e sirva ainda quente.', 'Promover saciedade, praticidade, controle calórico moderado e aderência alimentar.', false);
insert into recipe_nutrition_profiles (id, recipe_id, calories, calories_kcal, protein_g, carbs_g, fats_g, fat_g) values (gen_random_uuid(), '82c263bf-6df1-4cd2-97ca-502b7d207ad0', 488, 488, 34, 36, 18, 18);
insert into recipe_ingredients (id, recipe_id, ingredient_text) values (gen_random_uuid(), '82c263bf-6df1-4cd2-97ca-502b7d207ad0', '2 ovos');
insert into recipe_ingredients (id, recipe_id, ingredient_text) values (gen_random_uuid(), '82c263bf-6df1-4cd2-97ca-502b7d207ad0', 'frango desfiado');
insert into recipe_ingredients (id, recipe_id, ingredient_text) values (gen_random_uuid(), '82c263bf-6df1-4cd2-97ca-502b7d207ad0', 'tomate');
insert into recipe_ingredients (id, recipe_id, ingredient_text) values (gen_random_uuid(), '82c263bf-6df1-4cd2-97ca-502b7d207ad0', 'cebola');
insert into recipe_ingredients (id, recipe_id, ingredient_text) values (gen_random_uuid(), '82c263bf-6df1-4cd2-97ca-502b7d207ad0', 'azeite');
insert into recipe_ingredients (id, recipe_id, ingredient_text) values (gen_random_uuid(), '82c263bf-6df1-4cd2-97ca-502b7d207ad0', 'atum');
insert into recipe_ingredients (id, recipe_id, ingredient_text) values (gen_random_uuid(), '82c263bf-6df1-4cd2-97ca-502b7d207ad0', 'espinafre');
insert into recipe_ingredients (id, recipe_id, ingredient_text) values (gen_random_uuid(), '82c263bf-6df1-4cd2-97ca-502b7d207ad0', 'azeite');

insert into recipes (id, name, source, visibility, prep_time_min, preparation, objective, needs_review) values ('2c849708-0b38-47eb-aaa9-6e42a6b3318d', 'Omelete Proteico com tomate', 'admin', 'public', 12, 'Bata os ovos em um recipiente. Refogue cebola e tomate em uma frigideira antiaderente com pouco azeite. Adicione o frango desfiado e depois os ovos. Cozinhe em fogo baixo até firmar e dobre ao meio. Adicione tomate durante o preparo para aumentar fibras e volume alimentar. Finalize ajustando os temperos naturais e sirva ainda quente.', 'Promover saciedade, praticidade, controle calórico moderado e aderência alimentar.', false);
insert into recipe_nutrition_profiles (id, recipe_id, calories, calories_kcal, protein_g, carbs_g, fats_g, fat_g) values (gen_random_uuid(), '2c849708-0b38-47eb-aaa9-6e42a6b3318d', 399, 399, 16, 19, 8, 8);
insert into recipe_ingredients (id, recipe_id, ingredient_text) values (gen_random_uuid(), '2c849708-0b38-47eb-aaa9-6e42a6b3318d', '2 ovos');
insert into recipe_ingredients (id, recipe_id, ingredient_text) values (gen_random_uuid(), '2c849708-0b38-47eb-aaa9-6e42a6b3318d', 'frango desfiado');
insert into recipe_ingredients (id, recipe_id, ingredient_text) values (gen_random_uuid(), '2c849708-0b38-47eb-aaa9-6e42a6b3318d', 'tomate');
insert into recipe_ingredients (id, recipe_id, ingredient_text) values (gen_random_uuid(), '2c849708-0b38-47eb-aaa9-6e42a6b3318d', 'cebola');
insert into recipe_ingredients (id, recipe_id, ingredient_text) values (gen_random_uuid(), '2c849708-0b38-47eb-aaa9-6e42a6b3318d', 'azeite');
insert into recipe_ingredients (id, recipe_id, ingredient_text) values (gen_random_uuid(), '2c849708-0b38-47eb-aaa9-6e42a6b3318d', 'frango');
insert into recipe_ingredients (id, recipe_id, ingredient_text) values (gen_random_uuid(), '2c849708-0b38-47eb-aaa9-6e42a6b3318d', 'tomate');
insert into recipe_ingredients (id, recipe_id, ingredient_text) values (gen_random_uuid(), '2c849708-0b38-47eb-aaa9-6e42a6b3318d', 'aveia');

insert into recipes (id, name, source, visibility, prep_time_min, preparation, objective, needs_review) values ('1aef82db-ff9a-4ac2-a187-c28a2932da85', 'Overnight Oats com espinafre', 'admin', 'public', 35, 'Misture aveia, iogurte e chia em um pote. Adicione banana picada e canela. Deixe na geladeira durante a noite e consuma gelado pela manhã. Adicione espinafre durante o preparo para aumentar fibras e volume alimentar. Finalize ajustando os temperos naturais e sirva ainda quente.', 'Promover saciedade, praticidade, controle calórico moderado e aderência alimentar.', false);
insert into recipe_nutrition_profiles (id, recipe_id, calories, calories_kcal, protein_g, carbs_g, fats_g, fat_g) values (gen_random_uuid(), '1aef82db-ff9a-4ac2-a187-c28a2932da85', 238, 238, 33, 15, 8, 8);
insert into recipe_ingredients (id, recipe_id, ingredient_text) values (gen_random_uuid(), '1aef82db-ff9a-4ac2-a187-c28a2932da85', 'aveia');
insert into recipe_ingredients (id, recipe_id, ingredient_text) values (gen_random_uuid(), '1aef82db-ff9a-4ac2-a187-c28a2932da85', 'iogurte natural');
insert into recipe_ingredients (id, recipe_id, ingredient_text) values (gen_random_uuid(), '1aef82db-ff9a-4ac2-a187-c28a2932da85', 'banana');
insert into recipe_ingredients (id, recipe_id, ingredient_text) values (gen_random_uuid(), '1aef82db-ff9a-4ac2-a187-c28a2932da85', 'chia');
insert into recipe_ingredients (id, recipe_id, ingredient_text) values (gen_random_uuid(), '1aef82db-ff9a-4ac2-a187-c28a2932da85', 'canela');
insert into recipe_ingredients (id, recipe_id, ingredient_text) values (gen_random_uuid(), '1aef82db-ff9a-4ac2-a187-c28a2932da85', 'frango');
insert into recipe_ingredients (id, recipe_id, ingredient_text) values (gen_random_uuid(), '1aef82db-ff9a-4ac2-a187-c28a2932da85', 'espinafre');
insert into recipe_ingredients (id, recipe_id, ingredient_text) values (gen_random_uuid(), '1aef82db-ff9a-4ac2-a187-c28a2932da85', 'queijo branco');

insert into recipes (id, name, source, visibility, prep_time_min, preparation, objective, needs_review) values ('b6365499-0a44-4eef-84fd-c5670e698824', 'Overnight Oats com cenoura', 'admin', 'public', 24, 'Misture aveia, iogurte e chia em um pote. Adicione banana picada e canela. Deixe na geladeira durante a noite e consuma gelado pela manhã. Adicione cenoura durante o preparo para aumentar fibras e volume alimentar. Finalize ajustando os temperos naturais e sirva ainda quente.', 'Promover saciedade, praticidade, controle calórico moderado e aderência alimentar.', false);
insert into recipe_nutrition_profiles (id, recipe_id, calories, calories_kcal, protein_g, carbs_g, fats_g, fat_g) values (gen_random_uuid(), 'b6365499-0a44-4eef-84fd-c5670e698824', 285, 285, 15, 40, 16, 16);
insert into recipe_ingredients (id, recipe_id, ingredient_text) values (gen_random_uuid(), 'b6365499-0a44-4eef-84fd-c5670e698824', 'aveia');
insert into recipe_ingredients (id, recipe_id, ingredient_text) values (gen_random_uuid(), 'b6365499-0a44-4eef-84fd-c5670e698824', 'iogurte natural');
insert into recipe_ingredients (id, recipe_id, ingredient_text) values (gen_random_uuid(), 'b6365499-0a44-4eef-84fd-c5670e698824', 'banana');
insert into recipe_ingredients (id, recipe_id, ingredient_text) values (gen_random_uuid(), 'b6365499-0a44-4eef-84fd-c5670e698824', 'chia');
insert into recipe_ingredients (id, recipe_id, ingredient_text) values (gen_random_uuid(), 'b6365499-0a44-4eef-84fd-c5670e698824', 'canela');
insert into recipe_ingredients (id, recipe_id, ingredient_text) values (gen_random_uuid(), 'b6365499-0a44-4eef-84fd-c5670e698824', 'frango');
insert into recipe_ingredients (id, recipe_id, ingredient_text) values (gen_random_uuid(), 'b6365499-0a44-4eef-84fd-c5670e698824', 'cenoura');
insert into recipe_ingredients (id, recipe_id, ingredient_text) values (gen_random_uuid(), 'b6365499-0a44-4eef-84fd-c5670e698824', 'chia');

insert into recipes (id, name, source, visibility, prep_time_min, preparation, objective, needs_review) values ('0df85e7b-4d81-493e-a38d-82a86eab7b46', 'Omelete Proteico com cenoura', 'admin', 'public', 9, 'Bata os ovos em um recipiente. Refogue cebola e tomate em uma frigideira antiaderente com pouco azeite. Adicione o frango desfiado e depois os ovos. Cozinhe em fogo baixo até firmar e dobre ao meio. Adicione cenoura durante o preparo para aumentar fibras e volume alimentar. Finalize ajustando os temperos naturais e sirva ainda quente.', 'Promover saciedade, praticidade, controle calórico moderado e aderência alimentar.', false);
insert into recipe_nutrition_profiles (id, recipe_id, calories, calories_kcal, protein_g, carbs_g, fats_g, fat_g) values (gen_random_uuid(), '0df85e7b-4d81-493e-a38d-82a86eab7b46', 200, 200, 36, 33, 15, 15);
insert into recipe_ingredients (id, recipe_id, ingredient_text) values (gen_random_uuid(), '0df85e7b-4d81-493e-a38d-82a86eab7b46', '2 ovos');
insert into recipe_ingredients (id, recipe_id, ingredient_text) values (gen_random_uuid(), '0df85e7b-4d81-493e-a38d-82a86eab7b46', 'frango desfiado');
insert into recipe_ingredients (id, recipe_id, ingredient_text) values (gen_random_uuid(), '0df85e7b-4d81-493e-a38d-82a86eab7b46', 'tomate');
insert into recipe_ingredients (id, recipe_id, ingredient_text) values (gen_random_uuid(), '0df85e7b-4d81-493e-a38d-82a86eab7b46', 'cebola');
insert into recipe_ingredients (id, recipe_id, ingredient_text) values (gen_random_uuid(), '0df85e7b-4d81-493e-a38d-82a86eab7b46', 'azeite');
insert into recipe_ingredients (id, recipe_id, ingredient_text) values (gen_random_uuid(), '0df85e7b-4d81-493e-a38d-82a86eab7b46', 'frango');
insert into recipe_ingredients (id, recipe_id, ingredient_text) values (gen_random_uuid(), '0df85e7b-4d81-493e-a38d-82a86eab7b46', 'cenoura');
insert into recipe_ingredients (id, recipe_id, ingredient_text) values (gen_random_uuid(), '0df85e7b-4d81-493e-a38d-82a86eab7b46', 'azeite');

insert into recipes (id, name, source, visibility, prep_time_min, preparation, objective, needs_review) values ('636c55e5-677b-47d5-9be9-cef2545082ca', 'Omelete Proteico com brócolis', 'admin', 'public', 17, 'Bata os ovos em um recipiente. Refogue cebola e tomate em uma frigideira antiaderente com pouco azeite. Adicione o frango desfiado e depois os ovos. Cozinhe em fogo baixo até firmar e dobre ao meio. Adicione brócolis durante o preparo para aumentar fibras e volume alimentar. Finalize ajustando os temperos naturais e sirva ainda quente.', 'Promover saciedade, praticidade, controle calórico moderado e aderência alimentar.', false);
insert into recipe_nutrition_profiles (id, recipe_id, calories, calories_kcal, protein_g, carbs_g, fats_g, fat_g) values (gen_random_uuid(), '636c55e5-677b-47d5-9be9-cef2545082ca', 312, 312, 20, 43, 13, 13);
insert into recipe_ingredients (id, recipe_id, ingredient_text) values (gen_random_uuid(), '636c55e5-677b-47d5-9be9-cef2545082ca', '2 ovos');
insert into recipe_ingredients (id, recipe_id, ingredient_text) values (gen_random_uuid(), '636c55e5-677b-47d5-9be9-cef2545082ca', 'frango desfiado');
insert into recipe_ingredients (id, recipe_id, ingredient_text) values (gen_random_uuid(), '636c55e5-677b-47d5-9be9-cef2545082ca', 'tomate');
insert into recipe_ingredients (id, recipe_id, ingredient_text) values (gen_random_uuid(), '636c55e5-677b-47d5-9be9-cef2545082ca', 'cebola');
insert into recipe_ingredients (id, recipe_id, ingredient_text) values (gen_random_uuid(), '636c55e5-677b-47d5-9be9-cef2545082ca', 'azeite');
insert into recipe_ingredients (id, recipe_id, ingredient_text) values (gen_random_uuid(), '636c55e5-677b-47d5-9be9-cef2545082ca', 'carne magra');
insert into recipe_ingredients (id, recipe_id, ingredient_text) values (gen_random_uuid(), '636c55e5-677b-47d5-9be9-cef2545082ca', 'brócolis');
insert into recipe_ingredients (id, recipe_id, ingredient_text) values (gen_random_uuid(), '636c55e5-677b-47d5-9be9-cef2545082ca', 'aveia');

insert into recipes (id, name, source, visibility, prep_time_min, preparation, objective, needs_review) values ('5ab789b8-55d3-463f-b69d-2b5273b0e824', 'Omelete Proteico com brócolis', 'admin', 'public', 30, 'Bata os ovos em um recipiente. Refogue cebola e tomate em uma frigideira antiaderente com pouco azeite. Adicione o frango desfiado e depois os ovos. Cozinhe em fogo baixo até firmar e dobre ao meio. Adicione brócolis durante o preparo para aumentar fibras e volume alimentar. Finalize ajustando os temperos naturais e sirva ainda quente.', 'Promover saciedade, praticidade, controle calórico moderado e aderência alimentar.', false);
insert into recipe_nutrition_profiles (id, recipe_id, calories, calories_kcal, protein_g, carbs_g, fats_g, fat_g) values (gen_random_uuid(), '5ab789b8-55d3-463f-b69d-2b5273b0e824', 201, 201, 19, 43, 8, 8);
insert into recipe_ingredients (id, recipe_id, ingredient_text) values (gen_random_uuid(), '5ab789b8-55d3-463f-b69d-2b5273b0e824', '2 ovos');
insert into recipe_ingredients (id, recipe_id, ingredient_text) values (gen_random_uuid(), '5ab789b8-55d3-463f-b69d-2b5273b0e824', 'frango desfiado');
insert into recipe_ingredients (id, recipe_id, ingredient_text) values (gen_random_uuid(), '5ab789b8-55d3-463f-b69d-2b5273b0e824', 'tomate');
insert into recipe_ingredients (id, recipe_id, ingredient_text) values (gen_random_uuid(), '5ab789b8-55d3-463f-b69d-2b5273b0e824', 'cebola');
insert into recipe_ingredients (id, recipe_id, ingredient_text) values (gen_random_uuid(), '5ab789b8-55d3-463f-b69d-2b5273b0e824', 'azeite');
insert into recipe_ingredients (id, recipe_id, ingredient_text) values (gen_random_uuid(), '5ab789b8-55d3-463f-b69d-2b5273b0e824', 'ovo');
insert into recipe_ingredients (id, recipe_id, ingredient_text) values (gen_random_uuid(), '5ab789b8-55d3-463f-b69d-2b5273b0e824', 'brócolis');
insert into recipe_ingredients (id, recipe_id, ingredient_text) values (gen_random_uuid(), '5ab789b8-55d3-463f-b69d-2b5273b0e824', 'chia');

insert into recipes (id, name, source, visibility, prep_time_min, preparation, objective, needs_review) values ('e32486a1-0ba6-43af-8f89-61e189e68c7e', 'Overnight Oats com cenoura', 'admin', 'public', 30, 'Misture aveia, iogurte e chia em um pote. Adicione banana picada e canela. Deixe na geladeira durante a noite e consuma gelado pela manhã. Adicione cenoura durante o preparo para aumentar fibras e volume alimentar. Finalize ajustando os temperos naturais e sirva ainda quente.', 'Promover saciedade, praticidade, controle calórico moderado e aderência alimentar.', false);
insert into recipe_nutrition_profiles (id, recipe_id, calories, calories_kcal, protein_g, carbs_g, fats_g, fat_g) values (gen_random_uuid(), 'e32486a1-0ba6-43af-8f89-61e189e68c7e', 194, 194, 35, 45, 6, 6);
insert into recipe_ingredients (id, recipe_id, ingredient_text) values (gen_random_uuid(), 'e32486a1-0ba6-43af-8f89-61e189e68c7e', 'aveia');
insert into recipe_ingredients (id, recipe_id, ingredient_text) values (gen_random_uuid(), 'e32486a1-0ba6-43af-8f89-61e189e68c7e', 'iogurte natural');
insert into recipe_ingredients (id, recipe_id, ingredient_text) values (gen_random_uuid(), 'e32486a1-0ba6-43af-8f89-61e189e68c7e', 'banana');
insert into recipe_ingredients (id, recipe_id, ingredient_text) values (gen_random_uuid(), 'e32486a1-0ba6-43af-8f89-61e189e68c7e', 'chia');
insert into recipe_ingredients (id, recipe_id, ingredient_text) values (gen_random_uuid(), 'e32486a1-0ba6-43af-8f89-61e189e68c7e', 'canela');
insert into recipe_ingredients (id, recipe_id, ingredient_text) values (gen_random_uuid(), 'e32486a1-0ba6-43af-8f89-61e189e68c7e', 'ovo');
insert into recipe_ingredients (id, recipe_id, ingredient_text) values (gen_random_uuid(), 'e32486a1-0ba6-43af-8f89-61e189e68c7e', 'cenoura');
insert into recipe_ingredients (id, recipe_id, ingredient_text) values (gen_random_uuid(), 'e32486a1-0ba6-43af-8f89-61e189e68c7e', 'queijo branco');

insert into recipes (id, name, source, visibility, prep_time_min, preparation, objective, needs_review) values ('fac00a0e-758e-46a8-a8b8-b25f1f07a35e', 'Overnight Oats com abobrinha', 'admin', 'public', 11, 'Misture aveia, iogurte e chia em um pote. Adicione banana picada e canela. Deixe na geladeira durante a noite e consuma gelado pela manhã. Adicione abobrinha durante o preparo para aumentar fibras e volume alimentar. Finalize ajustando os temperos naturais e sirva ainda quente.', 'Promover saciedade, praticidade, controle calórico moderado e aderência alimentar.', false);
insert into recipe_nutrition_profiles (id, recipe_id, calories, calories_kcal, protein_g, carbs_g, fats_g, fat_g) values (gen_random_uuid(), 'fac00a0e-758e-46a8-a8b8-b25f1f07a35e', 235, 235, 21, 43, 17, 17);
insert into recipe_ingredients (id, recipe_id, ingredient_text) values (gen_random_uuid(), 'fac00a0e-758e-46a8-a8b8-b25f1f07a35e', 'aveia');
insert into recipe_ingredients (id, recipe_id, ingredient_text) values (gen_random_uuid(), 'fac00a0e-758e-46a8-a8b8-b25f1f07a35e', 'iogurte natural');
insert into recipe_ingredients (id, recipe_id, ingredient_text) values (gen_random_uuid(), 'fac00a0e-758e-46a8-a8b8-b25f1f07a35e', 'banana');
insert into recipe_ingredients (id, recipe_id, ingredient_text) values (gen_random_uuid(), 'fac00a0e-758e-46a8-a8b8-b25f1f07a35e', 'chia');
insert into recipe_ingredients (id, recipe_id, ingredient_text) values (gen_random_uuid(), 'fac00a0e-758e-46a8-a8b8-b25f1f07a35e', 'canela');
insert into recipe_ingredients (id, recipe_id, ingredient_text) values (gen_random_uuid(), 'fac00a0e-758e-46a8-a8b8-b25f1f07a35e', 'carne magra');
insert into recipe_ingredients (id, recipe_id, ingredient_text) values (gen_random_uuid(), 'fac00a0e-758e-46a8-a8b8-b25f1f07a35e', 'abobrinha');
insert into recipe_ingredients (id, recipe_id, ingredient_text) values (gen_random_uuid(), 'fac00a0e-758e-46a8-a8b8-b25f1f07a35e', 'iogurte natural');

insert into recipes (id, name, source, visibility, prep_time_min, preparation, objective, needs_review) values ('c811f263-d146-4e9f-9e08-6267b41477a3', 'Omelete Proteico com abobrinha', 'admin', 'public', 22, 'Bata os ovos em um recipiente. Refogue cebola e tomate em uma frigideira antiaderente com pouco azeite. Adicione o frango desfiado e depois os ovos. Cozinhe em fogo baixo até firmar e dobre ao meio. Adicione abobrinha durante o preparo para aumentar fibras e volume alimentar. Finalize ajustando os temperos naturais e sirva ainda quente.', 'Promover saciedade, praticidade, controle calórico moderado e aderência alimentar.', false);
insert into recipe_nutrition_profiles (id, recipe_id, calories, calories_kcal, protein_g, carbs_g, fats_g, fat_g) values (gen_random_uuid(), 'c811f263-d146-4e9f-9e08-6267b41477a3', 289, 289, 13, 26, 7, 7);
insert into recipe_ingredients (id, recipe_id, ingredient_text) values (gen_random_uuid(), 'c811f263-d146-4e9f-9e08-6267b41477a3', '2 ovos');
insert into recipe_ingredients (id, recipe_id, ingredient_text) values (gen_random_uuid(), 'c811f263-d146-4e9f-9e08-6267b41477a3', 'frango desfiado');
insert into recipe_ingredients (id, recipe_id, ingredient_text) values (gen_random_uuid(), 'c811f263-d146-4e9f-9e08-6267b41477a3', 'tomate');
insert into recipe_ingredients (id, recipe_id, ingredient_text) values (gen_random_uuid(), 'c811f263-d146-4e9f-9e08-6267b41477a3', 'cebola');
insert into recipe_ingredients (id, recipe_id, ingredient_text) values (gen_random_uuid(), 'c811f263-d146-4e9f-9e08-6267b41477a3', 'azeite');
insert into recipe_ingredients (id, recipe_id, ingredient_text) values (gen_random_uuid(), 'c811f263-d146-4e9f-9e08-6267b41477a3', 'atum');
insert into recipe_ingredients (id, recipe_id, ingredient_text) values (gen_random_uuid(), 'c811f263-d146-4e9f-9e08-6267b41477a3', 'abobrinha');
insert into recipe_ingredients (id, recipe_id, ingredient_text) values (gen_random_uuid(), 'c811f263-d146-4e9f-9e08-6267b41477a3', 'iogurte natural');

insert into recipes (id, name, source, visibility, prep_time_min, preparation, objective, needs_review) values ('8ecd4dad-6055-4848-9b9d-07dc936c754d', 'Overnight Oats com abobrinha', 'admin', 'public', 14, 'Misture aveia, iogurte e chia em um pote. Adicione banana picada e canela. Deixe na geladeira durante a noite e consuma gelado pela manhã. Adicione abobrinha durante o preparo para aumentar fibras e volume alimentar. Finalize ajustando os temperos naturais e sirva ainda quente.', 'Promover saciedade, praticidade, controle calórico moderado e aderência alimentar.', false);
insert into recipe_nutrition_profiles (id, recipe_id, calories, calories_kcal, protein_g, carbs_g, fats_g, fat_g) values (gen_random_uuid(), '8ecd4dad-6055-4848-9b9d-07dc936c754d', 414, 414, 35, 20, 16, 16);
insert into recipe_ingredients (id, recipe_id, ingredient_text) values (gen_random_uuid(), '8ecd4dad-6055-4848-9b9d-07dc936c754d', 'aveia');
insert into recipe_ingredients (id, recipe_id, ingredient_text) values (gen_random_uuid(), '8ecd4dad-6055-4848-9b9d-07dc936c754d', 'iogurte natural');
insert into recipe_ingredients (id, recipe_id, ingredient_text) values (gen_random_uuid(), '8ecd4dad-6055-4848-9b9d-07dc936c754d', 'banana');
insert into recipe_ingredients (id, recipe_id, ingredient_text) values (gen_random_uuid(), '8ecd4dad-6055-4848-9b9d-07dc936c754d', 'chia');
insert into recipe_ingredients (id, recipe_id, ingredient_text) values (gen_random_uuid(), '8ecd4dad-6055-4848-9b9d-07dc936c754d', 'canela');
insert into recipe_ingredients (id, recipe_id, ingredient_text) values (gen_random_uuid(), '8ecd4dad-6055-4848-9b9d-07dc936c754d', 'carne magra');
insert into recipe_ingredients (id, recipe_id, ingredient_text) values (gen_random_uuid(), '8ecd4dad-6055-4848-9b9d-07dc936c754d', 'abobrinha');
insert into recipe_ingredients (id, recipe_id, ingredient_text) values (gen_random_uuid(), '8ecd4dad-6055-4848-9b9d-07dc936c754d', 'queijo branco');

insert into recipes (id, name, source, visibility, prep_time_min, preparation, objective, needs_review) values ('778d8650-0331-447f-a6a1-75f9ebda17aa', 'Omelete Proteico com cenoura', 'admin', 'public', 26, 'Bata os ovos em um recipiente. Refogue cebola e tomate em uma frigideira antiaderente com pouco azeite. Adicione o frango desfiado e depois os ovos. Cozinhe em fogo baixo até firmar e dobre ao meio. Adicione cenoura durante o preparo para aumentar fibras e volume alimentar. Finalize ajustando os temperos naturais e sirva ainda quente.', 'Promover saciedade, praticidade, controle calórico moderado e aderência alimentar.', false);
insert into recipe_nutrition_profiles (id, recipe_id, calories, calories_kcal, protein_g, carbs_g, fats_g, fat_g) values (gen_random_uuid(), '778d8650-0331-447f-a6a1-75f9ebda17aa', 507, 507, 37, 22, 12, 12);
insert into recipe_ingredients (id, recipe_id, ingredient_text) values (gen_random_uuid(), '778d8650-0331-447f-a6a1-75f9ebda17aa', '2 ovos');
insert into recipe_ingredients (id, recipe_id, ingredient_text) values (gen_random_uuid(), '778d8650-0331-447f-a6a1-75f9ebda17aa', 'frango desfiado');
insert into recipe_ingredients (id, recipe_id, ingredient_text) values (gen_random_uuid(), '778d8650-0331-447f-a6a1-75f9ebda17aa', 'tomate');
insert into recipe_ingredients (id, recipe_id, ingredient_text) values (gen_random_uuid(), '778d8650-0331-447f-a6a1-75f9ebda17aa', 'cebola');
insert into recipe_ingredients (id, recipe_id, ingredient_text) values (gen_random_uuid(), '778d8650-0331-447f-a6a1-75f9ebda17aa', 'azeite');
insert into recipe_ingredients (id, recipe_id, ingredient_text) values (gen_random_uuid(), '778d8650-0331-447f-a6a1-75f9ebda17aa', 'frango');
insert into recipe_ingredients (id, recipe_id, ingredient_text) values (gen_random_uuid(), '778d8650-0331-447f-a6a1-75f9ebda17aa', 'cenoura');
insert into recipe_ingredients (id, recipe_id, ingredient_text) values (gen_random_uuid(), '778d8650-0331-447f-a6a1-75f9ebda17aa', 'azeite');

insert into recipes (id, name, source, visibility, prep_time_min, preparation, objective, needs_review) values ('3a70a97b-da11-4f0a-8968-caaaa6c3cb07', 'Overnight Oats com brócolis', 'admin', 'public', 30, 'Misture aveia, iogurte e chia em um pote. Adicione banana picada e canela. Deixe na geladeira durante a noite e consuma gelado pela manhã. Adicione brócolis durante o preparo para aumentar fibras e volume alimentar. Finalize ajustando os temperos naturais e sirva ainda quente.', 'Promover saciedade, praticidade, controle calórico moderado e aderência alimentar.', false);
insert into recipe_nutrition_profiles (id, recipe_id, calories, calories_kcal, protein_g, carbs_g, fats_g, fat_g) values (gen_random_uuid(), '3a70a97b-da11-4f0a-8968-caaaa6c3cb07', 297, 297, 23, 53, 11, 11);
insert into recipe_ingredients (id, recipe_id, ingredient_text) values (gen_random_uuid(), '3a70a97b-da11-4f0a-8968-caaaa6c3cb07', 'aveia');
insert into recipe_ingredients (id, recipe_id, ingredient_text) values (gen_random_uuid(), '3a70a97b-da11-4f0a-8968-caaaa6c3cb07', 'iogurte natural');
insert into recipe_ingredients (id, recipe_id, ingredient_text) values (gen_random_uuid(), '3a70a97b-da11-4f0a-8968-caaaa6c3cb07', 'banana');
insert into recipe_ingredients (id, recipe_id, ingredient_text) values (gen_random_uuid(), '3a70a97b-da11-4f0a-8968-caaaa6c3cb07', 'chia');
insert into recipe_ingredients (id, recipe_id, ingredient_text) values (gen_random_uuid(), '3a70a97b-da11-4f0a-8968-caaaa6c3cb07', 'canela');
insert into recipe_ingredients (id, recipe_id, ingredient_text) values (gen_random_uuid(), '3a70a97b-da11-4f0a-8968-caaaa6c3cb07', 'ovo');
insert into recipe_ingredients (id, recipe_id, ingredient_text) values (gen_random_uuid(), '3a70a97b-da11-4f0a-8968-caaaa6c3cb07', 'brócolis');
insert into recipe_ingredients (id, recipe_id, ingredient_text) values (gen_random_uuid(), '3a70a97b-da11-4f0a-8968-caaaa6c3cb07', 'azeite');

insert into recipes (id, name, source, visibility, prep_time_min, preparation, objective, needs_review) values ('774b6725-e198-4e9b-9130-b4dd54ec1d0e', 'Overnight Oats com espinafre', 'admin', 'public', 31, 'Misture aveia, iogurte e chia em um pote. Adicione banana picada e canela. Deixe na geladeira durante a noite e consuma gelado pela manhã. Adicione espinafre durante o preparo para aumentar fibras e volume alimentar. Finalize ajustando os temperos naturais e sirva ainda quente.', 'Promover saciedade, praticidade, controle calórico moderado e aderência alimentar.', false);
insert into recipe_nutrition_profiles (id, recipe_id, calories, calories_kcal, protein_g, carbs_g, fats_g, fat_g) values (gen_random_uuid(), '774b6725-e198-4e9b-9130-b4dd54ec1d0e', 202, 202, 27, 41, 14, 14);
insert into recipe_ingredients (id, recipe_id, ingredient_text) values (gen_random_uuid(), '774b6725-e198-4e9b-9130-b4dd54ec1d0e', 'aveia');
insert into recipe_ingredients (id, recipe_id, ingredient_text) values (gen_random_uuid(), '774b6725-e198-4e9b-9130-b4dd54ec1d0e', 'iogurte natural');
insert into recipe_ingredients (id, recipe_id, ingredient_text) values (gen_random_uuid(), '774b6725-e198-4e9b-9130-b4dd54ec1d0e', 'banana');
insert into recipe_ingredients (id, recipe_id, ingredient_text) values (gen_random_uuid(), '774b6725-e198-4e9b-9130-b4dd54ec1d0e', 'chia');
insert into recipe_ingredients (id, recipe_id, ingredient_text) values (gen_random_uuid(), '774b6725-e198-4e9b-9130-b4dd54ec1d0e', 'canela');
insert into recipe_ingredients (id, recipe_id, ingredient_text) values (gen_random_uuid(), '774b6725-e198-4e9b-9130-b4dd54ec1d0e', 'carne magra');
insert into recipe_ingredients (id, recipe_id, ingredient_text) values (gen_random_uuid(), '774b6725-e198-4e9b-9130-b4dd54ec1d0e', 'espinafre');
insert into recipe_ingredients (id, recipe_id, ingredient_text) values (gen_random_uuid(), '774b6725-e198-4e9b-9130-b4dd54ec1d0e', 'queijo branco');

insert into recipes (id, name, source, visibility, prep_time_min, preparation, objective, needs_review) values ('2d4c000a-f205-4291-b3c3-2fc67f8dbe97', 'Omelete Proteico com espinafre', 'admin', 'public', 28, 'Bata os ovos em um recipiente. Refogue cebola e tomate em uma frigideira antiaderente com pouco azeite. Adicione o frango desfiado e depois os ovos. Cozinhe em fogo baixo até firmar e dobre ao meio. Adicione espinafre durante o preparo para aumentar fibras e volume alimentar. Finalize ajustando os temperos naturais e sirva ainda quente.', 'Promover saciedade, praticidade, controle calórico moderado e aderência alimentar.', false);
insert into recipe_nutrition_profiles (id, recipe_id, calories, calories_kcal, protein_g, carbs_g, fats_g, fat_g) values (gen_random_uuid(), '2d4c000a-f205-4291-b3c3-2fc67f8dbe97', 193, 193, 28, 52, 18, 18);
insert into recipe_ingredients (id, recipe_id, ingredient_text) values (gen_random_uuid(), '2d4c000a-f205-4291-b3c3-2fc67f8dbe97', '2 ovos');
insert into recipe_ingredients (id, recipe_id, ingredient_text) values (gen_random_uuid(), '2d4c000a-f205-4291-b3c3-2fc67f8dbe97', 'frango desfiado');
insert into recipe_ingredients (id, recipe_id, ingredient_text) values (gen_random_uuid(), '2d4c000a-f205-4291-b3c3-2fc67f8dbe97', 'tomate');
insert into recipe_ingredients (id, recipe_id, ingredient_text) values (gen_random_uuid(), '2d4c000a-f205-4291-b3c3-2fc67f8dbe97', 'cebola');
insert into recipe_ingredients (id, recipe_id, ingredient_text) values (gen_random_uuid(), '2d4c000a-f205-4291-b3c3-2fc67f8dbe97', 'azeite');
insert into recipe_ingredients (id, recipe_id, ingredient_text) values (gen_random_uuid(), '2d4c000a-f205-4291-b3c3-2fc67f8dbe97', 'atum');
insert into recipe_ingredients (id, recipe_id, ingredient_text) values (gen_random_uuid(), '2d4c000a-f205-4291-b3c3-2fc67f8dbe97', 'espinafre');
insert into recipe_ingredients (id, recipe_id, ingredient_text) values (gen_random_uuid(), '2d4c000a-f205-4291-b3c3-2fc67f8dbe97', 'iogurte natural');

insert into recipes (id, name, source, visibility, prep_time_min, preparation, objective, needs_review) values ('f5c96cec-2f81-4a09-aa63-e94db90f6e72', 'Omelete Proteico com cenoura', 'admin', 'public', 26, 'Bata os ovos em um recipiente. Refogue cebola e tomate em uma frigideira antiaderente com pouco azeite. Adicione o frango desfiado e depois os ovos. Cozinhe em fogo baixo até firmar e dobre ao meio. Adicione cenoura durante o preparo para aumentar fibras e volume alimentar. Finalize ajustando os temperos naturais e sirva ainda quente.', 'Promover saciedade, praticidade, controle calórico moderado e aderência alimentar.', false);
insert into recipe_nutrition_profiles (id, recipe_id, calories, calories_kcal, protein_g, carbs_g, fats_g, fat_g) values (gen_random_uuid(), 'f5c96cec-2f81-4a09-aa63-e94db90f6e72', 508, 508, 15, 43, 7, 7);
insert into recipe_ingredients (id, recipe_id, ingredient_text) values (gen_random_uuid(), 'f5c96cec-2f81-4a09-aa63-e94db90f6e72', '2 ovos');
insert into recipe_ingredients (id, recipe_id, ingredient_text) values (gen_random_uuid(), 'f5c96cec-2f81-4a09-aa63-e94db90f6e72', 'frango desfiado');
insert into recipe_ingredients (id, recipe_id, ingredient_text) values (gen_random_uuid(), 'f5c96cec-2f81-4a09-aa63-e94db90f6e72', 'tomate');
insert into recipe_ingredients (id, recipe_id, ingredient_text) values (gen_random_uuid(), 'f5c96cec-2f81-4a09-aa63-e94db90f6e72', 'cebola');
insert into recipe_ingredients (id, recipe_id, ingredient_text) values (gen_random_uuid(), 'f5c96cec-2f81-4a09-aa63-e94db90f6e72', 'azeite');
insert into recipe_ingredients (id, recipe_id, ingredient_text) values (gen_random_uuid(), 'f5c96cec-2f81-4a09-aa63-e94db90f6e72', 'carne magra');
insert into recipe_ingredients (id, recipe_id, ingredient_text) values (gen_random_uuid(), 'f5c96cec-2f81-4a09-aa63-e94db90f6e72', 'cenoura');
insert into recipe_ingredients (id, recipe_id, ingredient_text) values (gen_random_uuid(), 'f5c96cec-2f81-4a09-aa63-e94db90f6e72', 'queijo branco');

insert into recipes (id, name, source, visibility, prep_time_min, preparation, objective, needs_review) values ('c3a6e3b9-6ac1-45b2-9743-fd417ea08244', 'Overnight Oats com brócolis', 'admin', 'public', 10, 'Misture aveia, iogurte e chia em um pote. Adicione banana picada e canela. Deixe na geladeira durante a noite e consuma gelado pela manhã. Adicione brócolis durante o preparo para aumentar fibras e volume alimentar. Finalize ajustando os temperos naturais e sirva ainda quente.', 'Promover saciedade, praticidade, controle calórico moderado e aderência alimentar.', false);
insert into recipe_nutrition_profiles (id, recipe_id, calories, calories_kcal, protein_g, carbs_g, fats_g, fat_g) values (gen_random_uuid(), 'c3a6e3b9-6ac1-45b2-9743-fd417ea08244', 380, 380, 14, 52, 17, 17);
insert into recipe_ingredients (id, recipe_id, ingredient_text) values (gen_random_uuid(), 'c3a6e3b9-6ac1-45b2-9743-fd417ea08244', 'aveia');
insert into recipe_ingredients (id, recipe_id, ingredient_text) values (gen_random_uuid(), 'c3a6e3b9-6ac1-45b2-9743-fd417ea08244', 'iogurte natural');
insert into recipe_ingredients (id, recipe_id, ingredient_text) values (gen_random_uuid(), 'c3a6e3b9-6ac1-45b2-9743-fd417ea08244', 'banana');
insert into recipe_ingredients (id, recipe_id, ingredient_text) values (gen_random_uuid(), 'c3a6e3b9-6ac1-45b2-9743-fd417ea08244', 'chia');
insert into recipe_ingredients (id, recipe_id, ingredient_text) values (gen_random_uuid(), 'c3a6e3b9-6ac1-45b2-9743-fd417ea08244', 'canela');
insert into recipe_ingredients (id, recipe_id, ingredient_text) values (gen_random_uuid(), 'c3a6e3b9-6ac1-45b2-9743-fd417ea08244', 'frango');
insert into recipe_ingredients (id, recipe_id, ingredient_text) values (gen_random_uuid(), 'c3a6e3b9-6ac1-45b2-9743-fd417ea08244', 'brócolis');
insert into recipe_ingredients (id, recipe_id, ingredient_text) values (gen_random_uuid(), 'c3a6e3b9-6ac1-45b2-9743-fd417ea08244', 'chia');

insert into recipes (id, name, source, visibility, prep_time_min, preparation, objective, needs_review) values ('f83746a9-98f3-4565-9514-b783d9e243f0', 'Overnight Oats com brócolis', 'admin', 'public', 15, 'Misture aveia, iogurte e chia em um pote. Adicione banana picada e canela. Deixe na geladeira durante a noite e consuma gelado pela manhã. Adicione brócolis durante o preparo para aumentar fibras e volume alimentar. Finalize ajustando os temperos naturais e sirva ainda quente.', 'Promover saciedade, praticidade, controle calórico moderado e aderência alimentar.', false);
insert into recipe_nutrition_profiles (id, recipe_id, calories, calories_kcal, protein_g, carbs_g, fats_g, fat_g) values (gen_random_uuid(), 'f83746a9-98f3-4565-9514-b783d9e243f0', 530, 530, 37, 41, 7, 7);
insert into recipe_ingredients (id, recipe_id, ingredient_text) values (gen_random_uuid(), 'f83746a9-98f3-4565-9514-b783d9e243f0', 'aveia');
insert into recipe_ingredients (id, recipe_id, ingredient_text) values (gen_random_uuid(), 'f83746a9-98f3-4565-9514-b783d9e243f0', 'iogurte natural');
insert into recipe_ingredients (id, recipe_id, ingredient_text) values (gen_random_uuid(), 'f83746a9-98f3-4565-9514-b783d9e243f0', 'banana');
insert into recipe_ingredients (id, recipe_id, ingredient_text) values (gen_random_uuid(), 'f83746a9-98f3-4565-9514-b783d9e243f0', 'chia');
insert into recipe_ingredients (id, recipe_id, ingredient_text) values (gen_random_uuid(), 'f83746a9-98f3-4565-9514-b783d9e243f0', 'canela');
insert into recipe_ingredients (id, recipe_id, ingredient_text) values (gen_random_uuid(), 'f83746a9-98f3-4565-9514-b783d9e243f0', 'tilápia');
insert into recipe_ingredients (id, recipe_id, ingredient_text) values (gen_random_uuid(), 'f83746a9-98f3-4565-9514-b783d9e243f0', 'brócolis');
insert into recipe_ingredients (id, recipe_id, ingredient_text) values (gen_random_uuid(), 'f83746a9-98f3-4565-9514-b783d9e243f0', 'aveia');

insert into recipes (id, name, source, visibility, prep_time_min, preparation, objective, needs_review) values ('96f412d6-e980-4fa8-b4a4-9c04971f7574', 'Omelete Proteico com abobrinha', 'admin', 'public', 11, 'Bata os ovos em um recipiente. Refogue cebola e tomate em uma frigideira antiaderente com pouco azeite. Adicione o frango desfiado e depois os ovos. Cozinhe em fogo baixo até firmar e dobre ao meio. Adicione abobrinha durante o preparo para aumentar fibras e volume alimentar. Finalize ajustando os temperos naturais e sirva ainda quente.', 'Promover saciedade, praticidade, controle calórico moderado e aderência alimentar.', false);
insert into recipe_nutrition_profiles (id, recipe_id, calories, calories_kcal, protein_g, carbs_g, fats_g, fat_g) values (gen_random_uuid(), '96f412d6-e980-4fa8-b4a4-9c04971f7574', 451, 451, 12, 16, 16, 16);
insert into recipe_ingredients (id, recipe_id, ingredient_text) values (gen_random_uuid(), '96f412d6-e980-4fa8-b4a4-9c04971f7574', '2 ovos');
insert into recipe_ingredients (id, recipe_id, ingredient_text) values (gen_random_uuid(), '96f412d6-e980-4fa8-b4a4-9c04971f7574', 'frango desfiado');
insert into recipe_ingredients (id, recipe_id, ingredient_text) values (gen_random_uuid(), '96f412d6-e980-4fa8-b4a4-9c04971f7574', 'tomate');
insert into recipe_ingredients (id, recipe_id, ingredient_text) values (gen_random_uuid(), '96f412d6-e980-4fa8-b4a4-9c04971f7574', 'cebola');
insert into recipe_ingredients (id, recipe_id, ingredient_text) values (gen_random_uuid(), '96f412d6-e980-4fa8-b4a4-9c04971f7574', 'azeite');
insert into recipe_ingredients (id, recipe_id, ingredient_text) values (gen_random_uuid(), '96f412d6-e980-4fa8-b4a4-9c04971f7574', 'ovo');
insert into recipe_ingredients (id, recipe_id, ingredient_text) values (gen_random_uuid(), '96f412d6-e980-4fa8-b4a4-9c04971f7574', 'abobrinha');
insert into recipe_ingredients (id, recipe_id, ingredient_text) values (gen_random_uuid(), '96f412d6-e980-4fa8-b4a4-9c04971f7574', 'queijo branco');

insert into recipes (id, name, source, visibility, prep_time_min, preparation, objective, needs_review) values ('b6d45026-cfb1-462e-b496-a92766f742b9', 'Overnight Oats com abobrinha', 'admin', 'public', 11, 'Misture aveia, iogurte e chia em um pote. Adicione banana picada e canela. Deixe na geladeira durante a noite e consuma gelado pela manhã. Adicione abobrinha durante o preparo para aumentar fibras e volume alimentar. Finalize ajustando os temperos naturais e sirva ainda quente.', 'Promover saciedade, praticidade, controle calórico moderado e aderência alimentar.', false);
insert into recipe_nutrition_profiles (id, recipe_id, calories, calories_kcal, protein_g, carbs_g, fats_g, fat_g) values (gen_random_uuid(), 'b6d45026-cfb1-462e-b496-a92766f742b9', 218, 218, 29, 52, 16, 16);
insert into recipe_ingredients (id, recipe_id, ingredient_text) values (gen_random_uuid(), 'b6d45026-cfb1-462e-b496-a92766f742b9', 'aveia');
insert into recipe_ingredients (id, recipe_id, ingredient_text) values (gen_random_uuid(), 'b6d45026-cfb1-462e-b496-a92766f742b9', 'iogurte natural');
insert into recipe_ingredients (id, recipe_id, ingredient_text) values (gen_random_uuid(), 'b6d45026-cfb1-462e-b496-a92766f742b9', 'banana');
insert into recipe_ingredients (id, recipe_id, ingredient_text) values (gen_random_uuid(), 'b6d45026-cfb1-462e-b496-a92766f742b9', 'chia');
insert into recipe_ingredients (id, recipe_id, ingredient_text) values (gen_random_uuid(), 'b6d45026-cfb1-462e-b496-a92766f742b9', 'canela');
insert into recipe_ingredients (id, recipe_id, ingredient_text) values (gen_random_uuid(), 'b6d45026-cfb1-462e-b496-a92766f742b9', 'ovo');
insert into recipe_ingredients (id, recipe_id, ingredient_text) values (gen_random_uuid(), 'b6d45026-cfb1-462e-b496-a92766f742b9', 'abobrinha');
insert into recipe_ingredients (id, recipe_id, ingredient_text) values (gen_random_uuid(), 'b6d45026-cfb1-462e-b496-a92766f742b9', 'queijo branco');

insert into recipes (id, name, source, visibility, prep_time_min, preparation, objective, needs_review) values ('03a507b8-69f5-407f-b5dc-eb2d375666a4', 'Omelete Proteico com espinafre', 'admin', 'public', 6, 'Bata os ovos em um recipiente. Refogue cebola e tomate em uma frigideira antiaderente com pouco azeite. Adicione o frango desfiado e depois os ovos. Cozinhe em fogo baixo até firmar e dobre ao meio. Adicione espinafre durante o preparo para aumentar fibras e volume alimentar. Finalize ajustando os temperos naturais e sirva ainda quente.', 'Promover saciedade, praticidade, controle calórico moderado e aderência alimentar.', false);
insert into recipe_nutrition_profiles (id, recipe_id, calories, calories_kcal, protein_g, carbs_g, fats_g, fat_g) values (gen_random_uuid(), '03a507b8-69f5-407f-b5dc-eb2d375666a4', 495, 495, 36, 39, 5, 5);
insert into recipe_ingredients (id, recipe_id, ingredient_text) values (gen_random_uuid(), '03a507b8-69f5-407f-b5dc-eb2d375666a4', '2 ovos');
insert into recipe_ingredients (id, recipe_id, ingredient_text) values (gen_random_uuid(), '03a507b8-69f5-407f-b5dc-eb2d375666a4', 'frango desfiado');
insert into recipe_ingredients (id, recipe_id, ingredient_text) values (gen_random_uuid(), '03a507b8-69f5-407f-b5dc-eb2d375666a4', 'tomate');
insert into recipe_ingredients (id, recipe_id, ingredient_text) values (gen_random_uuid(), '03a507b8-69f5-407f-b5dc-eb2d375666a4', 'cebola');
insert into recipe_ingredients (id, recipe_id, ingredient_text) values (gen_random_uuid(), '03a507b8-69f5-407f-b5dc-eb2d375666a4', 'azeite');
insert into recipe_ingredients (id, recipe_id, ingredient_text) values (gen_random_uuid(), '03a507b8-69f5-407f-b5dc-eb2d375666a4', 'ovo');
insert into recipe_ingredients (id, recipe_id, ingredient_text) values (gen_random_uuid(), '03a507b8-69f5-407f-b5dc-eb2d375666a4', 'espinafre');
insert into recipe_ingredients (id, recipe_id, ingredient_text) values (gen_random_uuid(), '03a507b8-69f5-407f-b5dc-eb2d375666a4', 'azeite');

insert into recipes (id, name, source, visibility, prep_time_min, preparation, objective, needs_review) values ('7ef987a8-36af-4192-8349-e2bed1078aba', 'Overnight Oats com brócolis', 'admin', 'public', 28, 'Misture aveia, iogurte e chia em um pote. Adicione banana picada e canela. Deixe na geladeira durante a noite e consuma gelado pela manhã. Adicione brócolis durante o preparo para aumentar fibras e volume alimentar. Finalize ajustando os temperos naturais e sirva ainda quente.', 'Promover saciedade, praticidade, controle calórico moderado e aderência alimentar.', false);
insert into recipe_nutrition_profiles (id, recipe_id, calories, calories_kcal, protein_g, carbs_g, fats_g, fat_g) values (gen_random_uuid(), '7ef987a8-36af-4192-8349-e2bed1078aba', 524, 524, 14, 36, 10, 10);
insert into recipe_ingredients (id, recipe_id, ingredient_text) values (gen_random_uuid(), '7ef987a8-36af-4192-8349-e2bed1078aba', 'aveia');
insert into recipe_ingredients (id, recipe_id, ingredient_text) values (gen_random_uuid(), '7ef987a8-36af-4192-8349-e2bed1078aba', 'iogurte natural');
insert into recipe_ingredients (id, recipe_id, ingredient_text) values (gen_random_uuid(), '7ef987a8-36af-4192-8349-e2bed1078aba', 'banana');
insert into recipe_ingredients (id, recipe_id, ingredient_text) values (gen_random_uuid(), '7ef987a8-36af-4192-8349-e2bed1078aba', 'chia');
insert into recipe_ingredients (id, recipe_id, ingredient_text) values (gen_random_uuid(), '7ef987a8-36af-4192-8349-e2bed1078aba', 'canela');
insert into recipe_ingredients (id, recipe_id, ingredient_text) values (gen_random_uuid(), '7ef987a8-36af-4192-8349-e2bed1078aba', 'tilápia');
insert into recipe_ingredients (id, recipe_id, ingredient_text) values (gen_random_uuid(), '7ef987a8-36af-4192-8349-e2bed1078aba', 'brócolis');
insert into recipe_ingredients (id, recipe_id, ingredient_text) values (gen_random_uuid(), '7ef987a8-36af-4192-8349-e2bed1078aba', 'aveia');

insert into recipes (id, name, source, visibility, prep_time_min, preparation, objective, needs_review) values ('022be80a-5d23-4d82-99c8-2c5b6a5fe8c1', 'Overnight Oats com abobrinha', 'admin', 'public', 23, 'Misture aveia, iogurte e chia em um pote. Adicione banana picada e canela. Deixe na geladeira durante a noite e consuma gelado pela manhã. Adicione abobrinha durante o preparo para aumentar fibras e volume alimentar. Finalize ajustando os temperos naturais e sirva ainda quente.', 'Promover saciedade, praticidade, controle calórico moderado e aderência alimentar.', false);
insert into recipe_nutrition_profiles (id, recipe_id, calories, calories_kcal, protein_g, carbs_g, fats_g, fat_g) values (gen_random_uuid(), '022be80a-5d23-4d82-99c8-2c5b6a5fe8c1', 372, 372, 16, 49, 15, 15);
insert into recipe_ingredients (id, recipe_id, ingredient_text) values (gen_random_uuid(), '022be80a-5d23-4d82-99c8-2c5b6a5fe8c1', 'aveia');
insert into recipe_ingredients (id, recipe_id, ingredient_text) values (gen_random_uuid(), '022be80a-5d23-4d82-99c8-2c5b6a5fe8c1', 'iogurte natural');
insert into recipe_ingredients (id, recipe_id, ingredient_text) values (gen_random_uuid(), '022be80a-5d23-4d82-99c8-2c5b6a5fe8c1', 'banana');
insert into recipe_ingredients (id, recipe_id, ingredient_text) values (gen_random_uuid(), '022be80a-5d23-4d82-99c8-2c5b6a5fe8c1', 'chia');
insert into recipe_ingredients (id, recipe_id, ingredient_text) values (gen_random_uuid(), '022be80a-5d23-4d82-99c8-2c5b6a5fe8c1', 'canela');
insert into recipe_ingredients (id, recipe_id, ingredient_text) values (gen_random_uuid(), '022be80a-5d23-4d82-99c8-2c5b6a5fe8c1', 'ovo');
insert into recipe_ingredients (id, recipe_id, ingredient_text) values (gen_random_uuid(), '022be80a-5d23-4d82-99c8-2c5b6a5fe8c1', 'abobrinha');
insert into recipe_ingredients (id, recipe_id, ingredient_text) values (gen_random_uuid(), '022be80a-5d23-4d82-99c8-2c5b6a5fe8c1', 'aveia');

insert into recipes (id, name, source, visibility, prep_time_min, preparation, objective, needs_review) values ('ad168f8c-9ee0-4b13-8630-3e0d2dd67ea9', 'Omelete Proteico com brócolis', 'admin', 'public', 26, 'Bata os ovos em um recipiente. Refogue cebola e tomate em uma frigideira antiaderente com pouco azeite. Adicione o frango desfiado e depois os ovos. Cozinhe em fogo baixo até firmar e dobre ao meio. Adicione brócolis durante o preparo para aumentar fibras e volume alimentar. Finalize ajustando os temperos naturais e sirva ainda quente.', 'Promover saciedade, praticidade, controle calórico moderado e aderência alimentar.', false);
insert into recipe_nutrition_profiles (id, recipe_id, calories, calories_kcal, protein_g, carbs_g, fats_g, fat_g) values (gen_random_uuid(), 'ad168f8c-9ee0-4b13-8630-3e0d2dd67ea9', 263, 263, 34, 46, 11, 11);
insert into recipe_ingredients (id, recipe_id, ingredient_text) values (gen_random_uuid(), 'ad168f8c-9ee0-4b13-8630-3e0d2dd67ea9', '2 ovos');
insert into recipe_ingredients (id, recipe_id, ingredient_text) values (gen_random_uuid(), 'ad168f8c-9ee0-4b13-8630-3e0d2dd67ea9', 'frango desfiado');
insert into recipe_ingredients (id, recipe_id, ingredient_text) values (gen_random_uuid(), 'ad168f8c-9ee0-4b13-8630-3e0d2dd67ea9', 'tomate');
insert into recipe_ingredients (id, recipe_id, ingredient_text) values (gen_random_uuid(), 'ad168f8c-9ee0-4b13-8630-3e0d2dd67ea9', 'cebola');
insert into recipe_ingredients (id, recipe_id, ingredient_text) values (gen_random_uuid(), 'ad168f8c-9ee0-4b13-8630-3e0d2dd67ea9', 'azeite');
insert into recipe_ingredients (id, recipe_id, ingredient_text) values (gen_random_uuid(), 'ad168f8c-9ee0-4b13-8630-3e0d2dd67ea9', 'frango');
insert into recipe_ingredients (id, recipe_id, ingredient_text) values (gen_random_uuid(), 'ad168f8c-9ee0-4b13-8630-3e0d2dd67ea9', 'brócolis');
insert into recipe_ingredients (id, recipe_id, ingredient_text) values (gen_random_uuid(), 'ad168f8c-9ee0-4b13-8630-3e0d2dd67ea9', 'azeite');

insert into recipes (id, name, source, visibility, prep_time_min, preparation, objective, needs_review) values ('cd7070c4-1fac-4718-8f39-64fca8c02f72', 'Overnight Oats com tomate', 'admin', 'public', 17, 'Misture aveia, iogurte e chia em um pote. Adicione banana picada e canela. Deixe na geladeira durante a noite e consuma gelado pela manhã. Adicione tomate durante o preparo para aumentar fibras e volume alimentar. Finalize ajustando os temperos naturais e sirva ainda quente.', 'Promover saciedade, praticidade, controle calórico moderado e aderência alimentar.', false);
insert into recipe_nutrition_profiles (id, recipe_id, calories, calories_kcal, protein_g, carbs_g, fats_g, fat_g) values (gen_random_uuid(), 'cd7070c4-1fac-4718-8f39-64fca8c02f72', 410, 410, 22, 52, 12, 12);
insert into recipe_ingredients (id, recipe_id, ingredient_text) values (gen_random_uuid(), 'cd7070c4-1fac-4718-8f39-64fca8c02f72', 'aveia');
insert into recipe_ingredients (id, recipe_id, ingredient_text) values (gen_random_uuid(), 'cd7070c4-1fac-4718-8f39-64fca8c02f72', 'iogurte natural');
insert into recipe_ingredients (id, recipe_id, ingredient_text) values (gen_random_uuid(), 'cd7070c4-1fac-4718-8f39-64fca8c02f72', 'banana');
insert into recipe_ingredients (id, recipe_id, ingredient_text) values (gen_random_uuid(), 'cd7070c4-1fac-4718-8f39-64fca8c02f72', 'chia');
insert into recipe_ingredients (id, recipe_id, ingredient_text) values (gen_random_uuid(), 'cd7070c4-1fac-4718-8f39-64fca8c02f72', 'canela');
insert into recipe_ingredients (id, recipe_id, ingredient_text) values (gen_random_uuid(), 'cd7070c4-1fac-4718-8f39-64fca8c02f72', 'ovo');
insert into recipe_ingredients (id, recipe_id, ingredient_text) values (gen_random_uuid(), 'cd7070c4-1fac-4718-8f39-64fca8c02f72', 'tomate');
insert into recipe_ingredients (id, recipe_id, ingredient_text) values (gen_random_uuid(), 'cd7070c4-1fac-4718-8f39-64fca8c02f72', 'chia');

insert into recipes (id, name, source, visibility, prep_time_min, preparation, objective, needs_review) values ('f3c4fb72-696d-4717-820e-40b569a2a8de', 'Overnight Oats com brócolis', 'admin', 'public', 6, 'Misture aveia, iogurte e chia em um pote. Adicione banana picada e canela. Deixe na geladeira durante a noite e consuma gelado pela manhã. Adicione brócolis durante o preparo para aumentar fibras e volume alimentar. Finalize ajustando os temperos naturais e sirva ainda quente.', 'Promover saciedade, praticidade, controle calórico moderado e aderência alimentar.', false);
insert into recipe_nutrition_profiles (id, recipe_id, calories, calories_kcal, protein_g, carbs_g, fats_g, fat_g) values (gen_random_uuid(), 'f3c4fb72-696d-4717-820e-40b569a2a8de', 538, 538, 34, 27, 16, 16);
insert into recipe_ingredients (id, recipe_id, ingredient_text) values (gen_random_uuid(), 'f3c4fb72-696d-4717-820e-40b569a2a8de', 'aveia');
insert into recipe_ingredients (id, recipe_id, ingredient_text) values (gen_random_uuid(), 'f3c4fb72-696d-4717-820e-40b569a2a8de', 'iogurte natural');
insert into recipe_ingredients (id, recipe_id, ingredient_text) values (gen_random_uuid(), 'f3c4fb72-696d-4717-820e-40b569a2a8de', 'banana');
insert into recipe_ingredients (id, recipe_id, ingredient_text) values (gen_random_uuid(), 'f3c4fb72-696d-4717-820e-40b569a2a8de', 'chia');
insert into recipe_ingredients (id, recipe_id, ingredient_text) values (gen_random_uuid(), 'f3c4fb72-696d-4717-820e-40b569a2a8de', 'canela');
insert into recipe_ingredients (id, recipe_id, ingredient_text) values (gen_random_uuid(), 'f3c4fb72-696d-4717-820e-40b569a2a8de', 'tilápia');
insert into recipe_ingredients (id, recipe_id, ingredient_text) values (gen_random_uuid(), 'f3c4fb72-696d-4717-820e-40b569a2a8de', 'brócolis');
insert into recipe_ingredients (id, recipe_id, ingredient_text) values (gen_random_uuid(), 'f3c4fb72-696d-4717-820e-40b569a2a8de', 'azeite');

insert into recipes (id, name, source, visibility, prep_time_min, preparation, objective, needs_review) values ('38225092-8867-4835-ad7e-748a7aabe69a', 'Overnight Oats com espinafre', 'admin', 'public', 11, 'Misture aveia, iogurte e chia em um pote. Adicione banana picada e canela. Deixe na geladeira durante a noite e consuma gelado pela manhã. Adicione espinafre durante o preparo para aumentar fibras e volume alimentar. Finalize ajustando os temperos naturais e sirva ainda quente.', 'Promover saciedade, praticidade, controle calórico moderado e aderência alimentar.', false);
insert into recipe_nutrition_profiles (id, recipe_id, calories, calories_kcal, protein_g, carbs_g, fats_g, fat_g) values (gen_random_uuid(), '38225092-8867-4835-ad7e-748a7aabe69a', 183, 183, 15, 27, 13, 13);
insert into recipe_ingredients (id, recipe_id, ingredient_text) values (gen_random_uuid(), '38225092-8867-4835-ad7e-748a7aabe69a', 'aveia');
insert into recipe_ingredients (id, recipe_id, ingredient_text) values (gen_random_uuid(), '38225092-8867-4835-ad7e-748a7aabe69a', 'iogurte natural');
insert into recipe_ingredients (id, recipe_id, ingredient_text) values (gen_random_uuid(), '38225092-8867-4835-ad7e-748a7aabe69a', 'banana');
insert into recipe_ingredients (id, recipe_id, ingredient_text) values (gen_random_uuid(), '38225092-8867-4835-ad7e-748a7aabe69a', 'chia');
insert into recipe_ingredients (id, recipe_id, ingredient_text) values (gen_random_uuid(), '38225092-8867-4835-ad7e-748a7aabe69a', 'canela');
insert into recipe_ingredients (id, recipe_id, ingredient_text) values (gen_random_uuid(), '38225092-8867-4835-ad7e-748a7aabe69a', 'atum');
insert into recipe_ingredients (id, recipe_id, ingredient_text) values (gen_random_uuid(), '38225092-8867-4835-ad7e-748a7aabe69a', 'espinafre');
insert into recipe_ingredients (id, recipe_id, ingredient_text) values (gen_random_uuid(), '38225092-8867-4835-ad7e-748a7aabe69a', 'chia');

insert into recipes (id, name, source, visibility, prep_time_min, preparation, objective, needs_review) values ('b7d44a5b-a325-47ff-b392-79c663453e15', 'Overnight Oats com brócolis', 'admin', 'public', 35, 'Misture aveia, iogurte e chia em um pote. Adicione banana picada e canela. Deixe na geladeira durante a noite e consuma gelado pela manhã. Adicione brócolis durante o preparo para aumentar fibras e volume alimentar. Finalize ajustando os temperos naturais e sirva ainda quente.', 'Promover saciedade, praticidade, controle calórico moderado e aderência alimentar.', false);
insert into recipe_nutrition_profiles (id, recipe_id, calories, calories_kcal, protein_g, carbs_g, fats_g, fat_g) values (gen_random_uuid(), 'b7d44a5b-a325-47ff-b392-79c663453e15', 412, 412, 12, 33, 11, 11);
insert into recipe_ingredients (id, recipe_id, ingredient_text) values (gen_random_uuid(), 'b7d44a5b-a325-47ff-b392-79c663453e15', 'aveia');
insert into recipe_ingredients (id, recipe_id, ingredient_text) values (gen_random_uuid(), 'b7d44a5b-a325-47ff-b392-79c663453e15', 'iogurte natural');
insert into recipe_ingredients (id, recipe_id, ingredient_text) values (gen_random_uuid(), 'b7d44a5b-a325-47ff-b392-79c663453e15', 'banana');
insert into recipe_ingredients (id, recipe_id, ingredient_text) values (gen_random_uuid(), 'b7d44a5b-a325-47ff-b392-79c663453e15', 'chia');
insert into recipe_ingredients (id, recipe_id, ingredient_text) values (gen_random_uuid(), 'b7d44a5b-a325-47ff-b392-79c663453e15', 'canela');
insert into recipe_ingredients (id, recipe_id, ingredient_text) values (gen_random_uuid(), 'b7d44a5b-a325-47ff-b392-79c663453e15', 'frango');
insert into recipe_ingredients (id, recipe_id, ingredient_text) values (gen_random_uuid(), 'b7d44a5b-a325-47ff-b392-79c663453e15', 'brócolis');
insert into recipe_ingredients (id, recipe_id, ingredient_text) values (gen_random_uuid(), 'b7d44a5b-a325-47ff-b392-79c663453e15', 'aveia');

insert into recipes (id, name, source, visibility, prep_time_min, preparation, objective, needs_review) values ('6699f6f9-8116-4878-8499-1bfe93e94325', 'Overnight Oats com cenoura', 'admin', 'public', 22, 'Misture aveia, iogurte e chia em um pote. Adicione banana picada e canela. Deixe na geladeira durante a noite e consuma gelado pela manhã. Adicione cenoura durante o preparo para aumentar fibras e volume alimentar. Finalize ajustando os temperos naturais e sirva ainda quente.', 'Promover saciedade, praticidade, controle calórico moderado e aderência alimentar.', false);
insert into recipe_nutrition_profiles (id, recipe_id, calories, calories_kcal, protein_g, carbs_g, fats_g, fat_g) values (gen_random_uuid(), '6699f6f9-8116-4878-8499-1bfe93e94325', 272, 272, 14, 16, 7, 7);
insert into recipe_ingredients (id, recipe_id, ingredient_text) values (gen_random_uuid(), '6699f6f9-8116-4878-8499-1bfe93e94325', 'aveia');
insert into recipe_ingredients (id, recipe_id, ingredient_text) values (gen_random_uuid(), '6699f6f9-8116-4878-8499-1bfe93e94325', 'iogurte natural');
insert into recipe_ingredients (id, recipe_id, ingredient_text) values (gen_random_uuid(), '6699f6f9-8116-4878-8499-1bfe93e94325', 'banana');
insert into recipe_ingredients (id, recipe_id, ingredient_text) values (gen_random_uuid(), '6699f6f9-8116-4878-8499-1bfe93e94325', 'chia');
insert into recipe_ingredients (id, recipe_id, ingredient_text) values (gen_random_uuid(), '6699f6f9-8116-4878-8499-1bfe93e94325', 'canela');
insert into recipe_ingredients (id, recipe_id, ingredient_text) values (gen_random_uuid(), '6699f6f9-8116-4878-8499-1bfe93e94325', 'carne magra');
insert into recipe_ingredients (id, recipe_id, ingredient_text) values (gen_random_uuid(), '6699f6f9-8116-4878-8499-1bfe93e94325', 'cenoura');
insert into recipe_ingredients (id, recipe_id, ingredient_text) values (gen_random_uuid(), '6699f6f9-8116-4878-8499-1bfe93e94325', 'iogurte natural');

insert into recipes (id, name, source, visibility, prep_time_min, preparation, objective, needs_review) values ('a60c66b6-ab3e-4d3e-8626-28e6468e2d1a', 'Omelete Proteico com brócolis', 'admin', 'public', 11, 'Bata os ovos em um recipiente. Refogue cebola e tomate em uma frigideira antiaderente com pouco azeite. Adicione o frango desfiado e depois os ovos. Cozinhe em fogo baixo até firmar e dobre ao meio. Adicione brócolis durante o preparo para aumentar fibras e volume alimentar. Finalize ajustando os temperos naturais e sirva ainda quente.', 'Promover saciedade, praticidade, controle calórico moderado e aderência alimentar.', false);
insert into recipe_nutrition_profiles (id, recipe_id, calories, calories_kcal, protein_g, carbs_g, fats_g, fat_g) values (gen_random_uuid(), 'a60c66b6-ab3e-4d3e-8626-28e6468e2d1a', 433, 433, 36, 30, 9, 9);
insert into recipe_ingredients (id, recipe_id, ingredient_text) values (gen_random_uuid(), 'a60c66b6-ab3e-4d3e-8626-28e6468e2d1a', '2 ovos');
insert into recipe_ingredients (id, recipe_id, ingredient_text) values (gen_random_uuid(), 'a60c66b6-ab3e-4d3e-8626-28e6468e2d1a', 'frango desfiado');
insert into recipe_ingredients (id, recipe_id, ingredient_text) values (gen_random_uuid(), 'a60c66b6-ab3e-4d3e-8626-28e6468e2d1a', 'tomate');
insert into recipe_ingredients (id, recipe_id, ingredient_text) values (gen_random_uuid(), 'a60c66b6-ab3e-4d3e-8626-28e6468e2d1a', 'cebola');
insert into recipe_ingredients (id, recipe_id, ingredient_text) values (gen_random_uuid(), 'a60c66b6-ab3e-4d3e-8626-28e6468e2d1a', 'azeite');
insert into recipe_ingredients (id, recipe_id, ingredient_text) values (gen_random_uuid(), 'a60c66b6-ab3e-4d3e-8626-28e6468e2d1a', 'tilápia');
insert into recipe_ingredients (id, recipe_id, ingredient_text) values (gen_random_uuid(), 'a60c66b6-ab3e-4d3e-8626-28e6468e2d1a', 'brócolis');
insert into recipe_ingredients (id, recipe_id, ingredient_text) values (gen_random_uuid(), 'a60c66b6-ab3e-4d3e-8626-28e6468e2d1a', 'aveia');

insert into recipes (id, name, source, visibility, prep_time_min, preparation, objective, needs_review) values ('040ef938-5267-425b-b3a8-31ef4971a147', 'Omelete Proteico com abobrinha', 'admin', 'public', 18, 'Bata os ovos em um recipiente. Refogue cebola e tomate em uma frigideira antiaderente com pouco azeite. Adicione o frango desfiado e depois os ovos. Cozinhe em fogo baixo até firmar e dobre ao meio. Adicione abobrinha durante o preparo para aumentar fibras e volume alimentar. Finalize ajustando os temperos naturais e sirva ainda quente.', 'Promover saciedade, praticidade, controle calórico moderado e aderência alimentar.', false);
insert into recipe_nutrition_profiles (id, recipe_id, calories, calories_kcal, protein_g, carbs_g, fats_g, fat_g) values (gen_random_uuid(), '040ef938-5267-425b-b3a8-31ef4971a147', 357, 357, 37, 39, 8, 8);
insert into recipe_ingredients (id, recipe_id, ingredient_text) values (gen_random_uuid(), '040ef938-5267-425b-b3a8-31ef4971a147', '2 ovos');
insert into recipe_ingredients (id, recipe_id, ingredient_text) values (gen_random_uuid(), '040ef938-5267-425b-b3a8-31ef4971a147', 'frango desfiado');
insert into recipe_ingredients (id, recipe_id, ingredient_text) values (gen_random_uuid(), '040ef938-5267-425b-b3a8-31ef4971a147', 'tomate');
insert into recipe_ingredients (id, recipe_id, ingredient_text) values (gen_random_uuid(), '040ef938-5267-425b-b3a8-31ef4971a147', 'cebola');
insert into recipe_ingredients (id, recipe_id, ingredient_text) values (gen_random_uuid(), '040ef938-5267-425b-b3a8-31ef4971a147', 'azeite');
insert into recipe_ingredients (id, recipe_id, ingredient_text) values (gen_random_uuid(), '040ef938-5267-425b-b3a8-31ef4971a147', 'ovo');
insert into recipe_ingredients (id, recipe_id, ingredient_text) values (gen_random_uuid(), '040ef938-5267-425b-b3a8-31ef4971a147', 'abobrinha');
insert into recipe_ingredients (id, recipe_id, ingredient_text) values (gen_random_uuid(), '040ef938-5267-425b-b3a8-31ef4971a147', 'azeite');

insert into recipes (id, name, source, visibility, prep_time_min, preparation, objective, needs_review) values ('07154b2c-818d-4349-a531-9f210312ed3d', 'Omelete Proteico com cenoura', 'admin', 'public', 8, 'Bata os ovos em um recipiente. Refogue cebola e tomate em uma frigideira antiaderente com pouco azeite. Adicione o frango desfiado e depois os ovos. Cozinhe em fogo baixo até firmar e dobre ao meio. Adicione cenoura durante o preparo para aumentar fibras e volume alimentar. Finalize ajustando os temperos naturais e sirva ainda quente.', 'Promover saciedade, praticidade, controle calórico moderado e aderência alimentar.', false);
insert into recipe_nutrition_profiles (id, recipe_id, calories, calories_kcal, protein_g, carbs_g, fats_g, fat_g) values (gen_random_uuid(), '07154b2c-818d-4349-a531-9f210312ed3d', 341, 341, 15, 35, 16, 16);
insert into recipe_ingredients (id, recipe_id, ingredient_text) values (gen_random_uuid(), '07154b2c-818d-4349-a531-9f210312ed3d', '2 ovos');
insert into recipe_ingredients (id, recipe_id, ingredient_text) values (gen_random_uuid(), '07154b2c-818d-4349-a531-9f210312ed3d', 'frango desfiado');
insert into recipe_ingredients (id, recipe_id, ingredient_text) values (gen_random_uuid(), '07154b2c-818d-4349-a531-9f210312ed3d', 'tomate');
insert into recipe_ingredients (id, recipe_id, ingredient_text) values (gen_random_uuid(), '07154b2c-818d-4349-a531-9f210312ed3d', 'cebola');
insert into recipe_ingredients (id, recipe_id, ingredient_text) values (gen_random_uuid(), '07154b2c-818d-4349-a531-9f210312ed3d', 'azeite');
insert into recipe_ingredients (id, recipe_id, ingredient_text) values (gen_random_uuid(), '07154b2c-818d-4349-a531-9f210312ed3d', 'tilápia');
insert into recipe_ingredients (id, recipe_id, ingredient_text) values (gen_random_uuid(), '07154b2c-818d-4349-a531-9f210312ed3d', 'cenoura');
insert into recipe_ingredients (id, recipe_id, ingredient_text) values (gen_random_uuid(), '07154b2c-818d-4349-a531-9f210312ed3d', 'chia');

insert into recipes (id, name, source, visibility, prep_time_min, preparation, objective, needs_review) values ('368818a0-2132-45b3-ba65-397376fb9731', 'Overnight Oats com abobrinha', 'admin', 'public', 10, 'Misture aveia, iogurte e chia em um pote. Adicione banana picada e canela. Deixe na geladeira durante a noite e consuma gelado pela manhã. Adicione abobrinha durante o preparo para aumentar fibras e volume alimentar. Finalize ajustando os temperos naturais e sirva ainda quente.', 'Promover saciedade, praticidade, controle calórico moderado e aderência alimentar.', false);
insert into recipe_nutrition_profiles (id, recipe_id, calories, calories_kcal, protein_g, carbs_g, fats_g, fat_g) values (gen_random_uuid(), '368818a0-2132-45b3-ba65-397376fb9731', 535, 535, 17, 26, 14, 14);
insert into recipe_ingredients (id, recipe_id, ingredient_text) values (gen_random_uuid(), '368818a0-2132-45b3-ba65-397376fb9731', 'aveia');
insert into recipe_ingredients (id, recipe_id, ingredient_text) values (gen_random_uuid(), '368818a0-2132-45b3-ba65-397376fb9731', 'iogurte natural');
insert into recipe_ingredients (id, recipe_id, ingredient_text) values (gen_random_uuid(), '368818a0-2132-45b3-ba65-397376fb9731', 'banana');
insert into recipe_ingredients (id, recipe_id, ingredient_text) values (gen_random_uuid(), '368818a0-2132-45b3-ba65-397376fb9731', 'chia');
insert into recipe_ingredients (id, recipe_id, ingredient_text) values (gen_random_uuid(), '368818a0-2132-45b3-ba65-397376fb9731', 'canela');
insert into recipe_ingredients (id, recipe_id, ingredient_text) values (gen_random_uuid(), '368818a0-2132-45b3-ba65-397376fb9731', 'ovo');
insert into recipe_ingredients (id, recipe_id, ingredient_text) values (gen_random_uuid(), '368818a0-2132-45b3-ba65-397376fb9731', 'abobrinha');
insert into recipe_ingredients (id, recipe_id, ingredient_text) values (gen_random_uuid(), '368818a0-2132-45b3-ba65-397376fb9731', 'queijo branco');

insert into recipes (id, name, source, visibility, prep_time_min, preparation, objective, needs_review) values ('0bd5a549-32c0-4224-b5f2-2f9959a39d05', 'Overnight Oats com abobrinha', 'admin', 'public', 24, 'Misture aveia, iogurte e chia em um pote. Adicione banana picada e canela. Deixe na geladeira durante a noite e consuma gelado pela manhã. Adicione abobrinha durante o preparo para aumentar fibras e volume alimentar. Finalize ajustando os temperos naturais e sirva ainda quente.', 'Promover saciedade, praticidade, controle calórico moderado e aderência alimentar.', false);
insert into recipe_nutrition_profiles (id, recipe_id, calories, calories_kcal, protein_g, carbs_g, fats_g, fat_g) values (gen_random_uuid(), '0bd5a549-32c0-4224-b5f2-2f9959a39d05', 243, 243, 35, 28, 7, 7);
insert into recipe_ingredients (id, recipe_id, ingredient_text) values (gen_random_uuid(), '0bd5a549-32c0-4224-b5f2-2f9959a39d05', 'aveia');
insert into recipe_ingredients (id, recipe_id, ingredient_text) values (gen_random_uuid(), '0bd5a549-32c0-4224-b5f2-2f9959a39d05', 'iogurte natural');
insert into recipe_ingredients (id, recipe_id, ingredient_text) values (gen_random_uuid(), '0bd5a549-32c0-4224-b5f2-2f9959a39d05', 'banana');
insert into recipe_ingredients (id, recipe_id, ingredient_text) values (gen_random_uuid(), '0bd5a549-32c0-4224-b5f2-2f9959a39d05', 'chia');
insert into recipe_ingredients (id, recipe_id, ingredient_text) values (gen_random_uuid(), '0bd5a549-32c0-4224-b5f2-2f9959a39d05', 'canela');
insert into recipe_ingredients (id, recipe_id, ingredient_text) values (gen_random_uuid(), '0bd5a549-32c0-4224-b5f2-2f9959a39d05', 'carne magra');
insert into recipe_ingredients (id, recipe_id, ingredient_text) values (gen_random_uuid(), '0bd5a549-32c0-4224-b5f2-2f9959a39d05', 'abobrinha');
insert into recipe_ingredients (id, recipe_id, ingredient_text) values (gen_random_uuid(), '0bd5a549-32c0-4224-b5f2-2f9959a39d05', 'queijo branco');

insert into recipes (id, name, source, visibility, prep_time_min, preparation, objective, needs_review) values ('439166ac-e802-4f15-b45f-368d8a47353d', 'Overnight Oats com brócolis', 'admin', 'public', 27, 'Misture aveia, iogurte e chia em um pote. Adicione banana picada e canela. Deixe na geladeira durante a noite e consuma gelado pela manhã. Adicione brócolis durante o preparo para aumentar fibras e volume alimentar. Finalize ajustando os temperos naturais e sirva ainda quente.', 'Promover saciedade, praticidade, controle calórico moderado e aderência alimentar.', false);
insert into recipe_nutrition_profiles (id, recipe_id, calories, calories_kcal, protein_g, carbs_g, fats_g, fat_g) values (gen_random_uuid(), '439166ac-e802-4f15-b45f-368d8a47353d', 467, 467, 30, 18, 11, 11);
insert into recipe_ingredients (id, recipe_id, ingredient_text) values (gen_random_uuid(), '439166ac-e802-4f15-b45f-368d8a47353d', 'aveia');
insert into recipe_ingredients (id, recipe_id, ingredient_text) values (gen_random_uuid(), '439166ac-e802-4f15-b45f-368d8a47353d', 'iogurte natural');
insert into recipe_ingredients (id, recipe_id, ingredient_text) values (gen_random_uuid(), '439166ac-e802-4f15-b45f-368d8a47353d', 'banana');
insert into recipe_ingredients (id, recipe_id, ingredient_text) values (gen_random_uuid(), '439166ac-e802-4f15-b45f-368d8a47353d', 'chia');
insert into recipe_ingredients (id, recipe_id, ingredient_text) values (gen_random_uuid(), '439166ac-e802-4f15-b45f-368d8a47353d', 'canela');
insert into recipe_ingredients (id, recipe_id, ingredient_text) values (gen_random_uuid(), '439166ac-e802-4f15-b45f-368d8a47353d', 'atum');
insert into recipe_ingredients (id, recipe_id, ingredient_text) values (gen_random_uuid(), '439166ac-e802-4f15-b45f-368d8a47353d', 'brócolis');
insert into recipe_ingredients (id, recipe_id, ingredient_text) values (gen_random_uuid(), '439166ac-e802-4f15-b45f-368d8a47353d', 'queijo branco');

insert into recipes (id, name, source, visibility, prep_time_min, preparation, objective, needs_review) values ('7837d355-ce03-4786-ac16-8e5e2bd340b8', 'Overnight Oats com tomate', 'admin', 'public', 10, 'Misture aveia, iogurte e chia em um pote. Adicione banana picada e canela. Deixe na geladeira durante a noite e consuma gelado pela manhã. Adicione tomate durante o preparo para aumentar fibras e volume alimentar. Finalize ajustando os temperos naturais e sirva ainda quente.', 'Promover saciedade, praticidade, controle calórico moderado e aderência alimentar.', false);
insert into recipe_nutrition_profiles (id, recipe_id, calories, calories_kcal, protein_g, carbs_g, fats_g, fat_g) values (gen_random_uuid(), '7837d355-ce03-4786-ac16-8e5e2bd340b8', 384, 384, 35, 48, 9, 9);
insert into recipe_ingredients (id, recipe_id, ingredient_text) values (gen_random_uuid(), '7837d355-ce03-4786-ac16-8e5e2bd340b8', 'aveia');
insert into recipe_ingredients (id, recipe_id, ingredient_text) values (gen_random_uuid(), '7837d355-ce03-4786-ac16-8e5e2bd340b8', 'iogurte natural');
insert into recipe_ingredients (id, recipe_id, ingredient_text) values (gen_random_uuid(), '7837d355-ce03-4786-ac16-8e5e2bd340b8', 'banana');
insert into recipe_ingredients (id, recipe_id, ingredient_text) values (gen_random_uuid(), '7837d355-ce03-4786-ac16-8e5e2bd340b8', 'chia');
insert into recipe_ingredients (id, recipe_id, ingredient_text) values (gen_random_uuid(), '7837d355-ce03-4786-ac16-8e5e2bd340b8', 'canela');
insert into recipe_ingredients (id, recipe_id, ingredient_text) values (gen_random_uuid(), '7837d355-ce03-4786-ac16-8e5e2bd340b8', 'tilápia');
insert into recipe_ingredients (id, recipe_id, ingredient_text) values (gen_random_uuid(), '7837d355-ce03-4786-ac16-8e5e2bd340b8', 'tomate');
insert into recipe_ingredients (id, recipe_id, ingredient_text) values (gen_random_uuid(), '7837d355-ce03-4786-ac16-8e5e2bd340b8', 'queijo branco');

insert into recipes (id, name, source, visibility, prep_time_min, preparation, objective, needs_review) values ('3ca03374-7cd3-43fa-ae6b-a5aa62a6cc84', 'Overnight Oats com espinafre', 'admin', 'public', 24, 'Misture aveia, iogurte e chia em um pote. Adicione banana picada e canela. Deixe na geladeira durante a noite e consuma gelado pela manhã. Adicione espinafre durante o preparo para aumentar fibras e volume alimentar. Finalize ajustando os temperos naturais e sirva ainda quente.', 'Promover saciedade, praticidade, controle calórico moderado e aderência alimentar.', false);
insert into recipe_nutrition_profiles (id, recipe_id, calories, calories_kcal, protein_g, carbs_g, fats_g, fat_g) values (gen_random_uuid(), '3ca03374-7cd3-43fa-ae6b-a5aa62a6cc84', 511, 511, 15, 26, 12, 12);
insert into recipe_ingredients (id, recipe_id, ingredient_text) values (gen_random_uuid(), '3ca03374-7cd3-43fa-ae6b-a5aa62a6cc84', 'aveia');
insert into recipe_ingredients (id, recipe_id, ingredient_text) values (gen_random_uuid(), '3ca03374-7cd3-43fa-ae6b-a5aa62a6cc84', 'iogurte natural');
insert into recipe_ingredients (id, recipe_id, ingredient_text) values (gen_random_uuid(), '3ca03374-7cd3-43fa-ae6b-a5aa62a6cc84', 'banana');
insert into recipe_ingredients (id, recipe_id, ingredient_text) values (gen_random_uuid(), '3ca03374-7cd3-43fa-ae6b-a5aa62a6cc84', 'chia');
insert into recipe_ingredients (id, recipe_id, ingredient_text) values (gen_random_uuid(), '3ca03374-7cd3-43fa-ae6b-a5aa62a6cc84', 'canela');
insert into recipe_ingredients (id, recipe_id, ingredient_text) values (gen_random_uuid(), '3ca03374-7cd3-43fa-ae6b-a5aa62a6cc84', 'frango');
insert into recipe_ingredients (id, recipe_id, ingredient_text) values (gen_random_uuid(), '3ca03374-7cd3-43fa-ae6b-a5aa62a6cc84', 'espinafre');
insert into recipe_ingredients (id, recipe_id, ingredient_text) values (gen_random_uuid(), '3ca03374-7cd3-43fa-ae6b-a5aa62a6cc84', 'azeite');

insert into recipes (id, name, source, visibility, prep_time_min, preparation, objective, needs_review) values ('dea98606-9763-47b0-ab47-16c58a19e6f0', 'Omelete Proteico com espinafre', 'admin', 'public', 28, 'Bata os ovos em um recipiente. Refogue cebola e tomate em uma frigideira antiaderente com pouco azeite. Adicione o frango desfiado e depois os ovos. Cozinhe em fogo baixo até firmar e dobre ao meio. Adicione espinafre durante o preparo para aumentar fibras e volume alimentar. Finalize ajustando os temperos naturais e sirva ainda quente.', 'Promover saciedade, praticidade, controle calórico moderado e aderência alimentar.', false);
insert into recipe_nutrition_profiles (id, recipe_id, calories, calories_kcal, protein_g, carbs_g, fats_g, fat_g) values (gen_random_uuid(), 'dea98606-9763-47b0-ab47-16c58a19e6f0', 494, 494, 32, 21, 8, 8);
insert into recipe_ingredients (id, recipe_id, ingredient_text) values (gen_random_uuid(), 'dea98606-9763-47b0-ab47-16c58a19e6f0', '2 ovos');
insert into recipe_ingredients (id, recipe_id, ingredient_text) values (gen_random_uuid(), 'dea98606-9763-47b0-ab47-16c58a19e6f0', 'frango desfiado');
insert into recipe_ingredients (id, recipe_id, ingredient_text) values (gen_random_uuid(), 'dea98606-9763-47b0-ab47-16c58a19e6f0', 'tomate');
insert into recipe_ingredients (id, recipe_id, ingredient_text) values (gen_random_uuid(), 'dea98606-9763-47b0-ab47-16c58a19e6f0', 'cebola');
insert into recipe_ingredients (id, recipe_id, ingredient_text) values (gen_random_uuid(), 'dea98606-9763-47b0-ab47-16c58a19e6f0', 'azeite');
insert into recipe_ingredients (id, recipe_id, ingredient_text) values (gen_random_uuid(), 'dea98606-9763-47b0-ab47-16c58a19e6f0', 'atum');
insert into recipe_ingredients (id, recipe_id, ingredient_text) values (gen_random_uuid(), 'dea98606-9763-47b0-ab47-16c58a19e6f0', 'espinafre');
insert into recipe_ingredients (id, recipe_id, ingredient_text) values (gen_random_uuid(), 'dea98606-9763-47b0-ab47-16c58a19e6f0', 'azeite');

insert into recipes (id, name, source, visibility, prep_time_min, preparation, objective, needs_review) values ('a42d6365-56fa-4fc3-b954-ee2624417491', 'Overnight Oats com tomate', 'admin', 'public', 9, 'Misture aveia, iogurte e chia em um pote. Adicione banana picada e canela. Deixe na geladeira durante a noite e consuma gelado pela manhã. Adicione tomate durante o preparo para aumentar fibras e volume alimentar. Finalize ajustando os temperos naturais e sirva ainda quente.', 'Promover saciedade, praticidade, controle calórico moderado e aderência alimentar.', false);
insert into recipe_nutrition_profiles (id, recipe_id, calories, calories_kcal, protein_g, carbs_g, fats_g, fat_g) values (gen_random_uuid(), 'a42d6365-56fa-4fc3-b954-ee2624417491', 415, 415, 26, 46, 11, 11);
insert into recipe_ingredients (id, recipe_id, ingredient_text) values (gen_random_uuid(), 'a42d6365-56fa-4fc3-b954-ee2624417491', 'aveia');
insert into recipe_ingredients (id, recipe_id, ingredient_text) values (gen_random_uuid(), 'a42d6365-56fa-4fc3-b954-ee2624417491', 'iogurte natural');
insert into recipe_ingredients (id, recipe_id, ingredient_text) values (gen_random_uuid(), 'a42d6365-56fa-4fc3-b954-ee2624417491', 'banana');
insert into recipe_ingredients (id, recipe_id, ingredient_text) values (gen_random_uuid(), 'a42d6365-56fa-4fc3-b954-ee2624417491', 'chia');
insert into recipe_ingredients (id, recipe_id, ingredient_text) values (gen_random_uuid(), 'a42d6365-56fa-4fc3-b954-ee2624417491', 'canela');
insert into recipe_ingredients (id, recipe_id, ingredient_text) values (gen_random_uuid(), 'a42d6365-56fa-4fc3-b954-ee2624417491', 'frango');
insert into recipe_ingredients (id, recipe_id, ingredient_text) values (gen_random_uuid(), 'a42d6365-56fa-4fc3-b954-ee2624417491', 'tomate');
insert into recipe_ingredients (id, recipe_id, ingredient_text) values (gen_random_uuid(), 'a42d6365-56fa-4fc3-b954-ee2624417491', 'azeite');

insert into recipes (id, name, source, visibility, prep_time_min, preparation, objective, needs_review) values ('7cde04ad-2d18-4b51-9b08-20ee850d6b36', 'Omelete Proteico com espinafre', 'admin', 'public', 22, 'Bata os ovos em um recipiente. Refogue cebola e tomate em uma frigideira antiaderente com pouco azeite. Adicione o frango desfiado e depois os ovos. Cozinhe em fogo baixo até firmar e dobre ao meio. Adicione espinafre durante o preparo para aumentar fibras e volume alimentar. Finalize ajustando os temperos naturais e sirva ainda quente.', 'Promover saciedade, praticidade, controle calórico moderado e aderência alimentar.', false);
insert into recipe_nutrition_profiles (id, recipe_id, calories, calories_kcal, protein_g, carbs_g, fats_g, fat_g) values (gen_random_uuid(), '7cde04ad-2d18-4b51-9b08-20ee850d6b36', 467, 467, 13, 46, 9, 9);
insert into recipe_ingredients (id, recipe_id, ingredient_text) values (gen_random_uuid(), '7cde04ad-2d18-4b51-9b08-20ee850d6b36', '2 ovos');
insert into recipe_ingredients (id, recipe_id, ingredient_text) values (gen_random_uuid(), '7cde04ad-2d18-4b51-9b08-20ee850d6b36', 'frango desfiado');
insert into recipe_ingredients (id, recipe_id, ingredient_text) values (gen_random_uuid(), '7cde04ad-2d18-4b51-9b08-20ee850d6b36', 'tomate');
insert into recipe_ingredients (id, recipe_id, ingredient_text) values (gen_random_uuid(), '7cde04ad-2d18-4b51-9b08-20ee850d6b36', 'cebola');
insert into recipe_ingredients (id, recipe_id, ingredient_text) values (gen_random_uuid(), '7cde04ad-2d18-4b51-9b08-20ee850d6b36', 'azeite');
insert into recipe_ingredients (id, recipe_id, ingredient_text) values (gen_random_uuid(), '7cde04ad-2d18-4b51-9b08-20ee850d6b36', 'tilápia');
insert into recipe_ingredients (id, recipe_id, ingredient_text) values (gen_random_uuid(), '7cde04ad-2d18-4b51-9b08-20ee850d6b36', 'espinafre');
insert into recipe_ingredients (id, recipe_id, ingredient_text) values (gen_random_uuid(), '7cde04ad-2d18-4b51-9b08-20ee850d6b36', 'queijo branco');

insert into recipes (id, name, source, visibility, prep_time_min, preparation, objective, needs_review) values ('c1183cb4-32de-4a47-b68d-d644fc163fd8', 'Omelete Proteico com brócolis', 'admin', 'public', 22, 'Bata os ovos em um recipiente. Refogue cebola e tomate em uma frigideira antiaderente com pouco azeite. Adicione o frango desfiado e depois os ovos. Cozinhe em fogo baixo até firmar e dobre ao meio. Adicione brócolis durante o preparo para aumentar fibras e volume alimentar. Finalize ajustando os temperos naturais e sirva ainda quente.', 'Promover saciedade, praticidade, controle calórico moderado e aderência alimentar.', false);
insert into recipe_nutrition_profiles (id, recipe_id, calories, calories_kcal, protein_g, carbs_g, fats_g, fat_g) values (gen_random_uuid(), 'c1183cb4-32de-4a47-b68d-d644fc163fd8', 385, 385, 12, 48, 12, 12);
insert into recipe_ingredients (id, recipe_id, ingredient_text) values (gen_random_uuid(), 'c1183cb4-32de-4a47-b68d-d644fc163fd8', '2 ovos');
insert into recipe_ingredients (id, recipe_id, ingredient_text) values (gen_random_uuid(), 'c1183cb4-32de-4a47-b68d-d644fc163fd8', 'frango desfiado');
insert into recipe_ingredients (id, recipe_id, ingredient_text) values (gen_random_uuid(), 'c1183cb4-32de-4a47-b68d-d644fc163fd8', 'tomate');
insert into recipe_ingredients (id, recipe_id, ingredient_text) values (gen_random_uuid(), 'c1183cb4-32de-4a47-b68d-d644fc163fd8', 'cebola');
insert into recipe_ingredients (id, recipe_id, ingredient_text) values (gen_random_uuid(), 'c1183cb4-32de-4a47-b68d-d644fc163fd8', 'azeite');
insert into recipe_ingredients (id, recipe_id, ingredient_text) values (gen_random_uuid(), 'c1183cb4-32de-4a47-b68d-d644fc163fd8', 'tilápia');
insert into recipe_ingredients (id, recipe_id, ingredient_text) values (gen_random_uuid(), 'c1183cb4-32de-4a47-b68d-d644fc163fd8', 'brócolis');
insert into recipe_ingredients (id, recipe_id, ingredient_text) values (gen_random_uuid(), 'c1183cb4-32de-4a47-b68d-d644fc163fd8', 'aveia');

insert into recipes (id, name, source, visibility, prep_time_min, preparation, objective, needs_review) values ('eda5b6dc-2aa2-4ccf-938d-1870ef14e44c', 'Omelete Proteico com espinafre', 'admin', 'public', 35, 'Bata os ovos em um recipiente. Refogue cebola e tomate em uma frigideira antiaderente com pouco azeite. Adicione o frango desfiado e depois os ovos. Cozinhe em fogo baixo até firmar e dobre ao meio. Adicione espinafre durante o preparo para aumentar fibras e volume alimentar. Finalize ajustando os temperos naturais e sirva ainda quente.', 'Promover saciedade, praticidade, controle calórico moderado e aderência alimentar.', false);
insert into recipe_nutrition_profiles (id, recipe_id, calories, calories_kcal, protein_g, carbs_g, fats_g, fat_g) values (gen_random_uuid(), 'eda5b6dc-2aa2-4ccf-938d-1870ef14e44c', 439, 439, 30, 19, 10, 10);
insert into recipe_ingredients (id, recipe_id, ingredient_text) values (gen_random_uuid(), 'eda5b6dc-2aa2-4ccf-938d-1870ef14e44c', '2 ovos');
insert into recipe_ingredients (id, recipe_id, ingredient_text) values (gen_random_uuid(), 'eda5b6dc-2aa2-4ccf-938d-1870ef14e44c', 'frango desfiado');
insert into recipe_ingredients (id, recipe_id, ingredient_text) values (gen_random_uuid(), 'eda5b6dc-2aa2-4ccf-938d-1870ef14e44c', 'tomate');
insert into recipe_ingredients (id, recipe_id, ingredient_text) values (gen_random_uuid(), 'eda5b6dc-2aa2-4ccf-938d-1870ef14e44c', 'cebola');
insert into recipe_ingredients (id, recipe_id, ingredient_text) values (gen_random_uuid(), 'eda5b6dc-2aa2-4ccf-938d-1870ef14e44c', 'azeite');
insert into recipe_ingredients (id, recipe_id, ingredient_text) values (gen_random_uuid(), 'eda5b6dc-2aa2-4ccf-938d-1870ef14e44c', 'ovo');
insert into recipe_ingredients (id, recipe_id, ingredient_text) values (gen_random_uuid(), 'eda5b6dc-2aa2-4ccf-938d-1870ef14e44c', 'espinafre');
insert into recipe_ingredients (id, recipe_id, ingredient_text) values (gen_random_uuid(), 'eda5b6dc-2aa2-4ccf-938d-1870ef14e44c', 'azeite');

insert into recipes (id, name, source, visibility, prep_time_min, preparation, objective, needs_review) values ('296f1726-ea16-4327-96a6-5874e2cf26e6', 'Omelete Proteico com brócolis', 'admin', 'public', 5, 'Bata os ovos em um recipiente. Refogue cebola e tomate em uma frigideira antiaderente com pouco azeite. Adicione o frango desfiado e depois os ovos. Cozinhe em fogo baixo até firmar e dobre ao meio. Adicione brócolis durante o preparo para aumentar fibras e volume alimentar. Finalize ajustando os temperos naturais e sirva ainda quente.', 'Promover saciedade, praticidade, controle calórico moderado e aderência alimentar.', false);
insert into recipe_nutrition_profiles (id, recipe_id, calories, calories_kcal, protein_g, carbs_g, fats_g, fat_g) values (gen_random_uuid(), '296f1726-ea16-4327-96a6-5874e2cf26e6', 242, 242, 30, 50, 16, 16);
insert into recipe_ingredients (id, recipe_id, ingredient_text) values (gen_random_uuid(), '296f1726-ea16-4327-96a6-5874e2cf26e6', '2 ovos');
insert into recipe_ingredients (id, recipe_id, ingredient_text) values (gen_random_uuid(), '296f1726-ea16-4327-96a6-5874e2cf26e6', 'frango desfiado');
insert into recipe_ingredients (id, recipe_id, ingredient_text) values (gen_random_uuid(), '296f1726-ea16-4327-96a6-5874e2cf26e6', 'tomate');
insert into recipe_ingredients (id, recipe_id, ingredient_text) values (gen_random_uuid(), '296f1726-ea16-4327-96a6-5874e2cf26e6', 'cebola');
insert into recipe_ingredients (id, recipe_id, ingredient_text) values (gen_random_uuid(), '296f1726-ea16-4327-96a6-5874e2cf26e6', 'azeite');
insert into recipe_ingredients (id, recipe_id, ingredient_text) values (gen_random_uuid(), '296f1726-ea16-4327-96a6-5874e2cf26e6', 'tilápia');
insert into recipe_ingredients (id, recipe_id, ingredient_text) values (gen_random_uuid(), '296f1726-ea16-4327-96a6-5874e2cf26e6', 'brócolis');
insert into recipe_ingredients (id, recipe_id, ingredient_text) values (gen_random_uuid(), '296f1726-ea16-4327-96a6-5874e2cf26e6', 'iogurte natural');

insert into recipes (id, name, source, visibility, prep_time_min, preparation, objective, needs_review) values ('e891b915-a198-47db-a269-f1603e0c11ab', 'Overnight Oats com tomate', 'admin', 'public', 20, 'Misture aveia, iogurte e chia em um pote. Adicione banana picada e canela. Deixe na geladeira durante a noite e consuma gelado pela manhã. Adicione tomate durante o preparo para aumentar fibras e volume alimentar. Finalize ajustando os temperos naturais e sirva ainda quente.', 'Promover saciedade, praticidade, controle calórico moderado e aderência alimentar.', false);
insert into recipe_nutrition_profiles (id, recipe_id, calories, calories_kcal, protein_g, carbs_g, fats_g, fat_g) values (gen_random_uuid(), 'e891b915-a198-47db-a269-f1603e0c11ab', 549, 549, 25, 26, 10, 10);
insert into recipe_ingredients (id, recipe_id, ingredient_text) values (gen_random_uuid(), 'e891b915-a198-47db-a269-f1603e0c11ab', 'aveia');
insert into recipe_ingredients (id, recipe_id, ingredient_text) values (gen_random_uuid(), 'e891b915-a198-47db-a269-f1603e0c11ab', 'iogurte natural');
insert into recipe_ingredients (id, recipe_id, ingredient_text) values (gen_random_uuid(), 'e891b915-a198-47db-a269-f1603e0c11ab', 'banana');
insert into recipe_ingredients (id, recipe_id, ingredient_text) values (gen_random_uuid(), 'e891b915-a198-47db-a269-f1603e0c11ab', 'chia');
insert into recipe_ingredients (id, recipe_id, ingredient_text) values (gen_random_uuid(), 'e891b915-a198-47db-a269-f1603e0c11ab', 'canela');
insert into recipe_ingredients (id, recipe_id, ingredient_text) values (gen_random_uuid(), 'e891b915-a198-47db-a269-f1603e0c11ab', 'atum');
insert into recipe_ingredients (id, recipe_id, ingredient_text) values (gen_random_uuid(), 'e891b915-a198-47db-a269-f1603e0c11ab', 'tomate');
insert into recipe_ingredients (id, recipe_id, ingredient_text) values (gen_random_uuid(), 'e891b915-a198-47db-a269-f1603e0c11ab', 'iogurte natural');

insert into recipes (id, name, source, visibility, prep_time_min, preparation, objective, needs_review) values ('5f1d46ac-11f1-4dac-8c0b-a7d5c8a0d4ca', 'Omelete Proteico com espinafre', 'admin', 'public', 29, 'Bata os ovos em um recipiente. Refogue cebola e tomate em uma frigideira antiaderente com pouco azeite. Adicione o frango desfiado e depois os ovos. Cozinhe em fogo baixo até firmar e dobre ao meio. Adicione espinafre durante o preparo para aumentar fibras e volume alimentar. Finalize ajustando os temperos naturais e sirva ainda quente.', 'Promover saciedade, praticidade, controle calórico moderado e aderência alimentar.', false);
insert into recipe_nutrition_profiles (id, recipe_id, calories, calories_kcal, protein_g, carbs_g, fats_g, fat_g) values (gen_random_uuid(), '5f1d46ac-11f1-4dac-8c0b-a7d5c8a0d4ca', 498, 498, 33, 39, 18, 18);
insert into recipe_ingredients (id, recipe_id, ingredient_text) values (gen_random_uuid(), '5f1d46ac-11f1-4dac-8c0b-a7d5c8a0d4ca', '2 ovos');
insert into recipe_ingredients (id, recipe_id, ingredient_text) values (gen_random_uuid(), '5f1d46ac-11f1-4dac-8c0b-a7d5c8a0d4ca', 'frango desfiado');
insert into recipe_ingredients (id, recipe_id, ingredient_text) values (gen_random_uuid(), '5f1d46ac-11f1-4dac-8c0b-a7d5c8a0d4ca', 'tomate');
insert into recipe_ingredients (id, recipe_id, ingredient_text) values (gen_random_uuid(), '5f1d46ac-11f1-4dac-8c0b-a7d5c8a0d4ca', 'cebola');
insert into recipe_ingredients (id, recipe_id, ingredient_text) values (gen_random_uuid(), '5f1d46ac-11f1-4dac-8c0b-a7d5c8a0d4ca', 'azeite');
insert into recipe_ingredients (id, recipe_id, ingredient_text) values (gen_random_uuid(), '5f1d46ac-11f1-4dac-8c0b-a7d5c8a0d4ca', 'atum');
insert into recipe_ingredients (id, recipe_id, ingredient_text) values (gen_random_uuid(), '5f1d46ac-11f1-4dac-8c0b-a7d5c8a0d4ca', 'espinafre');
insert into recipe_ingredients (id, recipe_id, ingredient_text) values (gen_random_uuid(), '5f1d46ac-11f1-4dac-8c0b-a7d5c8a0d4ca', 'azeite');

insert into recipes (id, name, source, visibility, prep_time_min, preparation, objective, needs_review) values ('60d33778-e606-4bf9-9d97-4304068e64b5', 'Overnight Oats com abobrinha', 'admin', 'public', 15, 'Misture aveia, iogurte e chia em um pote. Adicione banana picada e canela. Deixe na geladeira durante a noite e consuma gelado pela manhã. Adicione abobrinha durante o preparo para aumentar fibras e volume alimentar. Finalize ajustando os temperos naturais e sirva ainda quente.', 'Promover saciedade, praticidade, controle calórico moderado e aderência alimentar.', false);
insert into recipe_nutrition_profiles (id, recipe_id, calories, calories_kcal, protein_g, carbs_g, fats_g, fat_g) values (gen_random_uuid(), '60d33778-e606-4bf9-9d97-4304068e64b5', 329, 329, 24, 36, 17, 17);
insert into recipe_ingredients (id, recipe_id, ingredient_text) values (gen_random_uuid(), '60d33778-e606-4bf9-9d97-4304068e64b5', 'aveia');
insert into recipe_ingredients (id, recipe_id, ingredient_text) values (gen_random_uuid(), '60d33778-e606-4bf9-9d97-4304068e64b5', 'iogurte natural');
insert into recipe_ingredients (id, recipe_id, ingredient_text) values (gen_random_uuid(), '60d33778-e606-4bf9-9d97-4304068e64b5', 'banana');
insert into recipe_ingredients (id, recipe_id, ingredient_text) values (gen_random_uuid(), '60d33778-e606-4bf9-9d97-4304068e64b5', 'chia');
insert into recipe_ingredients (id, recipe_id, ingredient_text) values (gen_random_uuid(), '60d33778-e606-4bf9-9d97-4304068e64b5', 'canela');
insert into recipe_ingredients (id, recipe_id, ingredient_text) values (gen_random_uuid(), '60d33778-e606-4bf9-9d97-4304068e64b5', 'tilápia');
insert into recipe_ingredients (id, recipe_id, ingredient_text) values (gen_random_uuid(), '60d33778-e606-4bf9-9d97-4304068e64b5', 'abobrinha');
insert into recipe_ingredients (id, recipe_id, ingredient_text) values (gen_random_uuid(), '60d33778-e606-4bf9-9d97-4304068e64b5', 'azeite');

insert into recipes (id, name, source, visibility, prep_time_min, preparation, objective, needs_review) values ('571d27ab-77ae-4a48-9a27-29ad8243dd1d', 'Overnight Oats com abobrinha', 'admin', 'public', 11, 'Misture aveia, iogurte e chia em um pote. Adicione banana picada e canela. Deixe na geladeira durante a noite e consuma gelado pela manhã. Adicione abobrinha durante o preparo para aumentar fibras e volume alimentar. Finalize ajustando os temperos naturais e sirva ainda quente.', 'Promover saciedade, praticidade, controle calórico moderado e aderência alimentar.', false);
insert into recipe_nutrition_profiles (id, recipe_id, calories, calories_kcal, protein_g, carbs_g, fats_g, fat_g) values (gen_random_uuid(), '571d27ab-77ae-4a48-9a27-29ad8243dd1d', 431, 431, 27, 40, 18, 18);
insert into recipe_ingredients (id, recipe_id, ingredient_text) values (gen_random_uuid(), '571d27ab-77ae-4a48-9a27-29ad8243dd1d', 'aveia');
insert into recipe_ingredients (id, recipe_id, ingredient_text) values (gen_random_uuid(), '571d27ab-77ae-4a48-9a27-29ad8243dd1d', 'iogurte natural');
insert into recipe_ingredients (id, recipe_id, ingredient_text) values (gen_random_uuid(), '571d27ab-77ae-4a48-9a27-29ad8243dd1d', 'banana');
insert into recipe_ingredients (id, recipe_id, ingredient_text) values (gen_random_uuid(), '571d27ab-77ae-4a48-9a27-29ad8243dd1d', 'chia');
insert into recipe_ingredients (id, recipe_id, ingredient_text) values (gen_random_uuid(), '571d27ab-77ae-4a48-9a27-29ad8243dd1d', 'canela');
insert into recipe_ingredients (id, recipe_id, ingredient_text) values (gen_random_uuid(), '571d27ab-77ae-4a48-9a27-29ad8243dd1d', 'ovo');
insert into recipe_ingredients (id, recipe_id, ingredient_text) values (gen_random_uuid(), '571d27ab-77ae-4a48-9a27-29ad8243dd1d', 'abobrinha');
insert into recipe_ingredients (id, recipe_id, ingredient_text) values (gen_random_uuid(), '571d27ab-77ae-4a48-9a27-29ad8243dd1d', 'iogurte natural');

insert into recipes (id, name, source, visibility, prep_time_min, preparation, objective, needs_review) values ('52367c9f-519a-483e-8f74-b75a194cb255', 'Overnight Oats com cenoura', 'admin', 'public', 26, 'Misture aveia, iogurte e chia em um pote. Adicione banana picada e canela. Deixe na geladeira durante a noite e consuma gelado pela manhã. Adicione cenoura durante o preparo para aumentar fibras e volume alimentar. Finalize ajustando os temperos naturais e sirva ainda quente.', 'Promover saciedade, praticidade, controle calórico moderado e aderência alimentar.', false);
insert into recipe_nutrition_profiles (id, recipe_id, calories, calories_kcal, protein_g, carbs_g, fats_g, fat_g) values (gen_random_uuid(), '52367c9f-519a-483e-8f74-b75a194cb255', 377, 377, 16, 50, 11, 11);
insert into recipe_ingredients (id, recipe_id, ingredient_text) values (gen_random_uuid(), '52367c9f-519a-483e-8f74-b75a194cb255', 'aveia');
insert into recipe_ingredients (id, recipe_id, ingredient_text) values (gen_random_uuid(), '52367c9f-519a-483e-8f74-b75a194cb255', 'iogurte natural');
insert into recipe_ingredients (id, recipe_id, ingredient_text) values (gen_random_uuid(), '52367c9f-519a-483e-8f74-b75a194cb255', 'banana');
insert into recipe_ingredients (id, recipe_id, ingredient_text) values (gen_random_uuid(), '52367c9f-519a-483e-8f74-b75a194cb255', 'chia');
insert into recipe_ingredients (id, recipe_id, ingredient_text) values (gen_random_uuid(), '52367c9f-519a-483e-8f74-b75a194cb255', 'canela');
insert into recipe_ingredients (id, recipe_id, ingredient_text) values (gen_random_uuid(), '52367c9f-519a-483e-8f74-b75a194cb255', 'atum');
insert into recipe_ingredients (id, recipe_id, ingredient_text) values (gen_random_uuid(), '52367c9f-519a-483e-8f74-b75a194cb255', 'cenoura');
insert into recipe_ingredients (id, recipe_id, ingredient_text) values (gen_random_uuid(), '52367c9f-519a-483e-8f74-b75a194cb255', 'chia');

insert into recipes (id, name, source, visibility, prep_time_min, preparation, objective, needs_review) values ('603a8c48-7a38-43b6-a51b-b14b62b52779', 'Omelete Proteico com cenoura', 'admin', 'public', 10, 'Bata os ovos em um recipiente. Refogue cebola e tomate em uma frigideira antiaderente com pouco azeite. Adicione o frango desfiado e depois os ovos. Cozinhe em fogo baixo até firmar e dobre ao meio. Adicione cenoura durante o preparo para aumentar fibras e volume alimentar. Finalize ajustando os temperos naturais e sirva ainda quente.', 'Promover saciedade, praticidade, controle calórico moderado e aderência alimentar.', false);
insert into recipe_nutrition_profiles (id, recipe_id, calories, calories_kcal, protein_g, carbs_g, fats_g, fat_g) values (gen_random_uuid(), '603a8c48-7a38-43b6-a51b-b14b62b52779', 297, 297, 13, 48, 6, 6);
insert into recipe_ingredients (id, recipe_id, ingredient_text) values (gen_random_uuid(), '603a8c48-7a38-43b6-a51b-b14b62b52779', '2 ovos');
insert into recipe_ingredients (id, recipe_id, ingredient_text) values (gen_random_uuid(), '603a8c48-7a38-43b6-a51b-b14b62b52779', 'frango desfiado');
insert into recipe_ingredients (id, recipe_id, ingredient_text) values (gen_random_uuid(), '603a8c48-7a38-43b6-a51b-b14b62b52779', 'tomate');
insert into recipe_ingredients (id, recipe_id, ingredient_text) values (gen_random_uuid(), '603a8c48-7a38-43b6-a51b-b14b62b52779', 'cebola');
insert into recipe_ingredients (id, recipe_id, ingredient_text) values (gen_random_uuid(), '603a8c48-7a38-43b6-a51b-b14b62b52779', 'azeite');
insert into recipe_ingredients (id, recipe_id, ingredient_text) values (gen_random_uuid(), '603a8c48-7a38-43b6-a51b-b14b62b52779', 'atum');
insert into recipe_ingredients (id, recipe_id, ingredient_text) values (gen_random_uuid(), '603a8c48-7a38-43b6-a51b-b14b62b52779', 'cenoura');
insert into recipe_ingredients (id, recipe_id, ingredient_text) values (gen_random_uuid(), '603a8c48-7a38-43b6-a51b-b14b62b52779', 'queijo branco');

insert into recipes (id, name, source, visibility, prep_time_min, preparation, objective, needs_review) values ('267984e1-88e5-4c14-a9cf-fab82b134be5', 'Overnight Oats com espinafre', 'admin', 'public', 30, 'Misture aveia, iogurte e chia em um pote. Adicione banana picada e canela. Deixe na geladeira durante a noite e consuma gelado pela manhã. Adicione espinafre durante o preparo para aumentar fibras e volume alimentar. Finalize ajustando os temperos naturais e sirva ainda quente.', 'Promover saciedade, praticidade, controle calórico moderado e aderência alimentar.', false);
insert into recipe_nutrition_profiles (id, recipe_id, calories, calories_kcal, protein_g, carbs_g, fats_g, fat_g) values (gen_random_uuid(), '267984e1-88e5-4c14-a9cf-fab82b134be5', 279, 279, 27, 27, 6, 6);
insert into recipe_ingredients (id, recipe_id, ingredient_text) values (gen_random_uuid(), '267984e1-88e5-4c14-a9cf-fab82b134be5', 'aveia');
insert into recipe_ingredients (id, recipe_id, ingredient_text) values (gen_random_uuid(), '267984e1-88e5-4c14-a9cf-fab82b134be5', 'iogurte natural');
insert into recipe_ingredients (id, recipe_id, ingredient_text) values (gen_random_uuid(), '267984e1-88e5-4c14-a9cf-fab82b134be5', 'banana');
insert into recipe_ingredients (id, recipe_id, ingredient_text) values (gen_random_uuid(), '267984e1-88e5-4c14-a9cf-fab82b134be5', 'chia');
insert into recipe_ingredients (id, recipe_id, ingredient_text) values (gen_random_uuid(), '267984e1-88e5-4c14-a9cf-fab82b134be5', 'canela');
insert into recipe_ingredients (id, recipe_id, ingredient_text) values (gen_random_uuid(), '267984e1-88e5-4c14-a9cf-fab82b134be5', 'ovo');
insert into recipe_ingredients (id, recipe_id, ingredient_text) values (gen_random_uuid(), '267984e1-88e5-4c14-a9cf-fab82b134be5', 'espinafre');
insert into recipe_ingredients (id, recipe_id, ingredient_text) values (gen_random_uuid(), '267984e1-88e5-4c14-a9cf-fab82b134be5', 'queijo branco');

insert into recipes (id, name, source, visibility, prep_time_min, preparation, objective, needs_review) values ('d6fbabce-eeda-4dbc-ba49-1d39b9b3f2e9', 'Omelete Proteico com espinafre', 'admin', 'public', 30, 'Bata os ovos em um recipiente. Refogue cebola e tomate em uma frigideira antiaderente com pouco azeite. Adicione o frango desfiado e depois os ovos. Cozinhe em fogo baixo até firmar e dobre ao meio. Adicione espinafre durante o preparo para aumentar fibras e volume alimentar. Finalize ajustando os temperos naturais e sirva ainda quente.', 'Promover saciedade, praticidade, controle calórico moderado e aderência alimentar.', false);
insert into recipe_nutrition_profiles (id, recipe_id, calories, calories_kcal, protein_g, carbs_g, fats_g, fat_g) values (gen_random_uuid(), 'd6fbabce-eeda-4dbc-ba49-1d39b9b3f2e9', 221, 221, 18, 37, 11, 11);
insert into recipe_ingredients (id, recipe_id, ingredient_text) values (gen_random_uuid(), 'd6fbabce-eeda-4dbc-ba49-1d39b9b3f2e9', '2 ovos');
insert into recipe_ingredients (id, recipe_id, ingredient_text) values (gen_random_uuid(), 'd6fbabce-eeda-4dbc-ba49-1d39b9b3f2e9', 'frango desfiado');
insert into recipe_ingredients (id, recipe_id, ingredient_text) values (gen_random_uuid(), 'd6fbabce-eeda-4dbc-ba49-1d39b9b3f2e9', 'tomate');
insert into recipe_ingredients (id, recipe_id, ingredient_text) values (gen_random_uuid(), 'd6fbabce-eeda-4dbc-ba49-1d39b9b3f2e9', 'cebola');
insert into recipe_ingredients (id, recipe_id, ingredient_text) values (gen_random_uuid(), 'd6fbabce-eeda-4dbc-ba49-1d39b9b3f2e9', 'azeite');
insert into recipe_ingredients (id, recipe_id, ingredient_text) values (gen_random_uuid(), 'd6fbabce-eeda-4dbc-ba49-1d39b9b3f2e9', 'tilápia');
insert into recipe_ingredients (id, recipe_id, ingredient_text) values (gen_random_uuid(), 'd6fbabce-eeda-4dbc-ba49-1d39b9b3f2e9', 'espinafre');
insert into recipe_ingredients (id, recipe_id, ingredient_text) values (gen_random_uuid(), 'd6fbabce-eeda-4dbc-ba49-1d39b9b3f2e9', 'chia');

insert into recipes (id, name, source, visibility, prep_time_min, preparation, objective, needs_review) values ('0be3dbd7-2dfd-45f3-a27f-6f20e4607e6c', 'Omelete Proteico com brócolis', 'admin', 'public', 15, 'Bata os ovos em um recipiente. Refogue cebola e tomate em uma frigideira antiaderente com pouco azeite. Adicione o frango desfiado e depois os ovos. Cozinhe em fogo baixo até firmar e dobre ao meio. Adicione brócolis durante o preparo para aumentar fibras e volume alimentar. Finalize ajustando os temperos naturais e sirva ainda quente.', 'Promover saciedade, praticidade, controle calórico moderado e aderência alimentar.', false);
insert into recipe_nutrition_profiles (id, recipe_id, calories, calories_kcal, protein_g, carbs_g, fats_g, fat_g) values (gen_random_uuid(), '0be3dbd7-2dfd-45f3-a27f-6f20e4607e6c', 419, 419, 24, 18, 17, 17);
insert into recipe_ingredients (id, recipe_id, ingredient_text) values (gen_random_uuid(), '0be3dbd7-2dfd-45f3-a27f-6f20e4607e6c', '2 ovos');
insert into recipe_ingredients (id, recipe_id, ingredient_text) values (gen_random_uuid(), '0be3dbd7-2dfd-45f3-a27f-6f20e4607e6c', 'frango desfiado');
insert into recipe_ingredients (id, recipe_id, ingredient_text) values (gen_random_uuid(), '0be3dbd7-2dfd-45f3-a27f-6f20e4607e6c', 'tomate');
insert into recipe_ingredients (id, recipe_id, ingredient_text) values (gen_random_uuid(), '0be3dbd7-2dfd-45f3-a27f-6f20e4607e6c', 'cebola');
insert into recipe_ingredients (id, recipe_id, ingredient_text) values (gen_random_uuid(), '0be3dbd7-2dfd-45f3-a27f-6f20e4607e6c', 'azeite');
insert into recipe_ingredients (id, recipe_id, ingredient_text) values (gen_random_uuid(), '0be3dbd7-2dfd-45f3-a27f-6f20e4607e6c', 'tilápia');
insert into recipe_ingredients (id, recipe_id, ingredient_text) values (gen_random_uuid(), '0be3dbd7-2dfd-45f3-a27f-6f20e4607e6c', 'brócolis');
insert into recipe_ingredients (id, recipe_id, ingredient_text) values (gen_random_uuid(), '0be3dbd7-2dfd-45f3-a27f-6f20e4607e6c', 'aveia');

insert into recipes (id, name, source, visibility, prep_time_min, preparation, objective, needs_review) values ('359f2f91-fac4-4d8d-ae85-8263b1c47a01', 'Overnight Oats com abobrinha', 'admin', 'public', 12, 'Misture aveia, iogurte e chia em um pote. Adicione banana picada e canela. Deixe na geladeira durante a noite e consuma gelado pela manhã. Adicione abobrinha durante o preparo para aumentar fibras e volume alimentar. Finalize ajustando os temperos naturais e sirva ainda quente.', 'Promover saciedade, praticidade, controle calórico moderado e aderência alimentar.', false);
insert into recipe_nutrition_profiles (id, recipe_id, calories, calories_kcal, protein_g, carbs_g, fats_g, fat_g) values (gen_random_uuid(), '359f2f91-fac4-4d8d-ae85-8263b1c47a01', 232, 232, 31, 17, 7, 7);
insert into recipe_ingredients (id, recipe_id, ingredient_text) values (gen_random_uuid(), '359f2f91-fac4-4d8d-ae85-8263b1c47a01', 'aveia');
insert into recipe_ingredients (id, recipe_id, ingredient_text) values (gen_random_uuid(), '359f2f91-fac4-4d8d-ae85-8263b1c47a01', 'iogurte natural');
insert into recipe_ingredients (id, recipe_id, ingredient_text) values (gen_random_uuid(), '359f2f91-fac4-4d8d-ae85-8263b1c47a01', 'banana');
insert into recipe_ingredients (id, recipe_id, ingredient_text) values (gen_random_uuid(), '359f2f91-fac4-4d8d-ae85-8263b1c47a01', 'chia');
insert into recipe_ingredients (id, recipe_id, ingredient_text) values (gen_random_uuid(), '359f2f91-fac4-4d8d-ae85-8263b1c47a01', 'canela');
insert into recipe_ingredients (id, recipe_id, ingredient_text) values (gen_random_uuid(), '359f2f91-fac4-4d8d-ae85-8263b1c47a01', 'frango');
insert into recipe_ingredients (id, recipe_id, ingredient_text) values (gen_random_uuid(), '359f2f91-fac4-4d8d-ae85-8263b1c47a01', 'abobrinha');
insert into recipe_ingredients (id, recipe_id, ingredient_text) values (gen_random_uuid(), '359f2f91-fac4-4d8d-ae85-8263b1c47a01', 'aveia');

insert into recipes (id, name, source, visibility, prep_time_min, preparation, objective, needs_review) values ('7e246eb6-b951-4b8e-88a6-a48d5cbb4e31', 'Overnight Oats com abobrinha', 'admin', 'public', 12, 'Misture aveia, iogurte e chia em um pote. Adicione banana picada e canela. Deixe na geladeira durante a noite e consuma gelado pela manhã. Adicione abobrinha durante o preparo para aumentar fibras e volume alimentar. Finalize ajustando os temperos naturais e sirva ainda quente.', 'Promover saciedade, praticidade, controle calórico moderado e aderência alimentar.', false);
insert into recipe_nutrition_profiles (id, recipe_id, calories, calories_kcal, protein_g, carbs_g, fats_g, fat_g) values (gen_random_uuid(), '7e246eb6-b951-4b8e-88a6-a48d5cbb4e31', 502, 502, 21, 29, 17, 17);
insert into recipe_ingredients (id, recipe_id, ingredient_text) values (gen_random_uuid(), '7e246eb6-b951-4b8e-88a6-a48d5cbb4e31', 'aveia');
insert into recipe_ingredients (id, recipe_id, ingredient_text) values (gen_random_uuid(), '7e246eb6-b951-4b8e-88a6-a48d5cbb4e31', 'iogurte natural');
insert into recipe_ingredients (id, recipe_id, ingredient_text) values (gen_random_uuid(), '7e246eb6-b951-4b8e-88a6-a48d5cbb4e31', 'banana');
insert into recipe_ingredients (id, recipe_id, ingredient_text) values (gen_random_uuid(), '7e246eb6-b951-4b8e-88a6-a48d5cbb4e31', 'chia');
insert into recipe_ingredients (id, recipe_id, ingredient_text) values (gen_random_uuid(), '7e246eb6-b951-4b8e-88a6-a48d5cbb4e31', 'canela');
insert into recipe_ingredients (id, recipe_id, ingredient_text) values (gen_random_uuid(), '7e246eb6-b951-4b8e-88a6-a48d5cbb4e31', 'carne magra');
insert into recipe_ingredients (id, recipe_id, ingredient_text) values (gen_random_uuid(), '7e246eb6-b951-4b8e-88a6-a48d5cbb4e31', 'abobrinha');
insert into recipe_ingredients (id, recipe_id, ingredient_text) values (gen_random_uuid(), '7e246eb6-b951-4b8e-88a6-a48d5cbb4e31', 'azeite');

insert into recipes (id, name, source, visibility, prep_time_min, preparation, objective, needs_review) values ('410c265e-585e-411d-9803-c700f0f6e4a7', 'Omelete Proteico com abobrinha', 'admin', 'public', 26, 'Bata os ovos em um recipiente. Refogue cebola e tomate em uma frigideira antiaderente com pouco azeite. Adicione o frango desfiado e depois os ovos. Cozinhe em fogo baixo até firmar e dobre ao meio. Adicione abobrinha durante o preparo para aumentar fibras e volume alimentar. Finalize ajustando os temperos naturais e sirva ainda quente.', 'Promover saciedade, praticidade, controle calórico moderado e aderência alimentar.', false);
insert into recipe_nutrition_profiles (id, recipe_id, calories, calories_kcal, protein_g, carbs_g, fats_g, fat_g) values (gen_random_uuid(), '410c265e-585e-411d-9803-c700f0f6e4a7', 214, 214, 33, 18, 15, 15);
insert into recipe_ingredients (id, recipe_id, ingredient_text) values (gen_random_uuid(), '410c265e-585e-411d-9803-c700f0f6e4a7', '2 ovos');
insert into recipe_ingredients (id, recipe_id, ingredient_text) values (gen_random_uuid(), '410c265e-585e-411d-9803-c700f0f6e4a7', 'frango desfiado');
insert into recipe_ingredients (id, recipe_id, ingredient_text) values (gen_random_uuid(), '410c265e-585e-411d-9803-c700f0f6e4a7', 'tomate');
insert into recipe_ingredients (id, recipe_id, ingredient_text) values (gen_random_uuid(), '410c265e-585e-411d-9803-c700f0f6e4a7', 'cebola');
insert into recipe_ingredients (id, recipe_id, ingredient_text) values (gen_random_uuid(), '410c265e-585e-411d-9803-c700f0f6e4a7', 'azeite');
insert into recipe_ingredients (id, recipe_id, ingredient_text) values (gen_random_uuid(), '410c265e-585e-411d-9803-c700f0f6e4a7', 'carne magra');
insert into recipe_ingredients (id, recipe_id, ingredient_text) values (gen_random_uuid(), '410c265e-585e-411d-9803-c700f0f6e4a7', 'abobrinha');
insert into recipe_ingredients (id, recipe_id, ingredient_text) values (gen_random_uuid(), '410c265e-585e-411d-9803-c700f0f6e4a7', 'queijo branco');

insert into recipes (id, name, source, visibility, prep_time_min, preparation, objective, needs_review) values ('c50c1b2a-87c8-4527-ace0-4952598dc6f9', 'Omelete Proteico com tomate', 'admin', 'public', 21, 'Bata os ovos em um recipiente. Refogue cebola e tomate em uma frigideira antiaderente com pouco azeite. Adicione o frango desfiado e depois os ovos. Cozinhe em fogo baixo até firmar e dobre ao meio. Adicione tomate durante o preparo para aumentar fibras e volume alimentar. Finalize ajustando os temperos naturais e sirva ainda quente.', 'Promover saciedade, praticidade, controle calórico moderado e aderência alimentar.', false);
insert into recipe_nutrition_profiles (id, recipe_id, calories, calories_kcal, protein_g, carbs_g, fats_g, fat_g) values (gen_random_uuid(), 'c50c1b2a-87c8-4527-ace0-4952598dc6f9', 489, 489, 28, 27, 5, 5);
insert into recipe_ingredients (id, recipe_id, ingredient_text) values (gen_random_uuid(), 'c50c1b2a-87c8-4527-ace0-4952598dc6f9', '2 ovos');
insert into recipe_ingredients (id, recipe_id, ingredient_text) values (gen_random_uuid(), 'c50c1b2a-87c8-4527-ace0-4952598dc6f9', 'frango desfiado');
insert into recipe_ingredients (id, recipe_id, ingredient_text) values (gen_random_uuid(), 'c50c1b2a-87c8-4527-ace0-4952598dc6f9', 'tomate');
insert into recipe_ingredients (id, recipe_id, ingredient_text) values (gen_random_uuid(), 'c50c1b2a-87c8-4527-ace0-4952598dc6f9', 'cebola');
insert into recipe_ingredients (id, recipe_id, ingredient_text) values (gen_random_uuid(), 'c50c1b2a-87c8-4527-ace0-4952598dc6f9', 'azeite');
insert into recipe_ingredients (id, recipe_id, ingredient_text) values (gen_random_uuid(), 'c50c1b2a-87c8-4527-ace0-4952598dc6f9', 'atum');
insert into recipe_ingredients (id, recipe_id, ingredient_text) values (gen_random_uuid(), 'c50c1b2a-87c8-4527-ace0-4952598dc6f9', 'tomate');
insert into recipe_ingredients (id, recipe_id, ingredient_text) values (gen_random_uuid(), 'c50c1b2a-87c8-4527-ace0-4952598dc6f9', 'queijo branco');

insert into recipes (id, name, source, visibility, prep_time_min, preparation, objective, needs_review) values ('00d19cee-8f95-40f8-9e66-d78a75996f47', 'Overnight Oats com brócolis', 'admin', 'public', 13, 'Misture aveia, iogurte e chia em um pote. Adicione banana picada e canela. Deixe na geladeira durante a noite e consuma gelado pela manhã. Adicione brócolis durante o preparo para aumentar fibras e volume alimentar. Finalize ajustando os temperos naturais e sirva ainda quente.', 'Promover saciedade, praticidade, controle calórico moderado e aderência alimentar.', false);
insert into recipe_nutrition_profiles (id, recipe_id, calories, calories_kcal, protein_g, carbs_g, fats_g, fat_g) values (gen_random_uuid(), '00d19cee-8f95-40f8-9e66-d78a75996f47', 378, 378, 21, 16, 12, 12);
insert into recipe_ingredients (id, recipe_id, ingredient_text) values (gen_random_uuid(), '00d19cee-8f95-40f8-9e66-d78a75996f47', 'aveia');
insert into recipe_ingredients (id, recipe_id, ingredient_text) values (gen_random_uuid(), '00d19cee-8f95-40f8-9e66-d78a75996f47', 'iogurte natural');
insert into recipe_ingredients (id, recipe_id, ingredient_text) values (gen_random_uuid(), '00d19cee-8f95-40f8-9e66-d78a75996f47', 'banana');
insert into recipe_ingredients (id, recipe_id, ingredient_text) values (gen_random_uuid(), '00d19cee-8f95-40f8-9e66-d78a75996f47', 'chia');
insert into recipe_ingredients (id, recipe_id, ingredient_text) values (gen_random_uuid(), '00d19cee-8f95-40f8-9e66-d78a75996f47', 'canela');
insert into recipe_ingredients (id, recipe_id, ingredient_text) values (gen_random_uuid(), '00d19cee-8f95-40f8-9e66-d78a75996f47', 'carne magra');
insert into recipe_ingredients (id, recipe_id, ingredient_text) values (gen_random_uuid(), '00d19cee-8f95-40f8-9e66-d78a75996f47', 'brócolis');
insert into recipe_ingredients (id, recipe_id, ingredient_text) values (gen_random_uuid(), '00d19cee-8f95-40f8-9e66-d78a75996f47', 'queijo branco');

insert into recipes (id, name, source, visibility, prep_time_min, preparation, objective, needs_review) values ('c42009de-676c-4a01-b645-ee936bb71bd0', 'Overnight Oats com brócolis', 'admin', 'public', 12, 'Misture aveia, iogurte e chia em um pote. Adicione banana picada e canela. Deixe na geladeira durante a noite e consuma gelado pela manhã. Adicione brócolis durante o preparo para aumentar fibras e volume alimentar. Finalize ajustando os temperos naturais e sirva ainda quente.', 'Promover saciedade, praticidade, controle calórico moderado e aderência alimentar.', false);
insert into recipe_nutrition_profiles (id, recipe_id, calories, calories_kcal, protein_g, carbs_g, fats_g, fat_g) values (gen_random_uuid(), 'c42009de-676c-4a01-b645-ee936bb71bd0', 501, 501, 26, 32, 7, 7);
insert into recipe_ingredients (id, recipe_id, ingredient_text) values (gen_random_uuid(), 'c42009de-676c-4a01-b645-ee936bb71bd0', 'aveia');
insert into recipe_ingredients (id, recipe_id, ingredient_text) values (gen_random_uuid(), 'c42009de-676c-4a01-b645-ee936bb71bd0', 'iogurte natural');
insert into recipe_ingredients (id, recipe_id, ingredient_text) values (gen_random_uuid(), 'c42009de-676c-4a01-b645-ee936bb71bd0', 'banana');
insert into recipe_ingredients (id, recipe_id, ingredient_text) values (gen_random_uuid(), 'c42009de-676c-4a01-b645-ee936bb71bd0', 'chia');
insert into recipe_ingredients (id, recipe_id, ingredient_text) values (gen_random_uuid(), 'c42009de-676c-4a01-b645-ee936bb71bd0', 'canela');
insert into recipe_ingredients (id, recipe_id, ingredient_text) values (gen_random_uuid(), 'c42009de-676c-4a01-b645-ee936bb71bd0', 'ovo');
insert into recipe_ingredients (id, recipe_id, ingredient_text) values (gen_random_uuid(), 'c42009de-676c-4a01-b645-ee936bb71bd0', 'brócolis');
insert into recipe_ingredients (id, recipe_id, ingredient_text) values (gen_random_uuid(), 'c42009de-676c-4a01-b645-ee936bb71bd0', 'azeite');

insert into recipes (id, name, source, visibility, prep_time_min, preparation, objective, needs_review) values ('4974de2d-1c1e-4fe3-bf79-c1f9d8f2946b', 'Omelete Proteico com tomate', 'admin', 'public', 23, 'Bata os ovos em um recipiente. Refogue cebola e tomate em uma frigideira antiaderente com pouco azeite. Adicione o frango desfiado e depois os ovos. Cozinhe em fogo baixo até firmar e dobre ao meio. Adicione tomate durante o preparo para aumentar fibras e volume alimentar. Finalize ajustando os temperos naturais e sirva ainda quente.', 'Promover saciedade, praticidade, controle calórico moderado e aderência alimentar.', false);
insert into recipe_nutrition_profiles (id, recipe_id, calories, calories_kcal, protein_g, carbs_g, fats_g, fat_g) values (gen_random_uuid(), '4974de2d-1c1e-4fe3-bf79-c1f9d8f2946b', 370, 370, 14, 19, 16, 16);
insert into recipe_ingredients (id, recipe_id, ingredient_text) values (gen_random_uuid(), '4974de2d-1c1e-4fe3-bf79-c1f9d8f2946b', '2 ovos');
insert into recipe_ingredients (id, recipe_id, ingredient_text) values (gen_random_uuid(), '4974de2d-1c1e-4fe3-bf79-c1f9d8f2946b', 'frango desfiado');
insert into recipe_ingredients (id, recipe_id, ingredient_text) values (gen_random_uuid(), '4974de2d-1c1e-4fe3-bf79-c1f9d8f2946b', 'tomate');
insert into recipe_ingredients (id, recipe_id, ingredient_text) values (gen_random_uuid(), '4974de2d-1c1e-4fe3-bf79-c1f9d8f2946b', 'cebola');
insert into recipe_ingredients (id, recipe_id, ingredient_text) values (gen_random_uuid(), '4974de2d-1c1e-4fe3-bf79-c1f9d8f2946b', 'azeite');
insert into recipe_ingredients (id, recipe_id, ingredient_text) values (gen_random_uuid(), '4974de2d-1c1e-4fe3-bf79-c1f9d8f2946b', 'carne magra');
insert into recipe_ingredients (id, recipe_id, ingredient_text) values (gen_random_uuid(), '4974de2d-1c1e-4fe3-bf79-c1f9d8f2946b', 'tomate');
insert into recipe_ingredients (id, recipe_id, ingredient_text) values (gen_random_uuid(), '4974de2d-1c1e-4fe3-bf79-c1f9d8f2946b', 'chia');

insert into recipes (id, name, source, visibility, prep_time_min, preparation, objective, needs_review) values ('9068f17c-cfba-4dbb-b880-b50eef295cdb', 'Overnight Oats com abobrinha', 'admin', 'public', 33, 'Misture aveia, iogurte e chia em um pote. Adicione banana picada e canela. Deixe na geladeira durante a noite e consuma gelado pela manhã. Adicione abobrinha durante o preparo para aumentar fibras e volume alimentar. Finalize ajustando os temperos naturais e sirva ainda quente.', 'Promover saciedade, praticidade, controle calórico moderado e aderência alimentar.', false);
insert into recipe_nutrition_profiles (id, recipe_id, calories, calories_kcal, protein_g, carbs_g, fats_g, fat_g) values (gen_random_uuid(), '9068f17c-cfba-4dbb-b880-b50eef295cdb', 241, 241, 34, 17, 9, 9);
insert into recipe_ingredients (id, recipe_id, ingredient_text) values (gen_random_uuid(), '9068f17c-cfba-4dbb-b880-b50eef295cdb', 'aveia');
insert into recipe_ingredients (id, recipe_id, ingredient_text) values (gen_random_uuid(), '9068f17c-cfba-4dbb-b880-b50eef295cdb', 'iogurte natural');
insert into recipe_ingredients (id, recipe_id, ingredient_text) values (gen_random_uuid(), '9068f17c-cfba-4dbb-b880-b50eef295cdb', 'banana');
insert into recipe_ingredients (id, recipe_id, ingredient_text) values (gen_random_uuid(), '9068f17c-cfba-4dbb-b880-b50eef295cdb', 'chia');
insert into recipe_ingredients (id, recipe_id, ingredient_text) values (gen_random_uuid(), '9068f17c-cfba-4dbb-b880-b50eef295cdb', 'canela');
insert into recipe_ingredients (id, recipe_id, ingredient_text) values (gen_random_uuid(), '9068f17c-cfba-4dbb-b880-b50eef295cdb', 'ovo');
insert into recipe_ingredients (id, recipe_id, ingredient_text) values (gen_random_uuid(), '9068f17c-cfba-4dbb-b880-b50eef295cdb', 'abobrinha');
insert into recipe_ingredients (id, recipe_id, ingredient_text) values (gen_random_uuid(), '9068f17c-cfba-4dbb-b880-b50eef295cdb', 'azeite');

insert into recipes (id, name, source, visibility, prep_time_min, preparation, objective, needs_review) values ('b6fe51d2-9e74-4b01-9a35-89d05b8a3bf9', 'Overnight Oats com cenoura', 'admin', 'public', 10, 'Misture aveia, iogurte e chia em um pote. Adicione banana picada e canela. Deixe na geladeira durante a noite e consuma gelado pela manhã. Adicione cenoura durante o preparo para aumentar fibras e volume alimentar. Finalize ajustando os temperos naturais e sirva ainda quente.', 'Promover saciedade, praticidade, controle calórico moderado e aderência alimentar.', false);
insert into recipe_nutrition_profiles (id, recipe_id, calories, calories_kcal, protein_g, carbs_g, fats_g, fat_g) values (gen_random_uuid(), 'b6fe51d2-9e74-4b01-9a35-89d05b8a3bf9', 505, 505, 12, 20, 14, 14);
insert into recipe_ingredients (id, recipe_id, ingredient_text) values (gen_random_uuid(), 'b6fe51d2-9e74-4b01-9a35-89d05b8a3bf9', 'aveia');
insert into recipe_ingredients (id, recipe_id, ingredient_text) values (gen_random_uuid(), 'b6fe51d2-9e74-4b01-9a35-89d05b8a3bf9', 'iogurte natural');
insert into recipe_ingredients (id, recipe_id, ingredient_text) values (gen_random_uuid(), 'b6fe51d2-9e74-4b01-9a35-89d05b8a3bf9', 'banana');
insert into recipe_ingredients (id, recipe_id, ingredient_text) values (gen_random_uuid(), 'b6fe51d2-9e74-4b01-9a35-89d05b8a3bf9', 'chia');
insert into recipe_ingredients (id, recipe_id, ingredient_text) values (gen_random_uuid(), 'b6fe51d2-9e74-4b01-9a35-89d05b8a3bf9', 'canela');
insert into recipe_ingredients (id, recipe_id, ingredient_text) values (gen_random_uuid(), 'b6fe51d2-9e74-4b01-9a35-89d05b8a3bf9', 'atum');
insert into recipe_ingredients (id, recipe_id, ingredient_text) values (gen_random_uuid(), 'b6fe51d2-9e74-4b01-9a35-89d05b8a3bf9', 'cenoura');
insert into recipe_ingredients (id, recipe_id, ingredient_text) values (gen_random_uuid(), 'b6fe51d2-9e74-4b01-9a35-89d05b8a3bf9', 'chia');

insert into recipes (id, name, source, visibility, prep_time_min, preparation, objective, needs_review) values ('0b0ee2c8-2d30-4986-9611-8ae6d248f486', 'Overnight Oats com tomate', 'admin', 'public', 18, 'Misture aveia, iogurte e chia em um pote. Adicione banana picada e canela. Deixe na geladeira durante a noite e consuma gelado pela manhã. Adicione tomate durante o preparo para aumentar fibras e volume alimentar. Finalize ajustando os temperos naturais e sirva ainda quente.', 'Promover saciedade, praticidade, controle calórico moderado e aderência alimentar.', false);
insert into recipe_nutrition_profiles (id, recipe_id, calories, calories_kcal, protein_g, carbs_g, fats_g, fat_g) values (gen_random_uuid(), '0b0ee2c8-2d30-4986-9611-8ae6d248f486', 237, 237, 12, 29, 11, 11);
insert into recipe_ingredients (id, recipe_id, ingredient_text) values (gen_random_uuid(), '0b0ee2c8-2d30-4986-9611-8ae6d248f486', 'aveia');
insert into recipe_ingredients (id, recipe_id, ingredient_text) values (gen_random_uuid(), '0b0ee2c8-2d30-4986-9611-8ae6d248f486', 'iogurte natural');
insert into recipe_ingredients (id, recipe_id, ingredient_text) values (gen_random_uuid(), '0b0ee2c8-2d30-4986-9611-8ae6d248f486', 'banana');
insert into recipe_ingredients (id, recipe_id, ingredient_text) values (gen_random_uuid(), '0b0ee2c8-2d30-4986-9611-8ae6d248f486', 'chia');
insert into recipe_ingredients (id, recipe_id, ingredient_text) values (gen_random_uuid(), '0b0ee2c8-2d30-4986-9611-8ae6d248f486', 'canela');
insert into recipe_ingredients (id, recipe_id, ingredient_text) values (gen_random_uuid(), '0b0ee2c8-2d30-4986-9611-8ae6d248f486', 'carne magra');
insert into recipe_ingredients (id, recipe_id, ingredient_text) values (gen_random_uuid(), '0b0ee2c8-2d30-4986-9611-8ae6d248f486', 'tomate');
insert into recipe_ingredients (id, recipe_id, ingredient_text) values (gen_random_uuid(), '0b0ee2c8-2d30-4986-9611-8ae6d248f486', 'queijo branco');

insert into recipes (id, name, source, visibility, prep_time_min, preparation, objective, needs_review) values ('d1f6dcd4-6739-4df7-b516-c7352a456958', 'Overnight Oats com tomate', 'admin', 'public', 17, 'Misture aveia, iogurte e chia em um pote. Adicione banana picada e canela. Deixe na geladeira durante a noite e consuma gelado pela manhã. Adicione tomate durante o preparo para aumentar fibras e volume alimentar. Finalize ajustando os temperos naturais e sirva ainda quente.', 'Promover saciedade, praticidade, controle calórico moderado e aderência alimentar.', false);
insert into recipe_nutrition_profiles (id, recipe_id, calories, calories_kcal, protein_g, carbs_g, fats_g, fat_g) values (gen_random_uuid(), 'd1f6dcd4-6739-4df7-b516-c7352a456958', 246, 246, 18, 48, 16, 16);
insert into recipe_ingredients (id, recipe_id, ingredient_text) values (gen_random_uuid(), 'd1f6dcd4-6739-4df7-b516-c7352a456958', 'aveia');
insert into recipe_ingredients (id, recipe_id, ingredient_text) values (gen_random_uuid(), 'd1f6dcd4-6739-4df7-b516-c7352a456958', 'iogurte natural');
insert into recipe_ingredients (id, recipe_id, ingredient_text) values (gen_random_uuid(), 'd1f6dcd4-6739-4df7-b516-c7352a456958', 'banana');
insert into recipe_ingredients (id, recipe_id, ingredient_text) values (gen_random_uuid(), 'd1f6dcd4-6739-4df7-b516-c7352a456958', 'chia');
insert into recipe_ingredients (id, recipe_id, ingredient_text) values (gen_random_uuid(), 'd1f6dcd4-6739-4df7-b516-c7352a456958', 'canela');
insert into recipe_ingredients (id, recipe_id, ingredient_text) values (gen_random_uuid(), 'd1f6dcd4-6739-4df7-b516-c7352a456958', 'tilápia');
insert into recipe_ingredients (id, recipe_id, ingredient_text) values (gen_random_uuid(), 'd1f6dcd4-6739-4df7-b516-c7352a456958', 'tomate');
insert into recipe_ingredients (id, recipe_id, ingredient_text) values (gen_random_uuid(), 'd1f6dcd4-6739-4df7-b516-c7352a456958', 'iogurte natural');

insert into recipes (id, name, source, visibility, prep_time_min, preparation, objective, needs_review) values ('f3d1bd15-d5d1-48ff-ba03-cd72fd221c04', 'Omelete Proteico com brócolis', 'admin', 'public', 22, 'Bata os ovos em um recipiente. Refogue cebola e tomate em uma frigideira antiaderente com pouco azeite. Adicione o frango desfiado e depois os ovos. Cozinhe em fogo baixo até firmar e dobre ao meio. Adicione brócolis durante o preparo para aumentar fibras e volume alimentar. Finalize ajustando os temperos naturais e sirva ainda quente.', 'Promover saciedade, praticidade, controle calórico moderado e aderência alimentar.', false);
insert into recipe_nutrition_profiles (id, recipe_id, calories, calories_kcal, protein_g, carbs_g, fats_g, fat_g) values (gen_random_uuid(), 'f3d1bd15-d5d1-48ff-ba03-cd72fd221c04', 215, 215, 38, 54, 5, 5);
insert into recipe_ingredients (id, recipe_id, ingredient_text) values (gen_random_uuid(), 'f3d1bd15-d5d1-48ff-ba03-cd72fd221c04', '2 ovos');
insert into recipe_ingredients (id, recipe_id, ingredient_text) values (gen_random_uuid(), 'f3d1bd15-d5d1-48ff-ba03-cd72fd221c04', 'frango desfiado');
insert into recipe_ingredients (id, recipe_id, ingredient_text) values (gen_random_uuid(), 'f3d1bd15-d5d1-48ff-ba03-cd72fd221c04', 'tomate');
insert into recipe_ingredients (id, recipe_id, ingredient_text) values (gen_random_uuid(), 'f3d1bd15-d5d1-48ff-ba03-cd72fd221c04', 'cebola');
insert into recipe_ingredients (id, recipe_id, ingredient_text) values (gen_random_uuid(), 'f3d1bd15-d5d1-48ff-ba03-cd72fd221c04', 'azeite');
insert into recipe_ingredients (id, recipe_id, ingredient_text) values (gen_random_uuid(), 'f3d1bd15-d5d1-48ff-ba03-cd72fd221c04', 'ovo');
insert into recipe_ingredients (id, recipe_id, ingredient_text) values (gen_random_uuid(), 'f3d1bd15-d5d1-48ff-ba03-cd72fd221c04', 'brócolis');
insert into recipe_ingredients (id, recipe_id, ingredient_text) values (gen_random_uuid(), 'f3d1bd15-d5d1-48ff-ba03-cd72fd221c04', 'azeite');

insert into recipes (id, name, source, visibility, prep_time_min, preparation, objective, needs_review) values ('272b9169-a89d-4617-9fc6-2c4e7019ec50', 'Omelete Proteico com abobrinha', 'admin', 'public', 16, 'Bata os ovos em um recipiente. Refogue cebola e tomate em uma frigideira antiaderente com pouco azeite. Adicione o frango desfiado e depois os ovos. Cozinhe em fogo baixo até firmar e dobre ao meio. Adicione abobrinha durante o preparo para aumentar fibras e volume alimentar. Finalize ajustando os temperos naturais e sirva ainda quente.', 'Promover saciedade, praticidade, controle calórico moderado e aderência alimentar.', false);
insert into recipe_nutrition_profiles (id, recipe_id, calories, calories_kcal, protein_g, carbs_g, fats_g, fat_g) values (gen_random_uuid(), '272b9169-a89d-4617-9fc6-2c4e7019ec50', 323, 323, 31, 29, 14, 14);
insert into recipe_ingredients (id, recipe_id, ingredient_text) values (gen_random_uuid(), '272b9169-a89d-4617-9fc6-2c4e7019ec50', '2 ovos');
insert into recipe_ingredients (id, recipe_id, ingredient_text) values (gen_random_uuid(), '272b9169-a89d-4617-9fc6-2c4e7019ec50', 'frango desfiado');
insert into recipe_ingredients (id, recipe_id, ingredient_text) values (gen_random_uuid(), '272b9169-a89d-4617-9fc6-2c4e7019ec50', 'tomate');
insert into recipe_ingredients (id, recipe_id, ingredient_text) values (gen_random_uuid(), '272b9169-a89d-4617-9fc6-2c4e7019ec50', 'cebola');
insert into recipe_ingredients (id, recipe_id, ingredient_text) values (gen_random_uuid(), '272b9169-a89d-4617-9fc6-2c4e7019ec50', 'azeite');
insert into recipe_ingredients (id, recipe_id, ingredient_text) values (gen_random_uuid(), '272b9169-a89d-4617-9fc6-2c4e7019ec50', 'carne magra');
insert into recipe_ingredients (id, recipe_id, ingredient_text) values (gen_random_uuid(), '272b9169-a89d-4617-9fc6-2c4e7019ec50', 'abobrinha');
insert into recipe_ingredients (id, recipe_id, ingredient_text) values (gen_random_uuid(), '272b9169-a89d-4617-9fc6-2c4e7019ec50', 'iogurte natural');

insert into recipes (id, name, source, visibility, prep_time_min, preparation, objective, needs_review) values ('ed82cc75-cba3-4aeb-a787-a39634bbbfa4', 'Omelete Proteico com tomate', 'admin', 'public', 21, 'Bata os ovos em um recipiente. Refogue cebola e tomate em uma frigideira antiaderente com pouco azeite. Adicione o frango desfiado e depois os ovos. Cozinhe em fogo baixo até firmar e dobre ao meio. Adicione tomate durante o preparo para aumentar fibras e volume alimentar. Finalize ajustando os temperos naturais e sirva ainda quente.', 'Promover saciedade, praticidade, controle calórico moderado e aderência alimentar.', false);
insert into recipe_nutrition_profiles (id, recipe_id, calories, calories_kcal, protein_g, carbs_g, fats_g, fat_g) values (gen_random_uuid(), 'ed82cc75-cba3-4aeb-a787-a39634bbbfa4', 453, 453, 24, 51, 13, 13);
insert into recipe_ingredients (id, recipe_id, ingredient_text) values (gen_random_uuid(), 'ed82cc75-cba3-4aeb-a787-a39634bbbfa4', '2 ovos');
insert into recipe_ingredients (id, recipe_id, ingredient_text) values (gen_random_uuid(), 'ed82cc75-cba3-4aeb-a787-a39634bbbfa4', 'frango desfiado');
insert into recipe_ingredients (id, recipe_id, ingredient_text) values (gen_random_uuid(), 'ed82cc75-cba3-4aeb-a787-a39634bbbfa4', 'tomate');
insert into recipe_ingredients (id, recipe_id, ingredient_text) values (gen_random_uuid(), 'ed82cc75-cba3-4aeb-a787-a39634bbbfa4', 'cebola');
insert into recipe_ingredients (id, recipe_id, ingredient_text) values (gen_random_uuid(), 'ed82cc75-cba3-4aeb-a787-a39634bbbfa4', 'azeite');
insert into recipe_ingredients (id, recipe_id, ingredient_text) values (gen_random_uuid(), 'ed82cc75-cba3-4aeb-a787-a39634bbbfa4', 'tilápia');
insert into recipe_ingredients (id, recipe_id, ingredient_text) values (gen_random_uuid(), 'ed82cc75-cba3-4aeb-a787-a39634bbbfa4', 'tomate');
insert into recipe_ingredients (id, recipe_id, ingredient_text) values (gen_random_uuid(), 'ed82cc75-cba3-4aeb-a787-a39634bbbfa4', 'azeite');

insert into recipes (id, name, source, visibility, prep_time_min, preparation, objective, needs_review) values ('cf533efc-a573-42e1-a56e-3fa322e7f5ee', 'Overnight Oats com cenoura', 'admin', 'public', 24, 'Misture aveia, iogurte e chia em um pote. Adicione banana picada e canela. Deixe na geladeira durante a noite e consuma gelado pela manhã. Adicione cenoura durante o preparo para aumentar fibras e volume alimentar. Finalize ajustando os temperos naturais e sirva ainda quente.', 'Promover saciedade, praticidade, controle calórico moderado e aderência alimentar.', false);
insert into recipe_nutrition_profiles (id, recipe_id, calories, calories_kcal, protein_g, carbs_g, fats_g, fat_g) values (gen_random_uuid(), 'cf533efc-a573-42e1-a56e-3fa322e7f5ee', 254, 254, 23, 26, 9, 9);
insert into recipe_ingredients (id, recipe_id, ingredient_text) values (gen_random_uuid(), 'cf533efc-a573-42e1-a56e-3fa322e7f5ee', 'aveia');
insert into recipe_ingredients (id, recipe_id, ingredient_text) values (gen_random_uuid(), 'cf533efc-a573-42e1-a56e-3fa322e7f5ee', 'iogurte natural');
insert into recipe_ingredients (id, recipe_id, ingredient_text) values (gen_random_uuid(), 'cf533efc-a573-42e1-a56e-3fa322e7f5ee', 'banana');
insert into recipe_ingredients (id, recipe_id, ingredient_text) values (gen_random_uuid(), 'cf533efc-a573-42e1-a56e-3fa322e7f5ee', 'chia');
insert into recipe_ingredients (id, recipe_id, ingredient_text) values (gen_random_uuid(), 'cf533efc-a573-42e1-a56e-3fa322e7f5ee', 'canela');
insert into recipe_ingredients (id, recipe_id, ingredient_text) values (gen_random_uuid(), 'cf533efc-a573-42e1-a56e-3fa322e7f5ee', 'atum');
insert into recipe_ingredients (id, recipe_id, ingredient_text) values (gen_random_uuid(), 'cf533efc-a573-42e1-a56e-3fa322e7f5ee', 'cenoura');
insert into recipe_ingredients (id, recipe_id, ingredient_text) values (gen_random_uuid(), 'cf533efc-a573-42e1-a56e-3fa322e7f5ee', 'chia');

insert into recipes (id, name, source, visibility, prep_time_min, preparation, objective, needs_review) values ('cc71bb65-3a83-48ec-b2fe-a73dd728cea8', 'Overnight Oats com tomate', 'admin', 'public', 6, 'Misture aveia, iogurte e chia em um pote. Adicione banana picada e canela. Deixe na geladeira durante a noite e consuma gelado pela manhã. Adicione tomate durante o preparo para aumentar fibras e volume alimentar. Finalize ajustando os temperos naturais e sirva ainda quente.', 'Promover saciedade, praticidade, controle calórico moderado e aderência alimentar.', false);
insert into recipe_nutrition_profiles (id, recipe_id, calories, calories_kcal, protein_g, carbs_g, fats_g, fat_g) values (gen_random_uuid(), 'cc71bb65-3a83-48ec-b2fe-a73dd728cea8', 315, 315, 18, 26, 13, 13);
insert into recipe_ingredients (id, recipe_id, ingredient_text) values (gen_random_uuid(), 'cc71bb65-3a83-48ec-b2fe-a73dd728cea8', 'aveia');
insert into recipe_ingredients (id, recipe_id, ingredient_text) values (gen_random_uuid(), 'cc71bb65-3a83-48ec-b2fe-a73dd728cea8', 'iogurte natural');
insert into recipe_ingredients (id, recipe_id, ingredient_text) values (gen_random_uuid(), 'cc71bb65-3a83-48ec-b2fe-a73dd728cea8', 'banana');
insert into recipe_ingredients (id, recipe_id, ingredient_text) values (gen_random_uuid(), 'cc71bb65-3a83-48ec-b2fe-a73dd728cea8', 'chia');
insert into recipe_ingredients (id, recipe_id, ingredient_text) values (gen_random_uuid(), 'cc71bb65-3a83-48ec-b2fe-a73dd728cea8', 'canela');
insert into recipe_ingredients (id, recipe_id, ingredient_text) values (gen_random_uuid(), 'cc71bb65-3a83-48ec-b2fe-a73dd728cea8', 'atum');
insert into recipe_ingredients (id, recipe_id, ingredient_text) values (gen_random_uuid(), 'cc71bb65-3a83-48ec-b2fe-a73dd728cea8', 'tomate');
insert into recipe_ingredients (id, recipe_id, ingredient_text) values (gen_random_uuid(), 'cc71bb65-3a83-48ec-b2fe-a73dd728cea8', 'chia');

insert into recipes (id, name, source, visibility, prep_time_min, preparation, objective, needs_review) values ('44a6fcc4-b502-45e9-90e6-870ee24ae32c', 'Overnight Oats com espinafre', 'admin', 'public', 21, 'Misture aveia, iogurte e chia em um pote. Adicione banana picada e canela. Deixe na geladeira durante a noite e consuma gelado pela manhã. Adicione espinafre durante o preparo para aumentar fibras e volume alimentar. Finalize ajustando os temperos naturais e sirva ainda quente.', 'Promover saciedade, praticidade, controle calórico moderado e aderência alimentar.', false);
insert into recipe_nutrition_profiles (id, recipe_id, calories, calories_kcal, protein_g, carbs_g, fats_g, fat_g) values (gen_random_uuid(), '44a6fcc4-b502-45e9-90e6-870ee24ae32c', 340, 340, 17, 21, 18, 18);
insert into recipe_ingredients (id, recipe_id, ingredient_text) values (gen_random_uuid(), '44a6fcc4-b502-45e9-90e6-870ee24ae32c', 'aveia');
insert into recipe_ingredients (id, recipe_id, ingredient_text) values (gen_random_uuid(), '44a6fcc4-b502-45e9-90e6-870ee24ae32c', 'iogurte natural');
insert into recipe_ingredients (id, recipe_id, ingredient_text) values (gen_random_uuid(), '44a6fcc4-b502-45e9-90e6-870ee24ae32c', 'banana');
insert into recipe_ingredients (id, recipe_id, ingredient_text) values (gen_random_uuid(), '44a6fcc4-b502-45e9-90e6-870ee24ae32c', 'chia');
insert into recipe_ingredients (id, recipe_id, ingredient_text) values (gen_random_uuid(), '44a6fcc4-b502-45e9-90e6-870ee24ae32c', 'canela');
insert into recipe_ingredients (id, recipe_id, ingredient_text) values (gen_random_uuid(), '44a6fcc4-b502-45e9-90e6-870ee24ae32c', 'atum');
insert into recipe_ingredients (id, recipe_id, ingredient_text) values (gen_random_uuid(), '44a6fcc4-b502-45e9-90e6-870ee24ae32c', 'espinafre');
insert into recipe_ingredients (id, recipe_id, ingredient_text) values (gen_random_uuid(), '44a6fcc4-b502-45e9-90e6-870ee24ae32c', 'chia');

insert into recipes (id, name, source, visibility, prep_time_min, preparation, objective, needs_review) values ('2096ff0f-1067-4180-94cb-698035b70589', 'Omelete Proteico com brócolis', 'admin', 'public', 20, 'Bata os ovos em um recipiente. Refogue cebola e tomate em uma frigideira antiaderente com pouco azeite. Adicione o frango desfiado e depois os ovos. Cozinhe em fogo baixo até firmar e dobre ao meio. Adicione brócolis durante o preparo para aumentar fibras e volume alimentar. Finalize ajustando os temperos naturais e sirva ainda quente.', 'Promover saciedade, praticidade, controle calórico moderado e aderência alimentar.', false);
insert into recipe_nutrition_profiles (id, recipe_id, calories, calories_kcal, protein_g, carbs_g, fats_g, fat_g) values (gen_random_uuid(), '2096ff0f-1067-4180-94cb-698035b70589', 448, 448, 16, 36, 18, 18);
insert into recipe_ingredients (id, recipe_id, ingredient_text) values (gen_random_uuid(), '2096ff0f-1067-4180-94cb-698035b70589', '2 ovos');
insert into recipe_ingredients (id, recipe_id, ingredient_text) values (gen_random_uuid(), '2096ff0f-1067-4180-94cb-698035b70589', 'frango desfiado');
insert into recipe_ingredients (id, recipe_id, ingredient_text) values (gen_random_uuid(), '2096ff0f-1067-4180-94cb-698035b70589', 'tomate');
insert into recipe_ingredients (id, recipe_id, ingredient_text) values (gen_random_uuid(), '2096ff0f-1067-4180-94cb-698035b70589', 'cebola');
insert into recipe_ingredients (id, recipe_id, ingredient_text) values (gen_random_uuid(), '2096ff0f-1067-4180-94cb-698035b70589', 'azeite');
insert into recipe_ingredients (id, recipe_id, ingredient_text) values (gen_random_uuid(), '2096ff0f-1067-4180-94cb-698035b70589', 'carne magra');
insert into recipe_ingredients (id, recipe_id, ingredient_text) values (gen_random_uuid(), '2096ff0f-1067-4180-94cb-698035b70589', 'brócolis');
insert into recipe_ingredients (id, recipe_id, ingredient_text) values (gen_random_uuid(), '2096ff0f-1067-4180-94cb-698035b70589', 'azeite');

insert into recipes (id, name, source, visibility, prep_time_min, preparation, objective, needs_review) values ('794b3f7d-d2f8-42c1-9e2c-aab4b0d07378', 'Omelete Proteico com brócolis', 'admin', 'public', 34, 'Bata os ovos em um recipiente. Refogue cebola e tomate em uma frigideira antiaderente com pouco azeite. Adicione o frango desfiado e depois os ovos. Cozinhe em fogo baixo até firmar e dobre ao meio. Adicione brócolis durante o preparo para aumentar fibras e volume alimentar. Finalize ajustando os temperos naturais e sirva ainda quente.', 'Promover saciedade, praticidade, controle calórico moderado e aderência alimentar.', false);
insert into recipe_nutrition_profiles (id, recipe_id, calories, calories_kcal, protein_g, carbs_g, fats_g, fat_g) values (gen_random_uuid(), '794b3f7d-d2f8-42c1-9e2c-aab4b0d07378', 352, 352, 13, 44, 9, 9);
insert into recipe_ingredients (id, recipe_id, ingredient_text) values (gen_random_uuid(), '794b3f7d-d2f8-42c1-9e2c-aab4b0d07378', '2 ovos');
insert into recipe_ingredients (id, recipe_id, ingredient_text) values (gen_random_uuid(), '794b3f7d-d2f8-42c1-9e2c-aab4b0d07378', 'frango desfiado');
insert into recipe_ingredients (id, recipe_id, ingredient_text) values (gen_random_uuid(), '794b3f7d-d2f8-42c1-9e2c-aab4b0d07378', 'tomate');
insert into recipe_ingredients (id, recipe_id, ingredient_text) values (gen_random_uuid(), '794b3f7d-d2f8-42c1-9e2c-aab4b0d07378', 'cebola');
insert into recipe_ingredients (id, recipe_id, ingredient_text) values (gen_random_uuid(), '794b3f7d-d2f8-42c1-9e2c-aab4b0d07378', 'azeite');
insert into recipe_ingredients (id, recipe_id, ingredient_text) values (gen_random_uuid(), '794b3f7d-d2f8-42c1-9e2c-aab4b0d07378', 'atum');
insert into recipe_ingredients (id, recipe_id, ingredient_text) values (gen_random_uuid(), '794b3f7d-d2f8-42c1-9e2c-aab4b0d07378', 'brócolis');
insert into recipe_ingredients (id, recipe_id, ingredient_text) values (gen_random_uuid(), '794b3f7d-d2f8-42c1-9e2c-aab4b0d07378', 'queijo branco');

insert into recipes (id, name, source, visibility, prep_time_min, preparation, objective, needs_review) values ('dad25b6c-e104-4685-8be9-14be7f31ad1d', 'Omelete Proteico com brócolis', 'admin', 'public', 8, 'Bata os ovos em um recipiente. Refogue cebola e tomate em uma frigideira antiaderente com pouco azeite. Adicione o frango desfiado e depois os ovos. Cozinhe em fogo baixo até firmar e dobre ao meio. Adicione brócolis durante o preparo para aumentar fibras e volume alimentar. Finalize ajustando os temperos naturais e sirva ainda quente.', 'Promover saciedade, praticidade, controle calórico moderado e aderência alimentar. Almoço', false);
insert into recipe_nutrition_profiles (id, recipe_id, calories, calories_kcal, protein_g, carbs_g, fats_g, fat_g) values (gen_random_uuid(), 'dad25b6c-e104-4685-8be9-14be7f31ad1d', 335, 335, 25, 15, 15, 15);
insert into recipe_ingredients (id, recipe_id, ingredient_text) values (gen_random_uuid(), 'dad25b6c-e104-4685-8be9-14be7f31ad1d', '2 ovos');
insert into recipe_ingredients (id, recipe_id, ingredient_text) values (gen_random_uuid(), 'dad25b6c-e104-4685-8be9-14be7f31ad1d', 'frango desfiado');
insert into recipe_ingredients (id, recipe_id, ingredient_text) values (gen_random_uuid(), 'dad25b6c-e104-4685-8be9-14be7f31ad1d', 'tomate');
insert into recipe_ingredients (id, recipe_id, ingredient_text) values (gen_random_uuid(), 'dad25b6c-e104-4685-8be9-14be7f31ad1d', 'cebola');
insert into recipe_ingredients (id, recipe_id, ingredient_text) values (gen_random_uuid(), 'dad25b6c-e104-4685-8be9-14be7f31ad1d', 'azeite');
insert into recipe_ingredients (id, recipe_id, ingredient_text) values (gen_random_uuid(), 'dad25b6c-e104-4685-8be9-14be7f31ad1d', 'atum');
insert into recipe_ingredients (id, recipe_id, ingredient_text) values (gen_random_uuid(), 'dad25b6c-e104-4685-8be9-14be7f31ad1d', 'brócolis');
insert into recipe_ingredients (id, recipe_id, ingredient_text) values (gen_random_uuid(), 'dad25b6c-e104-4685-8be9-14be7f31ad1d', 'iogurte natural');

insert into recipes (id, name, source, visibility, prep_time_min, preparation, objective, needs_review) values ('63df1b21-05f9-4154-b5e9-af20f21ef4bc', 'Frango com Arroz Integral com abobrinha', 'admin', 'public', 6, 'Tempere o frango com alho e ervas naturais e grelhe até dourar. Cozinhe o arroz integral separadamente. Refogue os brócolis rapidamente no alho e sirva junto. Adicione abobrinha durante o preparo para aumentar fibras e volume alimentar. Finalize ajustando os temperos naturais e sirva ainda quente.', 'Promover saciedade, praticidade, controle calórico moderado e aderência alimentar.', false);
insert into recipe_nutrition_profiles (id, recipe_id, calories, calories_kcal, protein_g, carbs_g, fats_g, fat_g) values (gen_random_uuid(), '63df1b21-05f9-4154-b5e9-af20f21ef4bc', 182, 182, 32, 48, 15, 15);
insert into recipe_ingredients (id, recipe_id, ingredient_text) values (gen_random_uuid(), '63df1b21-05f9-4154-b5e9-af20f21ef4bc', 'frango grelhado');
insert into recipe_ingredients (id, recipe_id, ingredient_text) values (gen_random_uuid(), '63df1b21-05f9-4154-b5e9-af20f21ef4bc', 'arroz integral');
insert into recipe_ingredients (id, recipe_id, ingredient_text) values (gen_random_uuid(), '63df1b21-05f9-4154-b5e9-af20f21ef4bc', 'brócolis');
insert into recipe_ingredients (id, recipe_id, ingredient_text) values (gen_random_uuid(), '63df1b21-05f9-4154-b5e9-af20f21ef4bc', 'alho');
insert into recipe_ingredients (id, recipe_id, ingredient_text) values (gen_random_uuid(), '63df1b21-05f9-4154-b5e9-af20f21ef4bc', 'ovo');
insert into recipe_ingredients (id, recipe_id, ingredient_text) values (gen_random_uuid(), '63df1b21-05f9-4154-b5e9-af20f21ef4bc', 'abobrinha');
insert into recipe_ingredients (id, recipe_id, ingredient_text) values (gen_random_uuid(), '63df1b21-05f9-4154-b5e9-af20f21ef4bc', 'queijo branco');

insert into recipes (id, name, source, visibility, prep_time_min, preparation, objective, needs_review) values ('37b0fe4b-8cf3-4e1d-a5de-95168192b774', 'Carne Moída com Legumes com cenoura', 'admin', 'public', 6, 'Refogue cebola e alho. Adicione a carne moída e cozinhe até secar. Acrescente cenoura e abobrinha picadas e cozinhe até ficarem macias. Adicione cenoura durante o preparo para aumentar fibras e volume alimentar. Finalize ajustando os temperos naturais e sirva ainda quente.', 'Promover saciedade, praticidade, controle calórico moderado e aderência alimentar.', false);
insert into recipe_nutrition_profiles (id, recipe_id, calories, calories_kcal, protein_g, carbs_g, fats_g, fat_g) values (gen_random_uuid(), '37b0fe4b-8cf3-4e1d-a5de-95168192b774', 493, 493, 33, 36, 10, 10);
insert into recipe_ingredients (id, recipe_id, ingredient_text) values (gen_random_uuid(), '37b0fe4b-8cf3-4e1d-a5de-95168192b774', 'carne moída magra');
insert into recipe_ingredients (id, recipe_id, ingredient_text) values (gen_random_uuid(), '37b0fe4b-8cf3-4e1d-a5de-95168192b774', 'cenoura');
insert into recipe_ingredients (id, recipe_id, ingredient_text) values (gen_random_uuid(), '37b0fe4b-8cf3-4e1d-a5de-95168192b774', 'abobrinha');
insert into recipe_ingredients (id, recipe_id, ingredient_text) values (gen_random_uuid(), '37b0fe4b-8cf3-4e1d-a5de-95168192b774', 'cebola');
insert into recipe_ingredients (id, recipe_id, ingredient_text) values (gen_random_uuid(), '37b0fe4b-8cf3-4e1d-a5de-95168192b774', 'frango');
insert into recipe_ingredients (id, recipe_id, ingredient_text) values (gen_random_uuid(), '37b0fe4b-8cf3-4e1d-a5de-95168192b774', 'cenoura');
insert into recipe_ingredients (id, recipe_id, ingredient_text) values (gen_random_uuid(), '37b0fe4b-8cf3-4e1d-a5de-95168192b774', 'iogurte natural');

insert into recipes (id, name, source, visibility, prep_time_min, preparation, objective, needs_review) values ('4a610be0-999f-4de8-90a4-e3dabc5dcb09', 'Carne Moída com Legumes com cenoura', 'admin', 'public', 6, 'Refogue cebola e alho. Adicione a carne moída e cozinhe até secar. Acrescente cenoura e abobrinha picadas e cozinhe até ficarem macias. Adicione cenoura durante o preparo para aumentar fibras e volume alimentar. Finalize ajustando os temperos naturais e sirva ainda quente.', 'Promover saciedade, praticidade, controle calórico moderado e aderência alimentar.', false);
insert into recipe_nutrition_profiles (id, recipe_id, calories, calories_kcal, protein_g, carbs_g, fats_g, fat_g) values (gen_random_uuid(), '4a610be0-999f-4de8-90a4-e3dabc5dcb09', 513, 513, 33, 25, 12, 12);
insert into recipe_ingredients (id, recipe_id, ingredient_text) values (gen_random_uuid(), '4a610be0-999f-4de8-90a4-e3dabc5dcb09', 'carne moída magra');
insert into recipe_ingredients (id, recipe_id, ingredient_text) values (gen_random_uuid(), '4a610be0-999f-4de8-90a4-e3dabc5dcb09', 'cenoura');
insert into recipe_ingredients (id, recipe_id, ingredient_text) values (gen_random_uuid(), '4a610be0-999f-4de8-90a4-e3dabc5dcb09', 'abobrinha');
insert into recipe_ingredients (id, recipe_id, ingredient_text) values (gen_random_uuid(), '4a610be0-999f-4de8-90a4-e3dabc5dcb09', 'cebola');
insert into recipe_ingredients (id, recipe_id, ingredient_text) values (gen_random_uuid(), '4a610be0-999f-4de8-90a4-e3dabc5dcb09', 'frango');
insert into recipe_ingredients (id, recipe_id, ingredient_text) values (gen_random_uuid(), '4a610be0-999f-4de8-90a4-e3dabc5dcb09', 'cenoura');
insert into recipe_ingredients (id, recipe_id, ingredient_text) values (gen_random_uuid(), '4a610be0-999f-4de8-90a4-e3dabc5dcb09', 'azeite');

insert into recipes (id, name, source, visibility, prep_time_min, preparation, objective, needs_review) values ('1ad60e41-0d89-4e2c-96b0-dc785256cfb1', 'Frango com Arroz Integral com tomate', 'admin', 'public', 34, 'Tempere o frango com alho e ervas naturais e grelhe até dourar. Cozinhe o arroz integral separadamente. Refogue os brócolis rapidamente no alho e sirva junto. Adicione tomate durante o preparo para aumentar fibras e volume alimentar. Finalize ajustando os temperos naturais e sirva ainda quente.', 'Promover saciedade, praticidade, controle calórico moderado e aderência alimentar.', false);
insert into recipe_nutrition_profiles (id, recipe_id, calories, calories_kcal, protein_g, carbs_g, fats_g, fat_g) values (gen_random_uuid(), '1ad60e41-0d89-4e2c-96b0-dc785256cfb1', 480, 480, 24, 22, 5, 5);
insert into recipe_ingredients (id, recipe_id, ingredient_text) values (gen_random_uuid(), '1ad60e41-0d89-4e2c-96b0-dc785256cfb1', 'frango grelhado');
insert into recipe_ingredients (id, recipe_id, ingredient_text) values (gen_random_uuid(), '1ad60e41-0d89-4e2c-96b0-dc785256cfb1', 'arroz integral');
insert into recipe_ingredients (id, recipe_id, ingredient_text) values (gen_random_uuid(), '1ad60e41-0d89-4e2c-96b0-dc785256cfb1', 'brócolis');
insert into recipe_ingredients (id, recipe_id, ingredient_text) values (gen_random_uuid(), '1ad60e41-0d89-4e2c-96b0-dc785256cfb1', 'alho');
insert into recipe_ingredients (id, recipe_id, ingredient_text) values (gen_random_uuid(), '1ad60e41-0d89-4e2c-96b0-dc785256cfb1', 'carne magra');
insert into recipe_ingredients (id, recipe_id, ingredient_text) values (gen_random_uuid(), '1ad60e41-0d89-4e2c-96b0-dc785256cfb1', 'tomate');
insert into recipe_ingredients (id, recipe_id, ingredient_text) values (gen_random_uuid(), '1ad60e41-0d89-4e2c-96b0-dc785256cfb1', 'queijo branco');

insert into recipes (id, name, source, visibility, prep_time_min, preparation, objective, needs_review) values ('047379a5-131a-4f7a-9b62-10839fcc4826', 'Carne Moída com Legumes com cenoura', 'admin', 'public', 31, 'Refogue cebola e alho. Adicione a carne moída e cozinhe até secar. Acrescente cenoura e abobrinha picadas e cozinhe até ficarem macias. Adicione cenoura durante o preparo para aumentar fibras e volume alimentar. Finalize ajustando os temperos naturais e sirva ainda quente.', 'Promover saciedade, praticidade, controle calórico moderado e aderência alimentar.', false);
insert into recipe_nutrition_profiles (id, recipe_id, calories, calories_kcal, protein_g, carbs_g, fats_g, fat_g) values (gen_random_uuid(), '047379a5-131a-4f7a-9b62-10839fcc4826', 251, 251, 17, 15, 13, 13);
insert into recipe_ingredients (id, recipe_id, ingredient_text) values (gen_random_uuid(), '047379a5-131a-4f7a-9b62-10839fcc4826', 'carne moída magra');
insert into recipe_ingredients (id, recipe_id, ingredient_text) values (gen_random_uuid(), '047379a5-131a-4f7a-9b62-10839fcc4826', 'cenoura');
insert into recipe_ingredients (id, recipe_id, ingredient_text) values (gen_random_uuid(), '047379a5-131a-4f7a-9b62-10839fcc4826', 'abobrinha');
insert into recipe_ingredients (id, recipe_id, ingredient_text) values (gen_random_uuid(), '047379a5-131a-4f7a-9b62-10839fcc4826', 'cebola');
insert into recipe_ingredients (id, recipe_id, ingredient_text) values (gen_random_uuid(), '047379a5-131a-4f7a-9b62-10839fcc4826', 'carne magra');
insert into recipe_ingredients (id, recipe_id, ingredient_text) values (gen_random_uuid(), '047379a5-131a-4f7a-9b62-10839fcc4826', 'cenoura');
insert into recipe_ingredients (id, recipe_id, ingredient_text) values (gen_random_uuid(), '047379a5-131a-4f7a-9b62-10839fcc4826', 'chia');

insert into recipes (id, name, source, visibility, prep_time_min, preparation, objective, needs_review) values ('ad144442-5ae3-4edc-b665-eba19146f6a4', 'Carne Moída com Legumes com cenoura', 'admin', 'public', 20, 'Refogue cebola e alho. Adicione a carne moída e cozinhe até secar. Acrescente cenoura e abobrinha picadas e cozinhe até ficarem macias. Adicione cenoura durante o preparo para aumentar fibras e volume alimentar. Finalize ajustando os temperos naturais e sirva ainda quente.', 'Promover saciedade, praticidade, controle calórico moderado e aderência alimentar.', false);
insert into recipe_nutrition_profiles (id, recipe_id, calories, calories_kcal, protein_g, carbs_g, fats_g, fat_g) values (gen_random_uuid(), 'ad144442-5ae3-4edc-b665-eba19146f6a4', 416, 416, 35, 32, 5, 5);
insert into recipe_ingredients (id, recipe_id, ingredient_text) values (gen_random_uuid(), 'ad144442-5ae3-4edc-b665-eba19146f6a4', 'carne moída magra');
insert into recipe_ingredients (id, recipe_id, ingredient_text) values (gen_random_uuid(), 'ad144442-5ae3-4edc-b665-eba19146f6a4', 'cenoura');
insert into recipe_ingredients (id, recipe_id, ingredient_text) values (gen_random_uuid(), 'ad144442-5ae3-4edc-b665-eba19146f6a4', 'abobrinha');
insert into recipe_ingredients (id, recipe_id, ingredient_text) values (gen_random_uuid(), 'ad144442-5ae3-4edc-b665-eba19146f6a4', 'cebola');
insert into recipe_ingredients (id, recipe_id, ingredient_text) values (gen_random_uuid(), 'ad144442-5ae3-4edc-b665-eba19146f6a4', 'frango');
insert into recipe_ingredients (id, recipe_id, ingredient_text) values (gen_random_uuid(), 'ad144442-5ae3-4edc-b665-eba19146f6a4', 'cenoura');
insert into recipe_ingredients (id, recipe_id, ingredient_text) values (gen_random_uuid(), 'ad144442-5ae3-4edc-b665-eba19146f6a4', 'aveia');

insert into recipes (id, name, source, visibility, prep_time_min, preparation, objective, needs_review) values ('cf8df5fb-d968-446d-bfd3-75f0e0235dff', 'Frango com Arroz Integral com cenoura', 'admin', 'public', 13, 'Tempere o frango com alho e ervas naturais e grelhe até dourar. Cozinhe o arroz integral separadamente. Refogue os brócolis rapidamente no alho e sirva junto. Adicione cenoura durante o preparo para aumentar fibras e volume alimentar. Finalize ajustando os temperos naturais e sirva ainda quente.', 'Promover saciedade, praticidade, controle calórico moderado e aderência alimentar.', false);
insert into recipe_nutrition_profiles (id, recipe_id, calories, calories_kcal, protein_g, carbs_g, fats_g, fat_g) values (gen_random_uuid(), 'cf8df5fb-d968-446d-bfd3-75f0e0235dff', 508, 508, 15, 43, 7, 7);
insert into recipe_ingredients (id, recipe_id, ingredient_text) values (gen_random_uuid(), 'cf8df5fb-d968-446d-bfd3-75f0e0235dff', 'frango grelhado');
insert into recipe_ingredients (id, recipe_id, ingredient_text) values (gen_random_uuid(), 'cf8df5fb-d968-446d-bfd3-75f0e0235dff', 'arroz integral');
insert into recipe_ingredients (id, recipe_id, ingredient_text) values (gen_random_uuid(), 'cf8df5fb-d968-446d-bfd3-75f0e0235dff', 'brócolis');
insert into recipe_ingredients (id, recipe_id, ingredient_text) values (gen_random_uuid(), 'cf8df5fb-d968-446d-bfd3-75f0e0235dff', 'alho');
insert into recipe_ingredients (id, recipe_id, ingredient_text) values (gen_random_uuid(), 'cf8df5fb-d968-446d-bfd3-75f0e0235dff', 'carne magra');
insert into recipe_ingredients (id, recipe_id, ingredient_text) values (gen_random_uuid(), 'cf8df5fb-d968-446d-bfd3-75f0e0235dff', 'cenoura');
insert into recipe_ingredients (id, recipe_id, ingredient_text) values (gen_random_uuid(), 'cf8df5fb-d968-446d-bfd3-75f0e0235dff', 'queijo branco');

insert into recipes (id, name, source, visibility, prep_time_min, preparation, objective, needs_review) values ('c326ea6f-5530-4aac-b705-e9f163d10c20', 'Carne Moída com Legumes com abobrinha', 'admin', 'public', 35, 'Refogue cebola e alho. Adicione a carne moída e cozinhe até secar. Acrescente cenoura e abobrinha picadas e cozinhe até ficarem macias. Adicione abobrinha durante o preparo para aumentar fibras e volume alimentar. Finalize ajustando os temperos naturais e sirva ainda quente.', 'Promover saciedade, praticidade, controle calórico moderado e aderência alimentar.', false);
insert into recipe_nutrition_profiles (id, recipe_id, calories, calories_kcal, protein_g, carbs_g, fats_g, fat_g) values (gen_random_uuid(), 'c326ea6f-5530-4aac-b705-e9f163d10c20', 369, 369, 25, 17, 12, 12);
insert into recipe_ingredients (id, recipe_id, ingredient_text) values (gen_random_uuid(), 'c326ea6f-5530-4aac-b705-e9f163d10c20', 'carne moída magra');
insert into recipe_ingredients (id, recipe_id, ingredient_text) values (gen_random_uuid(), 'c326ea6f-5530-4aac-b705-e9f163d10c20', 'cenoura');
insert into recipe_ingredients (id, recipe_id, ingredient_text) values (gen_random_uuid(), 'c326ea6f-5530-4aac-b705-e9f163d10c20', 'abobrinha');
insert into recipe_ingredients (id, recipe_id, ingredient_text) values (gen_random_uuid(), 'c326ea6f-5530-4aac-b705-e9f163d10c20', 'cebola');
insert into recipe_ingredients (id, recipe_id, ingredient_text) values (gen_random_uuid(), 'c326ea6f-5530-4aac-b705-e9f163d10c20', 'frango');
insert into recipe_ingredients (id, recipe_id, ingredient_text) values (gen_random_uuid(), 'c326ea6f-5530-4aac-b705-e9f163d10c20', 'abobrinha');
insert into recipe_ingredients (id, recipe_id, ingredient_text) values (gen_random_uuid(), 'c326ea6f-5530-4aac-b705-e9f163d10c20', 'aveia');

insert into recipes (id, name, source, visibility, prep_time_min, preparation, objective, needs_review) values ('282c8c03-722d-4706-9153-44b62ba48e25', 'Frango com Arroz Integral com cenoura', 'admin', 'public', 12, 'Tempere o frango com alho e ervas naturais e grelhe até dourar. Cozinhe o arroz integral separadamente. Refogue os brócolis rapidamente no alho e sirva junto. Adicione cenoura durante o preparo para aumentar fibras e volume alimentar. Finalize ajustando os temperos naturais e sirva ainda quente.', 'Promover saciedade, praticidade, controle calórico moderado e aderência alimentar.', false);
insert into recipe_nutrition_profiles (id, recipe_id, calories, calories_kcal, protein_g, carbs_g, fats_g, fat_g) values (gen_random_uuid(), '282c8c03-722d-4706-9153-44b62ba48e25', 535, 535, 20, 27, 15, 15);
insert into recipe_ingredients (id, recipe_id, ingredient_text) values (gen_random_uuid(), '282c8c03-722d-4706-9153-44b62ba48e25', 'frango grelhado');
insert into recipe_ingredients (id, recipe_id, ingredient_text) values (gen_random_uuid(), '282c8c03-722d-4706-9153-44b62ba48e25', 'arroz integral');
insert into recipe_ingredients (id, recipe_id, ingredient_text) values (gen_random_uuid(), '282c8c03-722d-4706-9153-44b62ba48e25', 'brócolis');
insert into recipe_ingredients (id, recipe_id, ingredient_text) values (gen_random_uuid(), '282c8c03-722d-4706-9153-44b62ba48e25', 'alho');
insert into recipe_ingredients (id, recipe_id, ingredient_text) values (gen_random_uuid(), '282c8c03-722d-4706-9153-44b62ba48e25', 'frango');
insert into recipe_ingredients (id, recipe_id, ingredient_text) values (gen_random_uuid(), '282c8c03-722d-4706-9153-44b62ba48e25', 'cenoura');
insert into recipe_ingredients (id, recipe_id, ingredient_text) values (gen_random_uuid(), '282c8c03-722d-4706-9153-44b62ba48e25', 'queijo branco');

insert into recipes (id, name, source, visibility, prep_time_min, preparation, objective, needs_review) values ('0dd3e843-adb5-4d8c-a50c-ffe79108f8f4', 'Frango com Arroz Integral com espinafre', 'admin', 'public', 21, 'Tempere o frango com alho e ervas naturais e grelhe até dourar. Cozinhe o arroz integral separadamente. Refogue os brócolis rapidamente no alho e sirva junto. Adicione espinafre durante o preparo para aumentar fibras e volume alimentar. Finalize ajustando os temperos naturais e sirva ainda quente.', 'Promover saciedade, praticidade, controle calórico moderado e aderência alimentar.', false);
insert into recipe_nutrition_profiles (id, recipe_id, calories, calories_kcal, protein_g, carbs_g, fats_g, fat_g) values (gen_random_uuid(), '0dd3e843-adb5-4d8c-a50c-ffe79108f8f4', 532, 532, 15, 16, 14, 14);
insert into recipe_ingredients (id, recipe_id, ingredient_text) values (gen_random_uuid(), '0dd3e843-adb5-4d8c-a50c-ffe79108f8f4', 'frango grelhado');
insert into recipe_ingredients (id, recipe_id, ingredient_text) values (gen_random_uuid(), '0dd3e843-adb5-4d8c-a50c-ffe79108f8f4', 'arroz integral');
insert into recipe_ingredients (id, recipe_id, ingredient_text) values (gen_random_uuid(), '0dd3e843-adb5-4d8c-a50c-ffe79108f8f4', 'brócolis');
insert into recipe_ingredients (id, recipe_id, ingredient_text) values (gen_random_uuid(), '0dd3e843-adb5-4d8c-a50c-ffe79108f8f4', 'alho');
insert into recipe_ingredients (id, recipe_id, ingredient_text) values (gen_random_uuid(), '0dd3e843-adb5-4d8c-a50c-ffe79108f8f4', 'carne magra');
insert into recipe_ingredients (id, recipe_id, ingredient_text) values (gen_random_uuid(), '0dd3e843-adb5-4d8c-a50c-ffe79108f8f4', 'espinafre');
insert into recipe_ingredients (id, recipe_id, ingredient_text) values (gen_random_uuid(), '0dd3e843-adb5-4d8c-a50c-ffe79108f8f4', 'iogurte natural');

insert into recipes (id, name, source, visibility, prep_time_min, preparation, objective, needs_review) values ('489575a3-62e1-4845-836c-775c40918951', 'Carne Moída com Legumes com abobrinha', 'admin', 'public', 20, 'Refogue cebola e alho. Adicione a carne moída e cozinhe até secar. Acrescente cenoura e abobrinha picadas e cozinhe até ficarem macias. Adicione abobrinha durante o preparo para aumentar fibras e volume alimentar. Finalize ajustando os temperos naturais e sirva ainda quente.', 'Promover saciedade, praticidade, controle calórico moderado e aderência alimentar.', false);
insert into recipe_nutrition_profiles (id, recipe_id, calories, calories_kcal, protein_g, carbs_g, fats_g, fat_g) values (gen_random_uuid(), '489575a3-62e1-4845-836c-775c40918951', 180, 180, 37, 27, 18, 18);
insert into recipe_ingredients (id, recipe_id, ingredient_text) values (gen_random_uuid(), '489575a3-62e1-4845-836c-775c40918951', 'carne moída magra');
insert into recipe_ingredients (id, recipe_id, ingredient_text) values (gen_random_uuid(), '489575a3-62e1-4845-836c-775c40918951', 'cenoura');
insert into recipe_ingredients (id, recipe_id, ingredient_text) values (gen_random_uuid(), '489575a3-62e1-4845-836c-775c40918951', 'abobrinha');
insert into recipe_ingredients (id, recipe_id, ingredient_text) values (gen_random_uuid(), '489575a3-62e1-4845-836c-775c40918951', 'cebola');
insert into recipe_ingredients (id, recipe_id, ingredient_text) values (gen_random_uuid(), '489575a3-62e1-4845-836c-775c40918951', 'atum');
insert into recipe_ingredients (id, recipe_id, ingredient_text) values (gen_random_uuid(), '489575a3-62e1-4845-836c-775c40918951', 'abobrinha');
insert into recipe_ingredients (id, recipe_id, ingredient_text) values (gen_random_uuid(), '489575a3-62e1-4845-836c-775c40918951', 'queijo branco');

insert into recipes (id, name, source, visibility, prep_time_min, preparation, objective, needs_review) values ('c1ed707f-34c8-45a9-bb6d-d1191e7b57f0', 'Frango com Arroz Integral com espinafre', 'admin', 'public', 30, 'Tempere o frango com alho e ervas naturais e grelhe até dourar. Cozinhe o arroz integral separadamente. Refogue os brócolis rapidamente no alho e sirva junto. Adicione espinafre durante o preparo para aumentar fibras e volume alimentar. Finalize ajustando os temperos naturais e sirva ainda quente.', 'Promover saciedade, praticidade, controle calórico moderado e aderência alimentar.', false);
insert into recipe_nutrition_profiles (id, recipe_id, calories, calories_kcal, protein_g, carbs_g, fats_g, fat_g) values (gen_random_uuid(), 'c1ed707f-34c8-45a9-bb6d-d1191e7b57f0', 185, 185, 23, 52, 5, 5);
insert into recipe_ingredients (id, recipe_id, ingredient_text) values (gen_random_uuid(), 'c1ed707f-34c8-45a9-bb6d-d1191e7b57f0', 'frango grelhado');
insert into recipe_ingredients (id, recipe_id, ingredient_text) values (gen_random_uuid(), 'c1ed707f-34c8-45a9-bb6d-d1191e7b57f0', 'arroz integral');
insert into recipe_ingredients (id, recipe_id, ingredient_text) values (gen_random_uuid(), 'c1ed707f-34c8-45a9-bb6d-d1191e7b57f0', 'brócolis');
insert into recipe_ingredients (id, recipe_id, ingredient_text) values (gen_random_uuid(), 'c1ed707f-34c8-45a9-bb6d-d1191e7b57f0', 'alho');
insert into recipe_ingredients (id, recipe_id, ingredient_text) values (gen_random_uuid(), 'c1ed707f-34c8-45a9-bb6d-d1191e7b57f0', 'atum');
insert into recipe_ingredients (id, recipe_id, ingredient_text) values (gen_random_uuid(), 'c1ed707f-34c8-45a9-bb6d-d1191e7b57f0', 'espinafre');
insert into recipe_ingredients (id, recipe_id, ingredient_text) values (gen_random_uuid(), 'c1ed707f-34c8-45a9-bb6d-d1191e7b57f0', 'chia');

insert into recipes (id, name, source, visibility, prep_time_min, preparation, objective, needs_review) values ('c938af1b-eec5-4f99-bfbe-0f64dd25ddf4', 'Frango com Arroz Integral com cenoura', 'admin', 'public', 5, 'Tempere o frango com alho e ervas naturais e grelhe até dourar. Cozinhe o arroz integral separadamente. Refogue os brócolis rapidamente no alho e sirva junto. Adicione cenoura durante o preparo para aumentar fibras e volume alimentar. Finalize ajustando os temperos naturais e sirva ainda quente.', 'Promover saciedade, praticidade, controle calórico moderado e aderência alimentar.', false);
insert into recipe_nutrition_profiles (id, recipe_id, calories, calories_kcal, protein_g, carbs_g, fats_g, fat_g) values (gen_random_uuid(), 'c938af1b-eec5-4f99-bfbe-0f64dd25ddf4', 200, 200, 23, 51, 15, 15);
insert into recipe_ingredients (id, recipe_id, ingredient_text) values (gen_random_uuid(), 'c938af1b-eec5-4f99-bfbe-0f64dd25ddf4', 'frango grelhado');
insert into recipe_ingredients (id, recipe_id, ingredient_text) values (gen_random_uuid(), 'c938af1b-eec5-4f99-bfbe-0f64dd25ddf4', 'arroz integral');
insert into recipe_ingredients (id, recipe_id, ingredient_text) values (gen_random_uuid(), 'c938af1b-eec5-4f99-bfbe-0f64dd25ddf4', 'brócolis');
insert into recipe_ingredients (id, recipe_id, ingredient_text) values (gen_random_uuid(), 'c938af1b-eec5-4f99-bfbe-0f64dd25ddf4', 'alho');
insert into recipe_ingredients (id, recipe_id, ingredient_text) values (gen_random_uuid(), 'c938af1b-eec5-4f99-bfbe-0f64dd25ddf4', 'ovo');
insert into recipe_ingredients (id, recipe_id, ingredient_text) values (gen_random_uuid(), 'c938af1b-eec5-4f99-bfbe-0f64dd25ddf4', 'cenoura');
insert into recipe_ingredients (id, recipe_id, ingredient_text) values (gen_random_uuid(), 'c938af1b-eec5-4f99-bfbe-0f64dd25ddf4', 'azeite');

insert into recipes (id, name, source, visibility, prep_time_min, preparation, objective, needs_review) values ('d6fd29ae-3404-4d4d-bbf4-c28c88f77b04', 'Frango com Arroz Integral com tomate', 'admin', 'public', 33, 'Tempere o frango com alho e ervas naturais e grelhe até dourar. Cozinhe o arroz integral separadamente. Refogue os brócolis rapidamente no alho e sirva junto. Adicione tomate durante o preparo para aumentar fibras e volume alimentar. Finalize ajustando os temperos naturais e sirva ainda quente.', 'Promover saciedade, praticidade, controle calórico moderado e aderência alimentar.', false);
insert into recipe_nutrition_profiles (id, recipe_id, calories, calories_kcal, protein_g, carbs_g, fats_g, fat_g) values (gen_random_uuid(), 'd6fd29ae-3404-4d4d-bbf4-c28c88f77b04', 454, 454, 19, 36, 17, 17);
insert into recipe_ingredients (id, recipe_id, ingredient_text) values (gen_random_uuid(), 'd6fd29ae-3404-4d4d-bbf4-c28c88f77b04', 'frango grelhado');
insert into recipe_ingredients (id, recipe_id, ingredient_text) values (gen_random_uuid(), 'd6fd29ae-3404-4d4d-bbf4-c28c88f77b04', 'arroz integral');
insert into recipe_ingredients (id, recipe_id, ingredient_text) values (gen_random_uuid(), 'd6fd29ae-3404-4d4d-bbf4-c28c88f77b04', 'brócolis');
insert into recipe_ingredients (id, recipe_id, ingredient_text) values (gen_random_uuid(), 'd6fd29ae-3404-4d4d-bbf4-c28c88f77b04', 'alho');
insert into recipe_ingredients (id, recipe_id, ingredient_text) values (gen_random_uuid(), 'd6fd29ae-3404-4d4d-bbf4-c28c88f77b04', 'tilápia');
insert into recipe_ingredients (id, recipe_id, ingredient_text) values (gen_random_uuid(), 'd6fd29ae-3404-4d4d-bbf4-c28c88f77b04', 'tomate');
insert into recipe_ingredients (id, recipe_id, ingredient_text) values (gen_random_uuid(), 'd6fd29ae-3404-4d4d-bbf4-c28c88f77b04', 'queijo branco');

insert into recipes (id, name, source, visibility, prep_time_min, preparation, objective, needs_review) values ('93a8a152-2cc5-4e32-8dc2-4daf0983ae68', 'Carne Moída com Legumes com abobrinha', 'admin', 'public', 21, 'Refogue cebola e alho. Adicione a carne moída e cozinhe até secar. Acrescente cenoura e abobrinha picadas e cozinhe até ficarem macias. Adicione abobrinha durante o preparo para aumentar fibras e volume alimentar. Finalize ajustando os temperos naturais e sirva ainda quente.', 'Promover saciedade, praticidade, controle calórico moderado e aderência alimentar.', false);
insert into recipe_nutrition_profiles (id, recipe_id, calories, calories_kcal, protein_g, carbs_g, fats_g, fat_g) values (gen_random_uuid(), '93a8a152-2cc5-4e32-8dc2-4daf0983ae68', 296, 296, 36, 20, 6, 6);
insert into recipe_ingredients (id, recipe_id, ingredient_text) values (gen_random_uuid(), '93a8a152-2cc5-4e32-8dc2-4daf0983ae68', 'carne moída magra');
insert into recipe_ingredients (id, recipe_id, ingredient_text) values (gen_random_uuid(), '93a8a152-2cc5-4e32-8dc2-4daf0983ae68', 'cenoura');
insert into recipe_ingredients (id, recipe_id, ingredient_text) values (gen_random_uuid(), '93a8a152-2cc5-4e32-8dc2-4daf0983ae68', 'abobrinha');
insert into recipe_ingredients (id, recipe_id, ingredient_text) values (gen_random_uuid(), '93a8a152-2cc5-4e32-8dc2-4daf0983ae68', 'cebola');
insert into recipe_ingredients (id, recipe_id, ingredient_text) values (gen_random_uuid(), '93a8a152-2cc5-4e32-8dc2-4daf0983ae68', 'frango');
insert into recipe_ingredients (id, recipe_id, ingredient_text) values (gen_random_uuid(), '93a8a152-2cc5-4e32-8dc2-4daf0983ae68', 'abobrinha');
insert into recipe_ingredients (id, recipe_id, ingredient_text) values (gen_random_uuid(), '93a8a152-2cc5-4e32-8dc2-4daf0983ae68', 'iogurte natural');

insert into recipes (id, name, source, visibility, prep_time_min, preparation, objective, needs_review) values ('ff5f3d4e-ec00-48cf-90ca-4c3f66aaef5f', 'Carne Moída com Legumes com espinafre', 'admin', 'public', 7, 'Refogue cebola e alho. Adicione a carne moída e cozinhe até secar. Acrescente cenoura e abobrinha picadas e cozinhe até ficarem macias. Adicione espinafre durante o preparo para aumentar fibras e volume alimentar. Finalize ajustando os temperos naturais e sirva ainda quente.', 'Promover saciedade, praticidade, controle calórico moderado e aderência alimentar.', false);
insert into recipe_nutrition_profiles (id, recipe_id, calories, calories_kcal, protein_g, carbs_g, fats_g, fat_g) values (gen_random_uuid(), 'ff5f3d4e-ec00-48cf-90ca-4c3f66aaef5f', 365, 365, 12, 42, 8, 8);
insert into recipe_ingredients (id, recipe_id, ingredient_text) values (gen_random_uuid(), 'ff5f3d4e-ec00-48cf-90ca-4c3f66aaef5f', 'carne moída magra');
insert into recipe_ingredients (id, recipe_id, ingredient_text) values (gen_random_uuid(), 'ff5f3d4e-ec00-48cf-90ca-4c3f66aaef5f', 'cenoura');
insert into recipe_ingredients (id, recipe_id, ingredient_text) values (gen_random_uuid(), 'ff5f3d4e-ec00-48cf-90ca-4c3f66aaef5f', 'abobrinha');
insert into recipe_ingredients (id, recipe_id, ingredient_text) values (gen_random_uuid(), 'ff5f3d4e-ec00-48cf-90ca-4c3f66aaef5f', 'cebola');
insert into recipe_ingredients (id, recipe_id, ingredient_text) values (gen_random_uuid(), 'ff5f3d4e-ec00-48cf-90ca-4c3f66aaef5f', 'atum');
insert into recipe_ingredients (id, recipe_id, ingredient_text) values (gen_random_uuid(), 'ff5f3d4e-ec00-48cf-90ca-4c3f66aaef5f', 'espinafre');
insert into recipe_ingredients (id, recipe_id, ingredient_text) values (gen_random_uuid(), 'ff5f3d4e-ec00-48cf-90ca-4c3f66aaef5f', 'iogurte natural');

insert into recipes (id, name, source, visibility, prep_time_min, preparation, objective, needs_review) values ('d7f902e2-550a-4d6f-8a15-d18e28bce66c', 'Frango com Arroz Integral com espinafre', 'admin', 'public', 34, 'Tempere o frango com alho e ervas naturais e grelhe até dourar. Cozinhe o arroz integral separadamente. Refogue os brócolis rapidamente no alho e sirva junto. Adicione espinafre durante o preparo para aumentar fibras e volume alimentar. Finalize ajustando os temperos naturais e sirva ainda quente.', 'Promover saciedade, praticidade, controle calórico moderado e aderência alimentar.', false);
insert into recipe_nutrition_profiles (id, recipe_id, calories, calories_kcal, protein_g, carbs_g, fats_g, fat_g) values (gen_random_uuid(), 'd7f902e2-550a-4d6f-8a15-d18e28bce66c', 446, 446, 35, 16, 16, 16);
insert into recipe_ingredients (id, recipe_id, ingredient_text) values (gen_random_uuid(), 'd7f902e2-550a-4d6f-8a15-d18e28bce66c', 'frango grelhado');
insert into recipe_ingredients (id, recipe_id, ingredient_text) values (gen_random_uuid(), 'd7f902e2-550a-4d6f-8a15-d18e28bce66c', 'arroz integral');
insert into recipe_ingredients (id, recipe_id, ingredient_text) values (gen_random_uuid(), 'd7f902e2-550a-4d6f-8a15-d18e28bce66c', 'brócolis');
insert into recipe_ingredients (id, recipe_id, ingredient_text) values (gen_random_uuid(), 'd7f902e2-550a-4d6f-8a15-d18e28bce66c', 'alho');
insert into recipe_ingredients (id, recipe_id, ingredient_text) values (gen_random_uuid(), 'd7f902e2-550a-4d6f-8a15-d18e28bce66c', 'ovo');
insert into recipe_ingredients (id, recipe_id, ingredient_text) values (gen_random_uuid(), 'd7f902e2-550a-4d6f-8a15-d18e28bce66c', 'espinafre');
insert into recipe_ingredients (id, recipe_id, ingredient_text) values (gen_random_uuid(), 'd7f902e2-550a-4d6f-8a15-d18e28bce66c', 'iogurte natural');

insert into recipes (id, name, source, visibility, prep_time_min, preparation, objective, needs_review) values ('78099e98-13be-49bb-a2d1-07f908fba573', 'Frango com Arroz Integral com abobrinha', 'admin', 'public', 16, 'Tempere o frango com alho e ervas naturais e grelhe até dourar. Cozinhe o arroz integral separadamente. Refogue os brócolis rapidamente no alho e sirva junto. Adicione abobrinha durante o preparo para aumentar fibras e volume alimentar. Finalize ajustando os temperos naturais e sirva ainda quente.', 'Promover saciedade, praticidade, controle calórico moderado e aderência alimentar.', false);
insert into recipe_nutrition_profiles (id, recipe_id, calories, calories_kcal, protein_g, carbs_g, fats_g, fat_g) values (gen_random_uuid(), '78099e98-13be-49bb-a2d1-07f908fba573', 466, 466, 34, 53, 16, 16);
insert into recipe_ingredients (id, recipe_id, ingredient_text) values (gen_random_uuid(), '78099e98-13be-49bb-a2d1-07f908fba573', 'frango grelhado');
insert into recipe_ingredients (id, recipe_id, ingredient_text) values (gen_random_uuid(), '78099e98-13be-49bb-a2d1-07f908fba573', 'arroz integral');
insert into recipe_ingredients (id, recipe_id, ingredient_text) values (gen_random_uuid(), '78099e98-13be-49bb-a2d1-07f908fba573', 'brócolis');
insert into recipe_ingredients (id, recipe_id, ingredient_text) values (gen_random_uuid(), '78099e98-13be-49bb-a2d1-07f908fba573', 'alho');
insert into recipe_ingredients (id, recipe_id, ingredient_text) values (gen_random_uuid(), '78099e98-13be-49bb-a2d1-07f908fba573', 'tilápia');
insert into recipe_ingredients (id, recipe_id, ingredient_text) values (gen_random_uuid(), '78099e98-13be-49bb-a2d1-07f908fba573', 'abobrinha');
insert into recipe_ingredients (id, recipe_id, ingredient_text) values (gen_random_uuid(), '78099e98-13be-49bb-a2d1-07f908fba573', 'chia');

insert into recipes (id, name, source, visibility, prep_time_min, preparation, objective, needs_review) values ('9b4e6eb3-212d-4bb3-bd03-bf9097cab9a0', 'Carne Moída com Legumes com abobrinha', 'admin', 'public', 21, 'Refogue cebola e alho. Adicione a carne moída e cozinhe até secar. Acrescente cenoura e abobrinha picadas e cozinhe até ficarem macias. Adicione abobrinha durante o preparo para aumentar fibras e volume alimentar. Finalize ajustando os temperos naturais e sirva ainda quente.', 'Promover saciedade, praticidade, controle calórico moderado e aderência alimentar.', false);
insert into recipe_nutrition_profiles (id, recipe_id, calories, calories_kcal, protein_g, carbs_g, fats_g, fat_g) values (gen_random_uuid(), '9b4e6eb3-212d-4bb3-bd03-bf9097cab9a0', 508, 508, 35, 44, 9, 9);
insert into recipe_ingredients (id, recipe_id, ingredient_text) values (gen_random_uuid(), '9b4e6eb3-212d-4bb3-bd03-bf9097cab9a0', 'carne moída magra');
insert into recipe_ingredients (id, recipe_id, ingredient_text) values (gen_random_uuid(), '9b4e6eb3-212d-4bb3-bd03-bf9097cab9a0', 'cenoura');
insert into recipe_ingredients (id, recipe_id, ingredient_text) values (gen_random_uuid(), '9b4e6eb3-212d-4bb3-bd03-bf9097cab9a0', 'abobrinha');
insert into recipe_ingredients (id, recipe_id, ingredient_text) values (gen_random_uuid(), '9b4e6eb3-212d-4bb3-bd03-bf9097cab9a0', 'cebola');
insert into recipe_ingredients (id, recipe_id, ingredient_text) values (gen_random_uuid(), '9b4e6eb3-212d-4bb3-bd03-bf9097cab9a0', 'tilápia');
insert into recipe_ingredients (id, recipe_id, ingredient_text) values (gen_random_uuid(), '9b4e6eb3-212d-4bb3-bd03-bf9097cab9a0', 'abobrinha');
insert into recipe_ingredients (id, recipe_id, ingredient_text) values (gen_random_uuid(), '9b4e6eb3-212d-4bb3-bd03-bf9097cab9a0', 'queijo branco');

insert into recipes (id, name, source, visibility, prep_time_min, preparation, objective, needs_review) values ('e1ed130e-786e-4816-8f96-5c4322a22687', 'Frango com Arroz Integral com espinafre', 'admin', 'public', 18, 'Tempere o frango com alho e ervas naturais e grelhe até dourar. Cozinhe o arroz integral separadamente. Refogue os brócolis rapidamente no alho e sirva junto. Adicione espinafre durante o preparo para aumentar fibras e volume alimentar. Finalize ajustando os temperos naturais e sirva ainda quente.', 'Promover saciedade, praticidade, controle calórico moderado e aderência alimentar.', false);
insert into recipe_nutrition_profiles (id, recipe_id, calories, calories_kcal, protein_g, carbs_g, fats_g, fat_g) values (gen_random_uuid(), 'e1ed130e-786e-4816-8f96-5c4322a22687', 474, 474, 27, 29, 15, 15);
insert into recipe_ingredients (id, recipe_id, ingredient_text) values (gen_random_uuid(), 'e1ed130e-786e-4816-8f96-5c4322a22687', 'frango grelhado');
insert into recipe_ingredients (id, recipe_id, ingredient_text) values (gen_random_uuid(), 'e1ed130e-786e-4816-8f96-5c4322a22687', 'arroz integral');
insert into recipe_ingredients (id, recipe_id, ingredient_text) values (gen_random_uuid(), 'e1ed130e-786e-4816-8f96-5c4322a22687', 'brócolis');
insert into recipe_ingredients (id, recipe_id, ingredient_text) values (gen_random_uuid(), 'e1ed130e-786e-4816-8f96-5c4322a22687', 'alho');
insert into recipe_ingredients (id, recipe_id, ingredient_text) values (gen_random_uuid(), 'e1ed130e-786e-4816-8f96-5c4322a22687', 'ovo');
insert into recipe_ingredients (id, recipe_id, ingredient_text) values (gen_random_uuid(), 'e1ed130e-786e-4816-8f96-5c4322a22687', 'espinafre');
insert into recipe_ingredients (id, recipe_id, ingredient_text) values (gen_random_uuid(), 'e1ed130e-786e-4816-8f96-5c4322a22687', 'aveia');

insert into recipes (id, name, source, visibility, prep_time_min, preparation, objective, needs_review) values ('293b5cc4-4302-47d9-98a0-a06b47bf152b', 'Frango com Arroz Integral com cenoura', 'admin', 'public', 32, 'Tempere o frango com alho e ervas naturais e grelhe até dourar. Cozinhe o arroz integral separadamente. Refogue os brócolis rapidamente no alho e sirva junto. Adicione cenoura durante o preparo para aumentar fibras e volume alimentar. Finalize ajustando os temperos naturais e sirva ainda quente.', 'Promover saciedade, praticidade, controle calórico moderado e aderência alimentar.', false);
insert into recipe_nutrition_profiles (id, recipe_id, calories, calories_kcal, protein_g, carbs_g, fats_g, fat_g) values (gen_random_uuid(), '293b5cc4-4302-47d9-98a0-a06b47bf152b', 483, 483, 34, 35, 6, 6);
insert into recipe_ingredients (id, recipe_id, ingredient_text) values (gen_random_uuid(), '293b5cc4-4302-47d9-98a0-a06b47bf152b', 'frango grelhado');
insert into recipe_ingredients (id, recipe_id, ingredient_text) values (gen_random_uuid(), '293b5cc4-4302-47d9-98a0-a06b47bf152b', 'arroz integral');
insert into recipe_ingredients (id, recipe_id, ingredient_text) values (gen_random_uuid(), '293b5cc4-4302-47d9-98a0-a06b47bf152b', 'brócolis');
insert into recipe_ingredients (id, recipe_id, ingredient_text) values (gen_random_uuid(), '293b5cc4-4302-47d9-98a0-a06b47bf152b', 'alho');
insert into recipe_ingredients (id, recipe_id, ingredient_text) values (gen_random_uuid(), '293b5cc4-4302-47d9-98a0-a06b47bf152b', 'ovo');
insert into recipe_ingredients (id, recipe_id, ingredient_text) values (gen_random_uuid(), '293b5cc4-4302-47d9-98a0-a06b47bf152b', 'cenoura');
insert into recipe_ingredients (id, recipe_id, ingredient_text) values (gen_random_uuid(), '293b5cc4-4302-47d9-98a0-a06b47bf152b', 'chia');

insert into recipes (id, name, source, visibility, prep_time_min, preparation, objective, needs_review) values ('0d75ef2c-0ebd-4f42-a367-177692a811eb', 'Carne Moída com Legumes com abobrinha', 'admin', 'public', 27, 'Refogue cebola e alho. Adicione a carne moída e cozinhe até secar. Acrescente cenoura e abobrinha picadas e cozinhe até ficarem macias. Adicione abobrinha durante o preparo para aumentar fibras e volume alimentar. Finalize ajustando os temperos naturais e sirva ainda quente.', 'Promover saciedade, praticidade, controle calórico moderado e aderência alimentar.', false);
insert into recipe_nutrition_profiles (id, recipe_id, calories, calories_kcal, protein_g, carbs_g, fats_g, fat_g) values (gen_random_uuid(), '0d75ef2c-0ebd-4f42-a367-177692a811eb', 482, 482, 35, 34, 8, 8);
insert into recipe_ingredients (id, recipe_id, ingredient_text) values (gen_random_uuid(), '0d75ef2c-0ebd-4f42-a367-177692a811eb', 'carne moída magra');
insert into recipe_ingredients (id, recipe_id, ingredient_text) values (gen_random_uuid(), '0d75ef2c-0ebd-4f42-a367-177692a811eb', 'cenoura');
insert into recipe_ingredients (id, recipe_id, ingredient_text) values (gen_random_uuid(), '0d75ef2c-0ebd-4f42-a367-177692a811eb', 'abobrinha');
insert into recipe_ingredients (id, recipe_id, ingredient_text) values (gen_random_uuid(), '0d75ef2c-0ebd-4f42-a367-177692a811eb', 'cebola');
insert into recipe_ingredients (id, recipe_id, ingredient_text) values (gen_random_uuid(), '0d75ef2c-0ebd-4f42-a367-177692a811eb', 'carne magra');
insert into recipe_ingredients (id, recipe_id, ingredient_text) values (gen_random_uuid(), '0d75ef2c-0ebd-4f42-a367-177692a811eb', 'abobrinha');
insert into recipe_ingredients (id, recipe_id, ingredient_text) values (gen_random_uuid(), '0d75ef2c-0ebd-4f42-a367-177692a811eb', 'chia');

insert into recipes (id, name, source, visibility, prep_time_min, preparation, objective, needs_review) values ('5692a975-1826-406f-a711-8d11a8e7c1a8', 'Frango com Arroz Integral com tomate', 'admin', 'public', 6, 'Tempere o frango com alho e ervas naturais e grelhe até dourar. Cozinhe o arroz integral separadamente. Refogue os brócolis rapidamente no alho e sirva junto. Adicione tomate durante o preparo para aumentar fibras e volume alimentar. Finalize ajustando os temperos naturais e sirva ainda quente.', 'Promover saciedade, praticidade, controle calórico moderado e aderência alimentar.', false);
insert into recipe_nutrition_profiles (id, recipe_id, calories, calories_kcal, protein_g, carbs_g, fats_g, fat_g) values (gen_random_uuid(), '5692a975-1826-406f-a711-8d11a8e7c1a8', 295, 295, 15, 27, 17, 17);
insert into recipe_ingredients (id, recipe_id, ingredient_text) values (gen_random_uuid(), '5692a975-1826-406f-a711-8d11a8e7c1a8', 'frango grelhado');
insert into recipe_ingredients (id, recipe_id, ingredient_text) values (gen_random_uuid(), '5692a975-1826-406f-a711-8d11a8e7c1a8', 'arroz integral');
insert into recipe_ingredients (id, recipe_id, ingredient_text) values (gen_random_uuid(), '5692a975-1826-406f-a711-8d11a8e7c1a8', 'brócolis');
insert into recipe_ingredients (id, recipe_id, ingredient_text) values (gen_random_uuid(), '5692a975-1826-406f-a711-8d11a8e7c1a8', 'alho');
insert into recipe_ingredients (id, recipe_id, ingredient_text) values (gen_random_uuid(), '5692a975-1826-406f-a711-8d11a8e7c1a8', 'tilápia');
insert into recipe_ingredients (id, recipe_id, ingredient_text) values (gen_random_uuid(), '5692a975-1826-406f-a711-8d11a8e7c1a8', 'tomate');
insert into recipe_ingredients (id, recipe_id, ingredient_text) values (gen_random_uuid(), '5692a975-1826-406f-a711-8d11a8e7c1a8', 'azeite');

insert into recipes (id, name, source, visibility, prep_time_min, preparation, objective, needs_review) values ('f43e2791-e6bb-4cd7-a958-f3e5cfd80e92', 'Carne Moída com Legumes com brócolis', 'admin', 'public', 21, 'Refogue cebola e alho. Adicione a carne moída e cozinhe até secar. Acrescente cenoura e abobrinha picadas e cozinhe até ficarem macias. Adicione brócolis durante o preparo para aumentar fibras e volume alimentar. Finalize ajustando os temperos naturais e sirva ainda quente.', 'Promover saciedade, praticidade, controle calórico moderado e aderência alimentar.', false);
insert into recipe_nutrition_profiles (id, recipe_id, calories, calories_kcal, protein_g, carbs_g, fats_g, fat_g) values (gen_random_uuid(), 'f43e2791-e6bb-4cd7-a958-f3e5cfd80e92', 228, 228, 32, 33, 16, 16);
insert into recipe_ingredients (id, recipe_id, ingredient_text) values (gen_random_uuid(), 'f43e2791-e6bb-4cd7-a958-f3e5cfd80e92', 'carne moída magra');
insert into recipe_ingredients (id, recipe_id, ingredient_text) values (gen_random_uuid(), 'f43e2791-e6bb-4cd7-a958-f3e5cfd80e92', 'cenoura');
insert into recipe_ingredients (id, recipe_id, ingredient_text) values (gen_random_uuid(), 'f43e2791-e6bb-4cd7-a958-f3e5cfd80e92', 'abobrinha');
insert into recipe_ingredients (id, recipe_id, ingredient_text) values (gen_random_uuid(), 'f43e2791-e6bb-4cd7-a958-f3e5cfd80e92', 'cebola');
insert into recipe_ingredients (id, recipe_id, ingredient_text) values (gen_random_uuid(), 'f43e2791-e6bb-4cd7-a958-f3e5cfd80e92', 'atum');
insert into recipe_ingredients (id, recipe_id, ingredient_text) values (gen_random_uuid(), 'f43e2791-e6bb-4cd7-a958-f3e5cfd80e92', 'brócolis');
insert into recipe_ingredients (id, recipe_id, ingredient_text) values (gen_random_uuid(), 'f43e2791-e6bb-4cd7-a958-f3e5cfd80e92', 'iogurte natural');

insert into recipes (id, name, source, visibility, prep_time_min, preparation, objective, needs_review) values ('3bd1bbcc-2120-40f3-9282-d974c453105a', 'Carne Moída com Legumes com abobrinha', 'admin', 'public', 22, 'Refogue cebola e alho. Adicione a carne moída e cozinhe até secar. Acrescente cenoura e abobrinha picadas e cozinhe até ficarem macias. Adicione abobrinha durante o preparo para aumentar fibras e volume alimentar. Finalize ajustando os temperos naturais e sirva ainda quente.', 'Promover saciedade, praticidade, controle calórico moderado e aderência alimentar.', false);
insert into recipe_nutrition_profiles (id, recipe_id, calories, calories_kcal, protein_g, carbs_g, fats_g, fat_g) values (gen_random_uuid(), '3bd1bbcc-2120-40f3-9282-d974c453105a', 273, 273, 29, 44, 17, 17);
insert into recipe_ingredients (id, recipe_id, ingredient_text) values (gen_random_uuid(), '3bd1bbcc-2120-40f3-9282-d974c453105a', 'carne moída magra');
insert into recipe_ingredients (id, recipe_id, ingredient_text) values (gen_random_uuid(), '3bd1bbcc-2120-40f3-9282-d974c453105a', 'cenoura');
insert into recipe_ingredients (id, recipe_id, ingredient_text) values (gen_random_uuid(), '3bd1bbcc-2120-40f3-9282-d974c453105a', 'abobrinha');
insert into recipe_ingredients (id, recipe_id, ingredient_text) values (gen_random_uuid(), '3bd1bbcc-2120-40f3-9282-d974c453105a', 'cebola');
insert into recipe_ingredients (id, recipe_id, ingredient_text) values (gen_random_uuid(), '3bd1bbcc-2120-40f3-9282-d974c453105a', 'atum');
insert into recipe_ingredients (id, recipe_id, ingredient_text) values (gen_random_uuid(), '3bd1bbcc-2120-40f3-9282-d974c453105a', 'abobrinha');
insert into recipe_ingredients (id, recipe_id, ingredient_text) values (gen_random_uuid(), '3bd1bbcc-2120-40f3-9282-d974c453105a', 'chia');

insert into recipes (id, name, source, visibility, prep_time_min, preparation, objective, needs_review) values ('d9f95012-6df5-41b3-a8a5-8f8b2d308582', 'Frango com Arroz Integral com espinafre', 'admin', 'public', 10, 'Tempere o frango com alho e ervas naturais e grelhe até dourar. Cozinhe o arroz integral separadamente. Refogue os brócolis rapidamente no alho e sirva junto. Adicione espinafre durante o preparo para aumentar fibras e volume alimentar. Finalize ajustando os temperos naturais e sirva ainda quente.', 'Promover saciedade, praticidade, controle calórico moderado e aderência alimentar.', false);
insert into recipe_nutrition_profiles (id, recipe_id, calories, calories_kcal, protein_g, carbs_g, fats_g, fat_g) values (gen_random_uuid(), 'd9f95012-6df5-41b3-a8a5-8f8b2d308582', 289, 289, 13, 38, 9, 9);
insert into recipe_ingredients (id, recipe_id, ingredient_text) values (gen_random_uuid(), 'd9f95012-6df5-41b3-a8a5-8f8b2d308582', 'frango grelhado');
insert into recipe_ingredients (id, recipe_id, ingredient_text) values (gen_random_uuid(), 'd9f95012-6df5-41b3-a8a5-8f8b2d308582', 'arroz integral');
insert into recipe_ingredients (id, recipe_id, ingredient_text) values (gen_random_uuid(), 'd9f95012-6df5-41b3-a8a5-8f8b2d308582', 'brócolis');
insert into recipe_ingredients (id, recipe_id, ingredient_text) values (gen_random_uuid(), 'd9f95012-6df5-41b3-a8a5-8f8b2d308582', 'alho');
insert into recipe_ingredients (id, recipe_id, ingredient_text) values (gen_random_uuid(), 'd9f95012-6df5-41b3-a8a5-8f8b2d308582', 'frango');
insert into recipe_ingredients (id, recipe_id, ingredient_text) values (gen_random_uuid(), 'd9f95012-6df5-41b3-a8a5-8f8b2d308582', 'espinafre');
insert into recipe_ingredients (id, recipe_id, ingredient_text) values (gen_random_uuid(), 'd9f95012-6df5-41b3-a8a5-8f8b2d308582', 'chia');

insert into recipes (id, name, source, visibility, prep_time_min, preparation, objective, needs_review) values ('e4760964-823f-46d6-ab5f-85b718290c87', 'Carne Moída com Legumes com espinafre', 'admin', 'public', 12, 'Refogue cebola e alho. Adicione a carne moída e cozinhe até secar. Acrescente cenoura e abobrinha picadas e cozinhe até ficarem macias. Adicione espinafre durante o preparo para aumentar fibras e volume alimentar. Finalize ajustando os temperos naturais e sirva ainda quente.', 'Promover saciedade, praticidade, controle calórico moderado e aderência alimentar.', false);
insert into recipe_nutrition_profiles (id, recipe_id, calories, calories_kcal, protein_g, carbs_g, fats_g, fat_g) values (gen_random_uuid(), 'e4760964-823f-46d6-ab5f-85b718290c87', 355, 355, 17, 32, 18, 18);
insert into recipe_ingredients (id, recipe_id, ingredient_text) values (gen_random_uuid(), 'e4760964-823f-46d6-ab5f-85b718290c87', 'carne moída magra');
insert into recipe_ingredients (id, recipe_id, ingredient_text) values (gen_random_uuid(), 'e4760964-823f-46d6-ab5f-85b718290c87', 'cenoura');
insert into recipe_ingredients (id, recipe_id, ingredient_text) values (gen_random_uuid(), 'e4760964-823f-46d6-ab5f-85b718290c87', 'abobrinha');
insert into recipe_ingredients (id, recipe_id, ingredient_text) values (gen_random_uuid(), 'e4760964-823f-46d6-ab5f-85b718290c87', 'cebola');
insert into recipe_ingredients (id, recipe_id, ingredient_text) values (gen_random_uuid(), 'e4760964-823f-46d6-ab5f-85b718290c87', 'atum');
insert into recipe_ingredients (id, recipe_id, ingredient_text) values (gen_random_uuid(), 'e4760964-823f-46d6-ab5f-85b718290c87', 'espinafre');
insert into recipe_ingredients (id, recipe_id, ingredient_text) values (gen_random_uuid(), 'e4760964-823f-46d6-ab5f-85b718290c87', 'aveia');

insert into recipes (id, name, source, visibility, prep_time_min, preparation, objective, needs_review) values ('04fb761e-f5b6-43a0-bdcb-a568062049d5', 'Carne Moída com Legumes com brócolis', 'admin', 'public', 23, 'Refogue cebola e alho. Adicione a carne moída e cozinhe até secar. Acrescente cenoura e abobrinha picadas e cozinhe até ficarem macias. Adicione brócolis durante o preparo para aumentar fibras e volume alimentar. Finalize ajustando os temperos naturais e sirva ainda quente.', 'Promover saciedade, praticidade, controle calórico moderado e aderência alimentar.', false);
insert into recipe_nutrition_profiles (id, recipe_id, calories, calories_kcal, protein_g, carbs_g, fats_g, fat_g) values (gen_random_uuid(), '04fb761e-f5b6-43a0-bdcb-a568062049d5', 279, 279, 26, 20, 11, 11);
insert into recipe_ingredients (id, recipe_id, ingredient_text) values (gen_random_uuid(), '04fb761e-f5b6-43a0-bdcb-a568062049d5', 'carne moída magra');
insert into recipe_ingredients (id, recipe_id, ingredient_text) values (gen_random_uuid(), '04fb761e-f5b6-43a0-bdcb-a568062049d5', 'cenoura');
insert into recipe_ingredients (id, recipe_id, ingredient_text) values (gen_random_uuid(), '04fb761e-f5b6-43a0-bdcb-a568062049d5', 'abobrinha');
insert into recipe_ingredients (id, recipe_id, ingredient_text) values (gen_random_uuid(), '04fb761e-f5b6-43a0-bdcb-a568062049d5', 'cebola');
insert into recipe_ingredients (id, recipe_id, ingredient_text) values (gen_random_uuid(), '04fb761e-f5b6-43a0-bdcb-a568062049d5', 'tilápia');
insert into recipe_ingredients (id, recipe_id, ingredient_text) values (gen_random_uuid(), '04fb761e-f5b6-43a0-bdcb-a568062049d5', 'brócolis');
insert into recipe_ingredients (id, recipe_id, ingredient_text) values (gen_random_uuid(), '04fb761e-f5b6-43a0-bdcb-a568062049d5', 'chia');

insert into recipes (id, name, source, visibility, prep_time_min, preparation, objective, needs_review) values ('56ac69b9-b3a9-4551-bc19-06354a9b09ce', 'Carne Moída com Legumes com tomate', 'admin', 'public', 20, 'Refogue cebola e alho. Adicione a carne moída e cozinhe até secar. Acrescente cenoura e abobrinha picadas e cozinhe até ficarem macias. Adicione tomate durante o preparo para aumentar fibras e volume alimentar. Finalize ajustando os temperos naturais e sirva ainda quente.', 'Promover saciedade, praticidade, controle calórico moderado e aderência alimentar.', false);
insert into recipe_nutrition_profiles (id, recipe_id, calories, calories_kcal, protein_g, carbs_g, fats_g, fat_g) values (gen_random_uuid(), '56ac69b9-b3a9-4551-bc19-06354a9b09ce', 246, 246, 19, 40, 10, 10);
insert into recipe_ingredients (id, recipe_id, ingredient_text) values (gen_random_uuid(), '56ac69b9-b3a9-4551-bc19-06354a9b09ce', 'carne moída magra');
insert into recipe_ingredients (id, recipe_id, ingredient_text) values (gen_random_uuid(), '56ac69b9-b3a9-4551-bc19-06354a9b09ce', 'cenoura');
insert into recipe_ingredients (id, recipe_id, ingredient_text) values (gen_random_uuid(), '56ac69b9-b3a9-4551-bc19-06354a9b09ce', 'abobrinha');
insert into recipe_ingredients (id, recipe_id, ingredient_text) values (gen_random_uuid(), '56ac69b9-b3a9-4551-bc19-06354a9b09ce', 'cebola');
insert into recipe_ingredients (id, recipe_id, ingredient_text) values (gen_random_uuid(), '56ac69b9-b3a9-4551-bc19-06354a9b09ce', 'carne magra');
insert into recipe_ingredients (id, recipe_id, ingredient_text) values (gen_random_uuid(), '56ac69b9-b3a9-4551-bc19-06354a9b09ce', 'tomate');
insert into recipe_ingredients (id, recipe_id, ingredient_text) values (gen_random_uuid(), '56ac69b9-b3a9-4551-bc19-06354a9b09ce', 'chia');

insert into recipes (id, name, source, visibility, prep_time_min, preparation, objective, needs_review) values ('9be97fd3-fc2a-495f-9a60-34c6516fde25', 'Frango com Arroz Integral com cenoura', 'admin', 'public', 33, 'Tempere o frango com alho e ervas naturais e grelhe até dourar. Cozinhe o arroz integral separadamente. Refogue os brócolis rapidamente no alho e sirva junto. Adicione cenoura durante o preparo para aumentar fibras e volume alimentar. Finalize ajustando os temperos naturais e sirva ainda quente.', 'Promover saciedade, praticidade, controle calórico moderado e aderência alimentar.', false);
insert into recipe_nutrition_profiles (id, recipe_id, calories, calories_kcal, protein_g, carbs_g, fats_g, fat_g) values (gen_random_uuid(), '9be97fd3-fc2a-495f-9a60-34c6516fde25', 264, 264, 35, 35, 11, 11);
insert into recipe_ingredients (id, recipe_id, ingredient_text) values (gen_random_uuid(), '9be97fd3-fc2a-495f-9a60-34c6516fde25', 'frango grelhado');
insert into recipe_ingredients (id, recipe_id, ingredient_text) values (gen_random_uuid(), '9be97fd3-fc2a-495f-9a60-34c6516fde25', 'arroz integral');
insert into recipe_ingredients (id, recipe_id, ingredient_text) values (gen_random_uuid(), '9be97fd3-fc2a-495f-9a60-34c6516fde25', 'brócolis');
insert into recipe_ingredients (id, recipe_id, ingredient_text) values (gen_random_uuid(), '9be97fd3-fc2a-495f-9a60-34c6516fde25', 'alho');
insert into recipe_ingredients (id, recipe_id, ingredient_text) values (gen_random_uuid(), '9be97fd3-fc2a-495f-9a60-34c6516fde25', 'carne magra');
insert into recipe_ingredients (id, recipe_id, ingredient_text) values (gen_random_uuid(), '9be97fd3-fc2a-495f-9a60-34c6516fde25', 'cenoura');
insert into recipe_ingredients (id, recipe_id, ingredient_text) values (gen_random_uuid(), '9be97fd3-fc2a-495f-9a60-34c6516fde25', 'azeite');

insert into recipes (id, name, source, visibility, prep_time_min, preparation, objective, needs_review) values ('16be6262-957d-4021-9323-7a7ed4972bf2', 'Frango com Arroz Integral com abobrinha', 'admin', 'public', 34, 'Tempere o frango com alho e ervas naturais e grelhe até dourar. Cozinhe o arroz integral separadamente. Refogue os brócolis rapidamente no alho e sirva junto. Adicione abobrinha durante o preparo para aumentar fibras e volume alimentar. Finalize ajustando os temperos naturais e sirva ainda quente.', 'Promover saciedade, praticidade, controle calórico moderado e aderência alimentar.', false);
insert into recipe_nutrition_profiles (id, recipe_id, calories, calories_kcal, protein_g, carbs_g, fats_g, fat_g) values (gen_random_uuid(), '16be6262-957d-4021-9323-7a7ed4972bf2', 413, 413, 30, 15, 18, 18);
insert into recipe_ingredients (id, recipe_id, ingredient_text) values (gen_random_uuid(), '16be6262-957d-4021-9323-7a7ed4972bf2', 'frango grelhado');
insert into recipe_ingredients (id, recipe_id, ingredient_text) values (gen_random_uuid(), '16be6262-957d-4021-9323-7a7ed4972bf2', 'arroz integral');
insert into recipe_ingredients (id, recipe_id, ingredient_text) values (gen_random_uuid(), '16be6262-957d-4021-9323-7a7ed4972bf2', 'brócolis');
insert into recipe_ingredients (id, recipe_id, ingredient_text) values (gen_random_uuid(), '16be6262-957d-4021-9323-7a7ed4972bf2', 'alho');
insert into recipe_ingredients (id, recipe_id, ingredient_text) values (gen_random_uuid(), '16be6262-957d-4021-9323-7a7ed4972bf2', 'carne magra');
insert into recipe_ingredients (id, recipe_id, ingredient_text) values (gen_random_uuid(), '16be6262-957d-4021-9323-7a7ed4972bf2', 'abobrinha');
insert into recipe_ingredients (id, recipe_id, ingredient_text) values (gen_random_uuid(), '16be6262-957d-4021-9323-7a7ed4972bf2', 'azeite');

insert into recipes (id, name, source, visibility, prep_time_min, preparation, objective, needs_review) values ('9af9310c-df54-4cf1-b4d1-937b6e6493d7', 'Frango com Arroz Integral com tomate', 'admin', 'public', 19, 'Tempere o frango com alho e ervas naturais e grelhe até dourar. Cozinhe o arroz integral separadamente. Refogue os brócolis rapidamente no alho e sirva junto. Adicione tomate durante o preparo para aumentar fibras e volume alimentar. Finalize ajustando os temperos naturais e sirva ainda quente.', 'Promover saciedade, praticidade, controle calórico moderado e aderência alimentar.', false);
insert into recipe_nutrition_profiles (id, recipe_id, calories, calories_kcal, protein_g, carbs_g, fats_g, fat_g) values (gen_random_uuid(), '9af9310c-df54-4cf1-b4d1-937b6e6493d7', 349, 349, 28, 54, 7, 7);
insert into recipe_ingredients (id, recipe_id, ingredient_text) values (gen_random_uuid(), '9af9310c-df54-4cf1-b4d1-937b6e6493d7', 'frango grelhado');
insert into recipe_ingredients (id, recipe_id, ingredient_text) values (gen_random_uuid(), '9af9310c-df54-4cf1-b4d1-937b6e6493d7', 'arroz integral');
insert into recipe_ingredients (id, recipe_id, ingredient_text) values (gen_random_uuid(), '9af9310c-df54-4cf1-b4d1-937b6e6493d7', 'brócolis');
insert into recipe_ingredients (id, recipe_id, ingredient_text) values (gen_random_uuid(), '9af9310c-df54-4cf1-b4d1-937b6e6493d7', 'alho');
insert into recipe_ingredients (id, recipe_id, ingredient_text) values (gen_random_uuid(), '9af9310c-df54-4cf1-b4d1-937b6e6493d7', 'frango');
insert into recipe_ingredients (id, recipe_id, ingredient_text) values (gen_random_uuid(), '9af9310c-df54-4cf1-b4d1-937b6e6493d7', 'tomate');
insert into recipe_ingredients (id, recipe_id, ingredient_text) values (gen_random_uuid(), '9af9310c-df54-4cf1-b4d1-937b6e6493d7', 'chia');

insert into recipes (id, name, source, visibility, prep_time_min, preparation, objective, needs_review) values ('526f86f3-acd6-4d4e-af47-91e3bcf1d008', 'Carne Moída com Legumes com abobrinha', 'admin', 'public', 26, 'Refogue cebola e alho. Adicione a carne moída e cozinhe até secar. Acrescente cenoura e abobrinha picadas e cozinhe até ficarem macias. Adicione abobrinha durante o preparo para aumentar fibras e volume alimentar. Finalize ajustando os temperos naturais e sirva ainda quente.', 'Promover saciedade, praticidade, controle calórico moderado e aderência alimentar.', false);
insert into recipe_nutrition_profiles (id, recipe_id, calories, calories_kcal, protein_g, carbs_g, fats_g, fat_g) values (gen_random_uuid(), '526f86f3-acd6-4d4e-af47-91e3bcf1d008', 195, 195, 12, 34, 5, 5);
insert into recipe_ingredients (id, recipe_id, ingredient_text) values (gen_random_uuid(), '526f86f3-acd6-4d4e-af47-91e3bcf1d008', 'carne moída magra');
insert into recipe_ingredients (id, recipe_id, ingredient_text) values (gen_random_uuid(), '526f86f3-acd6-4d4e-af47-91e3bcf1d008', 'cenoura');
insert into recipe_ingredients (id, recipe_id, ingredient_text) values (gen_random_uuid(), '526f86f3-acd6-4d4e-af47-91e3bcf1d008', 'abobrinha');
insert into recipe_ingredients (id, recipe_id, ingredient_text) values (gen_random_uuid(), '526f86f3-acd6-4d4e-af47-91e3bcf1d008', 'cebola');
insert into recipe_ingredients (id, recipe_id, ingredient_text) values (gen_random_uuid(), '526f86f3-acd6-4d4e-af47-91e3bcf1d008', 'carne magra');
insert into recipe_ingredients (id, recipe_id, ingredient_text) values (gen_random_uuid(), '526f86f3-acd6-4d4e-af47-91e3bcf1d008', 'abobrinha');
insert into recipe_ingredients (id, recipe_id, ingredient_text) values (gen_random_uuid(), '526f86f3-acd6-4d4e-af47-91e3bcf1d008', 'iogurte natural');

insert into recipes (id, name, source, visibility, prep_time_min, preparation, objective, needs_review) values ('1a7e611a-4468-45c9-89bb-444c3560eb54', 'Frango com Arroz Integral com espinafre', 'admin', 'public', 13, 'Tempere o frango com alho e ervas naturais e grelhe até dourar. Cozinhe o arroz integral separadamente. Refogue os brócolis rapidamente no alho e sirva junto. Adicione espinafre durante o preparo para aumentar fibras e volume alimentar. Finalize ajustando os temperos naturais e sirva ainda quente.', 'Promover saciedade, praticidade, controle calórico moderado e aderência alimentar.', false);
insert into recipe_nutrition_profiles (id, recipe_id, calories, calories_kcal, protein_g, carbs_g, fats_g, fat_g) values (gen_random_uuid(), '1a7e611a-4468-45c9-89bb-444c3560eb54', 453, 453, 15, 22, 14, 14);
insert into recipe_ingredients (id, recipe_id, ingredient_text) values (gen_random_uuid(), '1a7e611a-4468-45c9-89bb-444c3560eb54', 'frango grelhado');
insert into recipe_ingredients (id, recipe_id, ingredient_text) values (gen_random_uuid(), '1a7e611a-4468-45c9-89bb-444c3560eb54', 'arroz integral');
insert into recipe_ingredients (id, recipe_id, ingredient_text) values (gen_random_uuid(), '1a7e611a-4468-45c9-89bb-444c3560eb54', 'brócolis');
insert into recipe_ingredients (id, recipe_id, ingredient_text) values (gen_random_uuid(), '1a7e611a-4468-45c9-89bb-444c3560eb54', 'alho');
insert into recipe_ingredients (id, recipe_id, ingredient_text) values (gen_random_uuid(), '1a7e611a-4468-45c9-89bb-444c3560eb54', 'frango');
insert into recipe_ingredients (id, recipe_id, ingredient_text) values (gen_random_uuid(), '1a7e611a-4468-45c9-89bb-444c3560eb54', 'espinafre');
insert into recipe_ingredients (id, recipe_id, ingredient_text) values (gen_random_uuid(), '1a7e611a-4468-45c9-89bb-444c3560eb54', 'queijo branco');

insert into recipes (id, name, source, visibility, prep_time_min, preparation, objective, needs_review) values ('81c98c6c-d5cc-4f36-bfa2-9934bbe42aee', 'Carne Moída com Legumes com abobrinha', 'admin', 'public', 8, 'Refogue cebola e alho. Adicione a carne moída e cozinhe até secar. Acrescente cenoura e abobrinha picadas e cozinhe até ficarem macias. Adicione abobrinha durante o preparo para aumentar fibras e volume alimentar. Finalize ajustando os temperos naturais e sirva ainda quente.', 'Promover saciedade, praticidade, controle calórico moderado e aderência alimentar.', false);
insert into recipe_nutrition_profiles (id, recipe_id, calories, calories_kcal, protein_g, carbs_g, fats_g, fat_g) values (gen_random_uuid(), '81c98c6c-d5cc-4f36-bfa2-9934bbe42aee', 184, 184, 18, 43, 17, 17);
insert into recipe_ingredients (id, recipe_id, ingredient_text) values (gen_random_uuid(), '81c98c6c-d5cc-4f36-bfa2-9934bbe42aee', 'carne moída magra');
insert into recipe_ingredients (id, recipe_id, ingredient_text) values (gen_random_uuid(), '81c98c6c-d5cc-4f36-bfa2-9934bbe42aee', 'cenoura');
insert into recipe_ingredients (id, recipe_id, ingredient_text) values (gen_random_uuid(), '81c98c6c-d5cc-4f36-bfa2-9934bbe42aee', 'abobrinha');
insert into recipe_ingredients (id, recipe_id, ingredient_text) values (gen_random_uuid(), '81c98c6c-d5cc-4f36-bfa2-9934bbe42aee', 'cebola');
insert into recipe_ingredients (id, recipe_id, ingredient_text) values (gen_random_uuid(), '81c98c6c-d5cc-4f36-bfa2-9934bbe42aee', 'frango');
insert into recipe_ingredients (id, recipe_id, ingredient_text) values (gen_random_uuid(), '81c98c6c-d5cc-4f36-bfa2-9934bbe42aee', 'abobrinha');
insert into recipe_ingredients (id, recipe_id, ingredient_text) values (gen_random_uuid(), '81c98c6c-d5cc-4f36-bfa2-9934bbe42aee', 'azeite');

insert into recipes (id, name, source, visibility, prep_time_min, preparation, objective, needs_review) values ('bd638dcf-cdf5-483b-ad09-613bc6fc246a', 'Frango com Arroz Integral com espinafre', 'admin', 'public', 24, 'Tempere o frango com alho e ervas naturais e grelhe até dourar. Cozinhe o arroz integral separadamente. Refogue os brócolis rapidamente no alho e sirva junto. Adicione espinafre durante o preparo para aumentar fibras e volume alimentar. Finalize ajustando os temperos naturais e sirva ainda quente.', 'Promover saciedade, praticidade, controle calórico moderado e aderência alimentar.', false);
insert into recipe_nutrition_profiles (id, recipe_id, calories, calories_kcal, protein_g, carbs_g, fats_g, fat_g) values (gen_random_uuid(), 'bd638dcf-cdf5-483b-ad09-613bc6fc246a', 442, 442, 14, 55, 10, 10);
insert into recipe_ingredients (id, recipe_id, ingredient_text) values (gen_random_uuid(), 'bd638dcf-cdf5-483b-ad09-613bc6fc246a', 'frango grelhado');
insert into recipe_ingredients (id, recipe_id, ingredient_text) values (gen_random_uuid(), 'bd638dcf-cdf5-483b-ad09-613bc6fc246a', 'arroz integral');
insert into recipe_ingredients (id, recipe_id, ingredient_text) values (gen_random_uuid(), 'bd638dcf-cdf5-483b-ad09-613bc6fc246a', 'brócolis');
insert into recipe_ingredients (id, recipe_id, ingredient_text) values (gen_random_uuid(), 'bd638dcf-cdf5-483b-ad09-613bc6fc246a', 'alho');
insert into recipe_ingredients (id, recipe_id, ingredient_text) values (gen_random_uuid(), 'bd638dcf-cdf5-483b-ad09-613bc6fc246a', 'ovo');
insert into recipe_ingredients (id, recipe_id, ingredient_text) values (gen_random_uuid(), 'bd638dcf-cdf5-483b-ad09-613bc6fc246a', 'espinafre');
insert into recipe_ingredients (id, recipe_id, ingredient_text) values (gen_random_uuid(), 'bd638dcf-cdf5-483b-ad09-613bc6fc246a', 'chia');

insert into recipes (id, name, source, visibility, prep_time_min, preparation, objective, needs_review) values ('b1d7affb-f1f4-4e51-a145-ceb0360db3e2', 'Frango com Arroz Integral com espinafre', 'admin', 'public', 20, 'Tempere o frango com alho e ervas naturais e grelhe até dourar. Cozinhe o arroz integral separadamente. Refogue os brócolis rapidamente no alho e sirva junto. Adicione espinafre durante o preparo para aumentar fibras e volume alimentar. Finalize ajustando os temperos naturais e sirva ainda quente.', 'Promover saciedade, praticidade, controle calórico moderado e aderência alimentar.', false);
insert into recipe_nutrition_profiles (id, recipe_id, calories, calories_kcal, protein_g, carbs_g, fats_g, fat_g) values (gen_random_uuid(), 'b1d7affb-f1f4-4e51-a145-ceb0360db3e2', 362, 362, 23, 50, 11, 11);
insert into recipe_ingredients (id, recipe_id, ingredient_text) values (gen_random_uuid(), 'b1d7affb-f1f4-4e51-a145-ceb0360db3e2', 'frango grelhado');
insert into recipe_ingredients (id, recipe_id, ingredient_text) values (gen_random_uuid(), 'b1d7affb-f1f4-4e51-a145-ceb0360db3e2', 'arroz integral');
insert into recipe_ingredients (id, recipe_id, ingredient_text) values (gen_random_uuid(), 'b1d7affb-f1f4-4e51-a145-ceb0360db3e2', 'brócolis');
insert into recipe_ingredients (id, recipe_id, ingredient_text) values (gen_random_uuid(), 'b1d7affb-f1f4-4e51-a145-ceb0360db3e2', 'alho');
insert into recipe_ingredients (id, recipe_id, ingredient_text) values (gen_random_uuid(), 'b1d7affb-f1f4-4e51-a145-ceb0360db3e2', 'atum');
insert into recipe_ingredients (id, recipe_id, ingredient_text) values (gen_random_uuid(), 'b1d7affb-f1f4-4e51-a145-ceb0360db3e2', 'espinafre');
insert into recipe_ingredients (id, recipe_id, ingredient_text) values (gen_random_uuid(), 'b1d7affb-f1f4-4e51-a145-ceb0360db3e2', 'iogurte natural');

insert into recipes (id, name, source, visibility, prep_time_min, preparation, objective, needs_review) values ('6d3d61b4-2b11-414d-b18d-f56565ee903d', 'Frango com Arroz Integral com abobrinha', 'admin', 'public', 17, 'Tempere o frango com alho e ervas naturais e grelhe até dourar. Cozinhe o arroz integral separadamente. Refogue os brócolis rapidamente no alho e sirva junto. Adicione abobrinha durante o preparo para aumentar fibras e volume alimentar. Finalize ajustando os temperos naturais e sirva ainda quente.', 'Promover saciedade, praticidade, controle calórico moderado e aderência alimentar.', false);
insert into recipe_nutrition_profiles (id, recipe_id, calories, calories_kcal, protein_g, carbs_g, fats_g, fat_g) values (gen_random_uuid(), '6d3d61b4-2b11-414d-b18d-f56565ee903d', 338, 338, 25, 50, 18, 18);
insert into recipe_ingredients (id, recipe_id, ingredient_text) values (gen_random_uuid(), '6d3d61b4-2b11-414d-b18d-f56565ee903d', 'frango grelhado');
insert into recipe_ingredients (id, recipe_id, ingredient_text) values (gen_random_uuid(), '6d3d61b4-2b11-414d-b18d-f56565ee903d', 'arroz integral');
insert into recipe_ingredients (id, recipe_id, ingredient_text) values (gen_random_uuid(), '6d3d61b4-2b11-414d-b18d-f56565ee903d', 'brócolis');
insert into recipe_ingredients (id, recipe_id, ingredient_text) values (gen_random_uuid(), '6d3d61b4-2b11-414d-b18d-f56565ee903d', 'alho');
insert into recipe_ingredients (id, recipe_id, ingredient_text) values (gen_random_uuid(), '6d3d61b4-2b11-414d-b18d-f56565ee903d', 'carne magra');
insert into recipe_ingredients (id, recipe_id, ingredient_text) values (gen_random_uuid(), '6d3d61b4-2b11-414d-b18d-f56565ee903d', 'abobrinha');
insert into recipe_ingredients (id, recipe_id, ingredient_text) values (gen_random_uuid(), '6d3d61b4-2b11-414d-b18d-f56565ee903d', 'iogurte natural');

insert into recipes (id, name, source, visibility, prep_time_min, preparation, objective, needs_review) values ('2b5b62ef-3335-4196-8911-e1751f21a721', 'Carne Moída com Legumes com abobrinha', 'admin', 'public', 34, 'Refogue cebola e alho. Adicione a carne moída e cozinhe até secar. Acrescente cenoura e abobrinha picadas e cozinhe até ficarem macias. Adicione abobrinha durante o preparo para aumentar fibras e volume alimentar. Finalize ajustando os temperos naturais e sirva ainda quente.', 'Promover saciedade, praticidade, controle calórico moderado e aderência alimentar.', false);
insert into recipe_nutrition_profiles (id, recipe_id, calories, calories_kcal, protein_g, carbs_g, fats_g, fat_g) values (gen_random_uuid(), '2b5b62ef-3335-4196-8911-e1751f21a721', 285, 285, 35, 44, 16, 16);
insert into recipe_ingredients (id, recipe_id, ingredient_text) values (gen_random_uuid(), '2b5b62ef-3335-4196-8911-e1751f21a721', 'carne moída magra');
insert into recipe_ingredients (id, recipe_id, ingredient_text) values (gen_random_uuid(), '2b5b62ef-3335-4196-8911-e1751f21a721', 'cenoura');
insert into recipe_ingredients (id, recipe_id, ingredient_text) values (gen_random_uuid(), '2b5b62ef-3335-4196-8911-e1751f21a721', 'abobrinha');
insert into recipe_ingredients (id, recipe_id, ingredient_text) values (gen_random_uuid(), '2b5b62ef-3335-4196-8911-e1751f21a721', 'cebola');
insert into recipe_ingredients (id, recipe_id, ingredient_text) values (gen_random_uuid(), '2b5b62ef-3335-4196-8911-e1751f21a721', 'ovo');
insert into recipe_ingredients (id, recipe_id, ingredient_text) values (gen_random_uuid(), '2b5b62ef-3335-4196-8911-e1751f21a721', 'abobrinha');
insert into recipe_ingredients (id, recipe_id, ingredient_text) values (gen_random_uuid(), '2b5b62ef-3335-4196-8911-e1751f21a721', 'azeite');

insert into recipes (id, name, source, visibility, prep_time_min, preparation, objective, needs_review) values ('7013899c-14bf-4aac-8d4b-4377e8a4b99a', 'Frango com Arroz Integral com brócolis', 'admin', 'public', 32, 'Tempere o frango com alho e ervas naturais e grelhe até dourar. Cozinhe o arroz integral separadamente. Refogue os brócolis rapidamente no alho e sirva junto. Adicione brócolis durante o preparo para aumentar fibras e volume alimentar. Finalize ajustando os temperos naturais e sirva ainda quente.', 'Promover saciedade, praticidade, controle calórico moderado e aderência alimentar.', false);
insert into recipe_nutrition_profiles (id, recipe_id, calories, calories_kcal, protein_g, carbs_g, fats_g, fat_g) values (gen_random_uuid(), '7013899c-14bf-4aac-8d4b-4377e8a4b99a', 247, 247, 32, 23, 5, 5);
insert into recipe_ingredients (id, recipe_id, ingredient_text) values (gen_random_uuid(), '7013899c-14bf-4aac-8d4b-4377e8a4b99a', 'frango grelhado');
insert into recipe_ingredients (id, recipe_id, ingredient_text) values (gen_random_uuid(), '7013899c-14bf-4aac-8d4b-4377e8a4b99a', 'arroz integral');
insert into recipe_ingredients (id, recipe_id, ingredient_text) values (gen_random_uuid(), '7013899c-14bf-4aac-8d4b-4377e8a4b99a', 'brócolis');
insert into recipe_ingredients (id, recipe_id, ingredient_text) values (gen_random_uuid(), '7013899c-14bf-4aac-8d4b-4377e8a4b99a', 'alho');
insert into recipe_ingredients (id, recipe_id, ingredient_text) values (gen_random_uuid(), '7013899c-14bf-4aac-8d4b-4377e8a4b99a', 'frango');
insert into recipe_ingredients (id, recipe_id, ingredient_text) values (gen_random_uuid(), '7013899c-14bf-4aac-8d4b-4377e8a4b99a', 'brócolis');
insert into recipe_ingredients (id, recipe_id, ingredient_text) values (gen_random_uuid(), '7013899c-14bf-4aac-8d4b-4377e8a4b99a', 'iogurte natural');

insert into recipes (id, name, source, visibility, prep_time_min, preparation, objective, needs_review) values ('7cf3a28b-8907-4a77-9e29-e97f5e068284', 'Frango com Arroz Integral com brócolis', 'admin', 'public', 10, 'Tempere o frango com alho e ervas naturais e grelhe até dourar. Cozinhe o arroz integral separadamente. Refogue os brócolis rapidamente no alho e sirva junto. Adicione brócolis durante o preparo para aumentar fibras e volume alimentar. Finalize ajustando os temperos naturais e sirva ainda quente.', 'Promover saciedade, praticidade, controle calórico moderado e aderência alimentar.', false);
insert into recipe_nutrition_profiles (id, recipe_id, calories, calories_kcal, protein_g, carbs_g, fats_g, fat_g) values (gen_random_uuid(), '7cf3a28b-8907-4a77-9e29-e97f5e068284', 339, 339, 37, 31, 7, 7);
insert into recipe_ingredients (id, recipe_id, ingredient_text) values (gen_random_uuid(), '7cf3a28b-8907-4a77-9e29-e97f5e068284', 'frango grelhado');
insert into recipe_ingredients (id, recipe_id, ingredient_text) values (gen_random_uuid(), '7cf3a28b-8907-4a77-9e29-e97f5e068284', 'arroz integral');
insert into recipe_ingredients (id, recipe_id, ingredient_text) values (gen_random_uuid(), '7cf3a28b-8907-4a77-9e29-e97f5e068284', 'brócolis');
insert into recipe_ingredients (id, recipe_id, ingredient_text) values (gen_random_uuid(), '7cf3a28b-8907-4a77-9e29-e97f5e068284', 'alho');
insert into recipe_ingredients (id, recipe_id, ingredient_text) values (gen_random_uuid(), '7cf3a28b-8907-4a77-9e29-e97f5e068284', 'carne magra');
insert into recipe_ingredients (id, recipe_id, ingredient_text) values (gen_random_uuid(), '7cf3a28b-8907-4a77-9e29-e97f5e068284', 'brócolis');
insert into recipe_ingredients (id, recipe_id, ingredient_text) values (gen_random_uuid(), '7cf3a28b-8907-4a77-9e29-e97f5e068284', 'queijo branco');

insert into recipes (id, name, source, visibility, prep_time_min, preparation, objective, needs_review) values ('edc4b518-c017-49e0-bc3d-91361a27ce77', 'Frango com Arroz Integral com abobrinha', 'admin', 'public', 20, 'Tempere o frango com alho e ervas naturais e grelhe até dourar. Cozinhe o arroz integral separadamente. Refogue os brócolis rapidamente no alho e sirva junto. Adicione abobrinha durante o preparo para aumentar fibras e volume alimentar. Finalize ajustando os temperos naturais e sirva ainda quente.', 'Promover saciedade, praticidade, controle calórico moderado e aderência alimentar.', false);
insert into recipe_nutrition_profiles (id, recipe_id, calories, calories_kcal, protein_g, carbs_g, fats_g, fat_g) values (gen_random_uuid(), 'edc4b518-c017-49e0-bc3d-91361a27ce77', 486, 486, 13, 44, 17, 17);
insert into recipe_ingredients (id, recipe_id, ingredient_text) values (gen_random_uuid(), 'edc4b518-c017-49e0-bc3d-91361a27ce77', 'frango grelhado');
insert into recipe_ingredients (id, recipe_id, ingredient_text) values (gen_random_uuid(), 'edc4b518-c017-49e0-bc3d-91361a27ce77', 'arroz integral');
insert into recipe_ingredients (id, recipe_id, ingredient_text) values (gen_random_uuid(), 'edc4b518-c017-49e0-bc3d-91361a27ce77', 'brócolis');
insert into recipe_ingredients (id, recipe_id, ingredient_text) values (gen_random_uuid(), 'edc4b518-c017-49e0-bc3d-91361a27ce77', 'alho');
insert into recipe_ingredients (id, recipe_id, ingredient_text) values (gen_random_uuid(), 'edc4b518-c017-49e0-bc3d-91361a27ce77', 'tilápia');
insert into recipe_ingredients (id, recipe_id, ingredient_text) values (gen_random_uuid(), 'edc4b518-c017-49e0-bc3d-91361a27ce77', 'abobrinha');
insert into recipe_ingredients (id, recipe_id, ingredient_text) values (gen_random_uuid(), 'edc4b518-c017-49e0-bc3d-91361a27ce77', 'chia');

insert into recipes (id, name, source, visibility, prep_time_min, preparation, objective, needs_review) values ('51b8c15d-78ce-4b1e-8ef4-cf2e51f3845c', 'Frango com Arroz Integral com abobrinha', 'admin', 'public', 23, 'Tempere o frango com alho e ervas naturais e grelhe até dourar. Cozinhe o arroz integral separadamente. Refogue os brócolis rapidamente no alho e sirva junto. Adicione abobrinha durante o preparo para aumentar fibras e volume alimentar. Finalize ajustando os temperos naturais e sirva ainda quente.', 'Promover saciedade, praticidade, controle calórico moderado e aderência alimentar.', false);
insert into recipe_nutrition_profiles (id, recipe_id, calories, calories_kcal, protein_g, carbs_g, fats_g, fat_g) values (gen_random_uuid(), '51b8c15d-78ce-4b1e-8ef4-cf2e51f3845c', 539, 539, 33, 24, 18, 18);
insert into recipe_ingredients (id, recipe_id, ingredient_text) values (gen_random_uuid(), '51b8c15d-78ce-4b1e-8ef4-cf2e51f3845c', 'frango grelhado');
insert into recipe_ingredients (id, recipe_id, ingredient_text) values (gen_random_uuid(), '51b8c15d-78ce-4b1e-8ef4-cf2e51f3845c', 'arroz integral');
insert into recipe_ingredients (id, recipe_id, ingredient_text) values (gen_random_uuid(), '51b8c15d-78ce-4b1e-8ef4-cf2e51f3845c', 'brócolis');
insert into recipe_ingredients (id, recipe_id, ingredient_text) values (gen_random_uuid(), '51b8c15d-78ce-4b1e-8ef4-cf2e51f3845c', 'alho');
insert into recipe_ingredients (id, recipe_id, ingredient_text) values (gen_random_uuid(), '51b8c15d-78ce-4b1e-8ef4-cf2e51f3845c', 'carne magra');
insert into recipe_ingredients (id, recipe_id, ingredient_text) values (gen_random_uuid(), '51b8c15d-78ce-4b1e-8ef4-cf2e51f3845c', 'abobrinha');
insert into recipe_ingredients (id, recipe_id, ingredient_text) values (gen_random_uuid(), '51b8c15d-78ce-4b1e-8ef4-cf2e51f3845c', 'azeite');

insert into recipes (id, name, source, visibility, prep_time_min, preparation, objective, needs_review) values ('4119199e-36d9-4bfd-a423-ad23f997403d', 'Carne Moída com Legumes com abobrinha', 'admin', 'public', 28, 'Refogue cebola e alho. Adicione a carne moída e cozinhe até secar. Acrescente cenoura e abobrinha picadas e cozinhe até ficarem macias. Adicione abobrinha durante o preparo para aumentar fibras e volume alimentar. Finalize ajustando os temperos naturais e sirva ainda quente.', 'Promover saciedade, praticidade, controle calórico moderado e aderência alimentar.', false);
insert into recipe_nutrition_profiles (id, recipe_id, calories, calories_kcal, protein_g, carbs_g, fats_g, fat_g) values (gen_random_uuid(), '4119199e-36d9-4bfd-a423-ad23f997403d', 384, 384, 36, 37, 13, 13);
insert into recipe_ingredients (id, recipe_id, ingredient_text) values (gen_random_uuid(), '4119199e-36d9-4bfd-a423-ad23f997403d', 'carne moída magra');
insert into recipe_ingredients (id, recipe_id, ingredient_text) values (gen_random_uuid(), '4119199e-36d9-4bfd-a423-ad23f997403d', 'cenoura');
insert into recipe_ingredients (id, recipe_id, ingredient_text) values (gen_random_uuid(), '4119199e-36d9-4bfd-a423-ad23f997403d', 'abobrinha');
insert into recipe_ingredients (id, recipe_id, ingredient_text) values (gen_random_uuid(), '4119199e-36d9-4bfd-a423-ad23f997403d', 'cebola');
insert into recipe_ingredients (id, recipe_id, ingredient_text) values (gen_random_uuid(), '4119199e-36d9-4bfd-a423-ad23f997403d', 'tilápia');
insert into recipe_ingredients (id, recipe_id, ingredient_text) values (gen_random_uuid(), '4119199e-36d9-4bfd-a423-ad23f997403d', 'abobrinha');
insert into recipe_ingredients (id, recipe_id, ingredient_text) values (gen_random_uuid(), '4119199e-36d9-4bfd-a423-ad23f997403d', 'iogurte natural');

insert into recipes (id, name, source, visibility, prep_time_min, preparation, objective, needs_review) values ('f290575d-c072-40c9-8488-82f8c6ba397d', 'Frango com Arroz Integral com abobrinha', 'admin', 'public', 24, 'Tempere o frango com alho e ervas naturais e grelhe até dourar. Cozinhe o arroz integral separadamente. Refogue os brócolis rapidamente no alho e sirva junto. Adicione abobrinha durante o preparo para aumentar fibras e volume alimentar. Finalize ajustando os temperos naturais e sirva ainda quente.', 'Promover saciedade, praticidade, controle calórico moderado e aderência alimentar.', false);
insert into recipe_nutrition_profiles (id, recipe_id, calories, calories_kcal, protein_g, carbs_g, fats_g, fat_g) values (gen_random_uuid(), 'f290575d-c072-40c9-8488-82f8c6ba397d', 327, 327, 34, 48, 6, 6);
insert into recipe_ingredients (id, recipe_id, ingredient_text) values (gen_random_uuid(), 'f290575d-c072-40c9-8488-82f8c6ba397d', 'frango grelhado');
insert into recipe_ingredients (id, recipe_id, ingredient_text) values (gen_random_uuid(), 'f290575d-c072-40c9-8488-82f8c6ba397d', 'arroz integral');
insert into recipe_ingredients (id, recipe_id, ingredient_text) values (gen_random_uuid(), 'f290575d-c072-40c9-8488-82f8c6ba397d', 'brócolis');
insert into recipe_ingredients (id, recipe_id, ingredient_text) values (gen_random_uuid(), 'f290575d-c072-40c9-8488-82f8c6ba397d', 'alho');
insert into recipe_ingredients (id, recipe_id, ingredient_text) values (gen_random_uuid(), 'f290575d-c072-40c9-8488-82f8c6ba397d', 'carne magra');
insert into recipe_ingredients (id, recipe_id, ingredient_text) values (gen_random_uuid(), 'f290575d-c072-40c9-8488-82f8c6ba397d', 'abobrinha');
insert into recipe_ingredients (id, recipe_id, ingredient_text) values (gen_random_uuid(), 'f290575d-c072-40c9-8488-82f8c6ba397d', 'aveia');

insert into recipes (id, name, source, visibility, prep_time_min, preparation, objective, needs_review) values ('beb81d54-6763-49a1-8310-47d3b262d2e1', 'Frango com Arroz Integral com espinafre', 'admin', 'public', 30, 'Tempere o frango com alho e ervas naturais e grelhe até dourar. Cozinhe o arroz integral separadamente. Refogue os brócolis rapidamente no alho e sirva junto. Adicione espinafre durante o preparo para aumentar fibras e volume alimentar. Finalize ajustando os temperos naturais e sirva ainda quente.', 'Promover saciedade, praticidade, controle calórico moderado e aderência alimentar.', false);
insert into recipe_nutrition_profiles (id, recipe_id, calories, calories_kcal, protein_g, carbs_g, fats_g, fat_g) values (gen_random_uuid(), 'beb81d54-6763-49a1-8310-47d3b262d2e1', 289, 289, 18, 51, 17, 17);
insert into recipe_ingredients (id, recipe_id, ingredient_text) values (gen_random_uuid(), 'beb81d54-6763-49a1-8310-47d3b262d2e1', 'frango grelhado');
insert into recipe_ingredients (id, recipe_id, ingredient_text) values (gen_random_uuid(), 'beb81d54-6763-49a1-8310-47d3b262d2e1', 'arroz integral');
insert into recipe_ingredients (id, recipe_id, ingredient_text) values (gen_random_uuid(), 'beb81d54-6763-49a1-8310-47d3b262d2e1', 'brócolis');
insert into recipe_ingredients (id, recipe_id, ingredient_text) values (gen_random_uuid(), 'beb81d54-6763-49a1-8310-47d3b262d2e1', 'alho');
insert into recipe_ingredients (id, recipe_id, ingredient_text) values (gen_random_uuid(), 'beb81d54-6763-49a1-8310-47d3b262d2e1', 'frango');
insert into recipe_ingredients (id, recipe_id, ingredient_text) values (gen_random_uuid(), 'beb81d54-6763-49a1-8310-47d3b262d2e1', 'espinafre');
insert into recipe_ingredients (id, recipe_id, ingredient_text) values (gen_random_uuid(), 'beb81d54-6763-49a1-8310-47d3b262d2e1', 'chia');

insert into recipes (id, name, source, visibility, prep_time_min, preparation, objective, needs_review) values ('dc6a399a-bbc0-4dd9-bd70-94cf10df3e8a', 'Frango com Arroz Integral com abobrinha', 'admin', 'public', 20, 'Tempere o frango com alho e ervas naturais e grelhe até dourar. Cozinhe o arroz integral separadamente. Refogue os brócolis rapidamente no alho e sirva junto. Adicione abobrinha durante o preparo para aumentar fibras e volume alimentar. Finalize ajustando os temperos naturais e sirva ainda quente.', 'Promover saciedade, praticidade, controle calórico moderado e aderência alimentar.', false);
insert into recipe_nutrition_profiles (id, recipe_id, calories, calories_kcal, protein_g, carbs_g, fats_g, fat_g) values (gen_random_uuid(), 'dc6a399a-bbc0-4dd9-bd70-94cf10df3e8a', 314, 314, 12, 48, 16, 16);
insert into recipe_ingredients (id, recipe_id, ingredient_text) values (gen_random_uuid(), 'dc6a399a-bbc0-4dd9-bd70-94cf10df3e8a', 'frango grelhado');
insert into recipe_ingredients (id, recipe_id, ingredient_text) values (gen_random_uuid(), 'dc6a399a-bbc0-4dd9-bd70-94cf10df3e8a', 'arroz integral');
insert into recipe_ingredients (id, recipe_id, ingredient_text) values (gen_random_uuid(), 'dc6a399a-bbc0-4dd9-bd70-94cf10df3e8a', 'brócolis');
insert into recipe_ingredients (id, recipe_id, ingredient_text) values (gen_random_uuid(), 'dc6a399a-bbc0-4dd9-bd70-94cf10df3e8a', 'alho');
insert into recipe_ingredients (id, recipe_id, ingredient_text) values (gen_random_uuid(), 'dc6a399a-bbc0-4dd9-bd70-94cf10df3e8a', 'tilápia');
insert into recipe_ingredients (id, recipe_id, ingredient_text) values (gen_random_uuid(), 'dc6a399a-bbc0-4dd9-bd70-94cf10df3e8a', 'abobrinha');
insert into recipe_ingredients (id, recipe_id, ingredient_text) values (gen_random_uuid(), 'dc6a399a-bbc0-4dd9-bd70-94cf10df3e8a', 'aveia');

insert into recipes (id, name, source, visibility, prep_time_min, preparation, objective, needs_review) values ('ef154250-1145-4490-9040-3b7e897e8bc5', 'Carne Moída com Legumes com tomate', 'admin', 'public', 34, 'Refogue cebola e alho. Adicione a carne moída e cozinhe até secar. Acrescente cenoura e abobrinha picadas e cozinhe até ficarem macias. Adicione tomate durante o preparo para aumentar fibras e volume alimentar. Finalize ajustando os temperos naturais e sirva ainda quente.', 'Promover saciedade, praticidade, controle calórico moderado e aderência alimentar.', false);
insert into recipe_nutrition_profiles (id, recipe_id, calories, calories_kcal, protein_g, carbs_g, fats_g, fat_g) values (gen_random_uuid(), 'ef154250-1145-4490-9040-3b7e897e8bc5', 438, 438, 24, 47, 14, 14);
insert into recipe_ingredients (id, recipe_id, ingredient_text) values (gen_random_uuid(), 'ef154250-1145-4490-9040-3b7e897e8bc5', 'carne moída magra');
insert into recipe_ingredients (id, recipe_id, ingredient_text) values (gen_random_uuid(), 'ef154250-1145-4490-9040-3b7e897e8bc5', 'cenoura');
insert into recipe_ingredients (id, recipe_id, ingredient_text) values (gen_random_uuid(), 'ef154250-1145-4490-9040-3b7e897e8bc5', 'abobrinha');
insert into recipe_ingredients (id, recipe_id, ingredient_text) values (gen_random_uuid(), 'ef154250-1145-4490-9040-3b7e897e8bc5', 'cebola');
insert into recipe_ingredients (id, recipe_id, ingredient_text) values (gen_random_uuid(), 'ef154250-1145-4490-9040-3b7e897e8bc5', 'frango');
insert into recipe_ingredients (id, recipe_id, ingredient_text) values (gen_random_uuid(), 'ef154250-1145-4490-9040-3b7e897e8bc5', 'tomate');
insert into recipe_ingredients (id, recipe_id, ingredient_text) values (gen_random_uuid(), 'ef154250-1145-4490-9040-3b7e897e8bc5', 'azeite');

insert into recipes (id, name, source, visibility, prep_time_min, preparation, objective, needs_review) values ('b3e626f7-edb1-4267-aab0-0c1aec766aa1', 'Frango com Arroz Integral com abobrinha', 'admin', 'public', 23, 'Tempere o frango com alho e ervas naturais e grelhe até dourar. Cozinhe o arroz integral separadamente. Refogue os brócolis rapidamente no alho e sirva junto. Adicione abobrinha durante o preparo para aumentar fibras e volume alimentar. Finalize ajustando os temperos naturais e sirva ainda quente.', 'Promover saciedade, praticidade, controle calórico moderado e aderência alimentar.', false);
insert into recipe_nutrition_profiles (id, recipe_id, calories, calories_kcal, protein_g, carbs_g, fats_g, fat_g) values (gen_random_uuid(), 'b3e626f7-edb1-4267-aab0-0c1aec766aa1', 504, 504, 27, 21, 12, 12);
insert into recipe_ingredients (id, recipe_id, ingredient_text) values (gen_random_uuid(), 'b3e626f7-edb1-4267-aab0-0c1aec766aa1', 'frango grelhado');
insert into recipe_ingredients (id, recipe_id, ingredient_text) values (gen_random_uuid(), 'b3e626f7-edb1-4267-aab0-0c1aec766aa1', 'arroz integral');
insert into recipe_ingredients (id, recipe_id, ingredient_text) values (gen_random_uuid(), 'b3e626f7-edb1-4267-aab0-0c1aec766aa1', 'brócolis');
insert into recipe_ingredients (id, recipe_id, ingredient_text) values (gen_random_uuid(), 'b3e626f7-edb1-4267-aab0-0c1aec766aa1', 'alho');
insert into recipe_ingredients (id, recipe_id, ingredient_text) values (gen_random_uuid(), 'b3e626f7-edb1-4267-aab0-0c1aec766aa1', 'atum');
insert into recipe_ingredients (id, recipe_id, ingredient_text) values (gen_random_uuid(), 'b3e626f7-edb1-4267-aab0-0c1aec766aa1', 'abobrinha');
insert into recipe_ingredients (id, recipe_id, ingredient_text) values (gen_random_uuid(), 'b3e626f7-edb1-4267-aab0-0c1aec766aa1', 'chia');

insert into recipes (id, name, source, visibility, prep_time_min, preparation, objective, needs_review) values ('5f2cd896-efd9-463f-848a-eb011b4b21c1', 'Frango com Arroz Integral com abobrinha', 'admin', 'public', 13, 'Tempere o frango com alho e ervas naturais e grelhe até dourar. Cozinhe o arroz integral separadamente. Refogue os brócolis rapidamente no alho e sirva junto. Adicione abobrinha durante o preparo para aumentar fibras e volume alimentar. Finalize ajustando os temperos naturais e sirva ainda quente.', 'Promover saciedade, praticidade, controle calórico moderado e aderência alimentar.', false);
insert into recipe_nutrition_profiles (id, recipe_id, calories, calories_kcal, protein_g, carbs_g, fats_g, fat_g) values (gen_random_uuid(), '5f2cd896-efd9-463f-848a-eb011b4b21c1', 323, 323, 35, 29, 10, 10);
insert into recipe_ingredients (id, recipe_id, ingredient_text) values (gen_random_uuid(), '5f2cd896-efd9-463f-848a-eb011b4b21c1', 'frango grelhado');
insert into recipe_ingredients (id, recipe_id, ingredient_text) values (gen_random_uuid(), '5f2cd896-efd9-463f-848a-eb011b4b21c1', 'arroz integral');
insert into recipe_ingredients (id, recipe_id, ingredient_text) values (gen_random_uuid(), '5f2cd896-efd9-463f-848a-eb011b4b21c1', 'brócolis');
insert into recipe_ingredients (id, recipe_id, ingredient_text) values (gen_random_uuid(), '5f2cd896-efd9-463f-848a-eb011b4b21c1', 'alho');
insert into recipe_ingredients (id, recipe_id, ingredient_text) values (gen_random_uuid(), '5f2cd896-efd9-463f-848a-eb011b4b21c1', 'frango');
insert into recipe_ingredients (id, recipe_id, ingredient_text) values (gen_random_uuid(), '5f2cd896-efd9-463f-848a-eb011b4b21c1', 'abobrinha');
insert into recipe_ingredients (id, recipe_id, ingredient_text) values (gen_random_uuid(), '5f2cd896-efd9-463f-848a-eb011b4b21c1', 'aveia');

insert into recipes (id, name, source, visibility, prep_time_min, preparation, objective, needs_review) values ('17f04b25-d8de-46b6-9142-ed8803347726', 'Carne Moída com Legumes com espinafre', 'admin', 'public', 21, 'Refogue cebola e alho. Adicione a carne moída e cozinhe até secar. Acrescente cenoura e abobrinha picadas e cozinhe até ficarem macias. Adicione espinafre durante o preparo para aumentar fibras e volume alimentar. Finalize ajustando os temperos naturais e sirva ainda quente.', 'Promover saciedade, praticidade, controle calórico moderado e aderência alimentar.', false);
insert into recipe_nutrition_profiles (id, recipe_id, calories, calories_kcal, protein_g, carbs_g, fats_g, fat_g) values (gen_random_uuid(), '17f04b25-d8de-46b6-9142-ed8803347726', 362, 362, 28, 40, 10, 10);
insert into recipe_ingredients (id, recipe_id, ingredient_text) values (gen_random_uuid(), '17f04b25-d8de-46b6-9142-ed8803347726', 'carne moída magra');
insert into recipe_ingredients (id, recipe_id, ingredient_text) values (gen_random_uuid(), '17f04b25-d8de-46b6-9142-ed8803347726', 'cenoura');
insert into recipe_ingredients (id, recipe_id, ingredient_text) values (gen_random_uuid(), '17f04b25-d8de-46b6-9142-ed8803347726', 'abobrinha');
insert into recipe_ingredients (id, recipe_id, ingredient_text) values (gen_random_uuid(), '17f04b25-d8de-46b6-9142-ed8803347726', 'cebola');
insert into recipe_ingredients (id, recipe_id, ingredient_text) values (gen_random_uuid(), '17f04b25-d8de-46b6-9142-ed8803347726', 'tilápia');
insert into recipe_ingredients (id, recipe_id, ingredient_text) values (gen_random_uuid(), '17f04b25-d8de-46b6-9142-ed8803347726', 'espinafre');
insert into recipe_ingredients (id, recipe_id, ingredient_text) values (gen_random_uuid(), '17f04b25-d8de-46b6-9142-ed8803347726', 'aveia');

insert into recipes (id, name, source, visibility, prep_time_min, preparation, objective, needs_review) values ('1d56a3cb-b696-4432-a876-37f41b43466b', 'Carne Moída com Legumes com tomate', 'admin', 'public', 9, 'Refogue cebola e alho. Adicione a carne moída e cozinhe até secar. Acrescente cenoura e abobrinha picadas e cozinhe até ficarem macias. Adicione tomate durante o preparo para aumentar fibras e volume alimentar. Finalize ajustando os temperos naturais e sirva ainda quente.', 'Promover saciedade, praticidade, controle calórico moderado e aderência alimentar.', false);
insert into recipe_nutrition_profiles (id, recipe_id, calories, calories_kcal, protein_g, carbs_g, fats_g, fat_g) values (gen_random_uuid(), '1d56a3cb-b696-4432-a876-37f41b43466b', 539, 539, 32, 31, 10, 10);
insert into recipe_ingredients (id, recipe_id, ingredient_text) values (gen_random_uuid(), '1d56a3cb-b696-4432-a876-37f41b43466b', 'carne moída magra');
insert into recipe_ingredients (id, recipe_id, ingredient_text) values (gen_random_uuid(), '1d56a3cb-b696-4432-a876-37f41b43466b', 'cenoura');
insert into recipe_ingredients (id, recipe_id, ingredient_text) values (gen_random_uuid(), '1d56a3cb-b696-4432-a876-37f41b43466b', 'abobrinha');
insert into recipe_ingredients (id, recipe_id, ingredient_text) values (gen_random_uuid(), '1d56a3cb-b696-4432-a876-37f41b43466b', 'cebola');
insert into recipe_ingredients (id, recipe_id, ingredient_text) values (gen_random_uuid(), '1d56a3cb-b696-4432-a876-37f41b43466b', 'tilápia');
insert into recipe_ingredients (id, recipe_id, ingredient_text) values (gen_random_uuid(), '1d56a3cb-b696-4432-a876-37f41b43466b', 'tomate');
insert into recipe_ingredients (id, recipe_id, ingredient_text) values (gen_random_uuid(), '1d56a3cb-b696-4432-a876-37f41b43466b', 'iogurte natural');

insert into recipes (id, name, source, visibility, prep_time_min, preparation, objective, needs_review) values ('f0152d8e-21ea-416d-99b1-6b00ef6cd44c', 'Carne Moída com Legumes com abobrinha', 'admin', 'public', 19, 'Refogue cebola e alho. Adicione a carne moída e cozinhe até secar. Acrescente cenoura e abobrinha picadas e cozinhe até ficarem macias. Adicione abobrinha durante o preparo para aumentar fibras e volume alimentar. Finalize ajustando os temperos naturais e sirva ainda quente.', 'Promover saciedade, praticidade, controle calórico moderado e aderência alimentar.', false);
insert into recipe_nutrition_profiles (id, recipe_id, calories, calories_kcal, protein_g, carbs_g, fats_g, fat_g) values (gen_random_uuid(), 'f0152d8e-21ea-416d-99b1-6b00ef6cd44c', 255, 255, 31, 39, 8, 8);
insert into recipe_ingredients (id, recipe_id, ingredient_text) values (gen_random_uuid(), 'f0152d8e-21ea-416d-99b1-6b00ef6cd44c', 'carne moída magra');
insert into recipe_ingredients (id, recipe_id, ingredient_text) values (gen_random_uuid(), 'f0152d8e-21ea-416d-99b1-6b00ef6cd44c', 'cenoura');
insert into recipe_ingredients (id, recipe_id, ingredient_text) values (gen_random_uuid(), 'f0152d8e-21ea-416d-99b1-6b00ef6cd44c', 'abobrinha');
insert into recipe_ingredients (id, recipe_id, ingredient_text) values (gen_random_uuid(), 'f0152d8e-21ea-416d-99b1-6b00ef6cd44c', 'cebola');
insert into recipe_ingredients (id, recipe_id, ingredient_text) values (gen_random_uuid(), 'f0152d8e-21ea-416d-99b1-6b00ef6cd44c', 'tilápia');
insert into recipe_ingredients (id, recipe_id, ingredient_text) values (gen_random_uuid(), 'f0152d8e-21ea-416d-99b1-6b00ef6cd44c', 'abobrinha');
insert into recipe_ingredients (id, recipe_id, ingredient_text) values (gen_random_uuid(), 'f0152d8e-21ea-416d-99b1-6b00ef6cd44c', 'aveia');

insert into recipes (id, name, source, visibility, prep_time_min, preparation, objective, needs_review) values ('90c474dd-7c9f-4c47-9b3f-a9b6885b4d48', 'Frango com Arroz Integral com abobrinha', 'admin', 'public', 13, 'Tempere o frango com alho e ervas naturais e grelhe até dourar. Cozinhe o arroz integral separadamente. Refogue os brócolis rapidamente no alho e sirva junto. Adicione abobrinha durante o preparo para aumentar fibras e volume alimentar. Finalize ajustando os temperos naturais e sirva ainda quente.', 'Promover saciedade, praticidade, controle calórico moderado e aderência alimentar.', false);
insert into recipe_nutrition_profiles (id, recipe_id, calories, calories_kcal, protein_g, carbs_g, fats_g, fat_g) values (gen_random_uuid(), '90c474dd-7c9f-4c47-9b3f-a9b6885b4d48', 535, 535, 29, 33, 14, 14);
insert into recipe_ingredients (id, recipe_id, ingredient_text) values (gen_random_uuid(), '90c474dd-7c9f-4c47-9b3f-a9b6885b4d48', 'frango grelhado');
insert into recipe_ingredients (id, recipe_id, ingredient_text) values (gen_random_uuid(), '90c474dd-7c9f-4c47-9b3f-a9b6885b4d48', 'arroz integral');
insert into recipe_ingredients (id, recipe_id, ingredient_text) values (gen_random_uuid(), '90c474dd-7c9f-4c47-9b3f-a9b6885b4d48', 'brócolis');
insert into recipe_ingredients (id, recipe_id, ingredient_text) values (gen_random_uuid(), '90c474dd-7c9f-4c47-9b3f-a9b6885b4d48', 'alho');
insert into recipe_ingredients (id, recipe_id, ingredient_text) values (gen_random_uuid(), '90c474dd-7c9f-4c47-9b3f-a9b6885b4d48', 'atum');
insert into recipe_ingredients (id, recipe_id, ingredient_text) values (gen_random_uuid(), '90c474dd-7c9f-4c47-9b3f-a9b6885b4d48', 'abobrinha');
insert into recipe_ingredients (id, recipe_id, ingredient_text) values (gen_random_uuid(), '90c474dd-7c9f-4c47-9b3f-a9b6885b4d48', 'queijo branco');

insert into recipes (id, name, source, visibility, prep_time_min, preparation, objective, needs_review) values ('9c88029f-ef35-491b-a33a-5985ebfbe6df', 'Carne Moída com Legumes com tomate', 'admin', 'public', 32, 'Refogue cebola e alho. Adicione a carne moída e cozinhe até secar. Acrescente cenoura e abobrinha picadas e cozinhe até ficarem macias. Adicione tomate durante o preparo para aumentar fibras e volume alimentar. Finalize ajustando os temperos naturais e sirva ainda quente.', 'Promover saciedade, praticidade, controle calórico moderado e aderência alimentar.', false);
insert into recipe_nutrition_profiles (id, recipe_id, calories, calories_kcal, protein_g, carbs_g, fats_g, fat_g) values (gen_random_uuid(), '9c88029f-ef35-491b-a33a-5985ebfbe6df', 507, 507, 26, 41, 7, 7);
insert into recipe_ingredients (id, recipe_id, ingredient_text) values (gen_random_uuid(), '9c88029f-ef35-491b-a33a-5985ebfbe6df', 'carne moída magra');
insert into recipe_ingredients (id, recipe_id, ingredient_text) values (gen_random_uuid(), '9c88029f-ef35-491b-a33a-5985ebfbe6df', 'cenoura');
insert into recipe_ingredients (id, recipe_id, ingredient_text) values (gen_random_uuid(), '9c88029f-ef35-491b-a33a-5985ebfbe6df', 'abobrinha');
insert into recipe_ingredients (id, recipe_id, ingredient_text) values (gen_random_uuid(), '9c88029f-ef35-491b-a33a-5985ebfbe6df', 'cebola');
insert into recipe_ingredients (id, recipe_id, ingredient_text) values (gen_random_uuid(), '9c88029f-ef35-491b-a33a-5985ebfbe6df', 'carne magra');
insert into recipe_ingredients (id, recipe_id, ingredient_text) values (gen_random_uuid(), '9c88029f-ef35-491b-a33a-5985ebfbe6df', 'tomate');
insert into recipe_ingredients (id, recipe_id, ingredient_text) values (gen_random_uuid(), '9c88029f-ef35-491b-a33a-5985ebfbe6df', 'iogurte natural');

insert into recipes (id, name, source, visibility, prep_time_min, preparation, objective, needs_review) values ('0f4d9bad-c0ce-4c57-ade3-567a1eef796f', 'Frango com Arroz Integral com espinafre', 'admin', 'public', 14, 'Tempere o frango com alho e ervas naturais e grelhe até dourar. Cozinhe o arroz integral separadamente. Refogue os brócolis rapidamente no alho e sirva junto. Adicione espinafre durante o preparo para aumentar fibras e volume alimentar. Finalize ajustando os temperos naturais e sirva ainda quente.', 'Promover saciedade, praticidade, controle calórico moderado e aderência alimentar.', false);
insert into recipe_nutrition_profiles (id, recipe_id, calories, calories_kcal, protein_g, carbs_g, fats_g, fat_g) values (gen_random_uuid(), '0f4d9bad-c0ce-4c57-ade3-567a1eef796f', 466, 466, 36, 53, 5, 5);
insert into recipe_ingredients (id, recipe_id, ingredient_text) values (gen_random_uuid(), '0f4d9bad-c0ce-4c57-ade3-567a1eef796f', 'frango grelhado');
insert into recipe_ingredients (id, recipe_id, ingredient_text) values (gen_random_uuid(), '0f4d9bad-c0ce-4c57-ade3-567a1eef796f', 'arroz integral');
insert into recipe_ingredients (id, recipe_id, ingredient_text) values (gen_random_uuid(), '0f4d9bad-c0ce-4c57-ade3-567a1eef796f', 'brócolis');
insert into recipe_ingredients (id, recipe_id, ingredient_text) values (gen_random_uuid(), '0f4d9bad-c0ce-4c57-ade3-567a1eef796f', 'alho');
insert into recipe_ingredients (id, recipe_id, ingredient_text) values (gen_random_uuid(), '0f4d9bad-c0ce-4c57-ade3-567a1eef796f', 'frango');
insert into recipe_ingredients (id, recipe_id, ingredient_text) values (gen_random_uuid(), '0f4d9bad-c0ce-4c57-ade3-567a1eef796f', 'espinafre');
insert into recipe_ingredients (id, recipe_id, ingredient_text) values (gen_random_uuid(), '0f4d9bad-c0ce-4c57-ade3-567a1eef796f', 'azeite');

insert into recipes (id, name, source, visibility, prep_time_min, preparation, objective, needs_review) values ('a60915c4-8b70-457f-b22c-afbb39964570', 'Frango com Arroz Integral com cenoura', 'admin', 'public', 6, 'Tempere o frango com alho e ervas naturais e grelhe até dourar. Cozinhe o arroz integral separadamente. Refogue os brócolis rapidamente no alho e sirva junto. Adicione cenoura durante o preparo para aumentar fibras e volume alimentar. Finalize ajustando os temperos naturais e sirva ainda quente.', 'Promover saciedade, praticidade, controle calórico moderado e aderência alimentar.', false);
insert into recipe_nutrition_profiles (id, recipe_id, calories, calories_kcal, protein_g, carbs_g, fats_g, fat_g) values (gen_random_uuid(), 'a60915c4-8b70-457f-b22c-afbb39964570', 377, 377, 13, 15, 5, 5);
insert into recipe_ingredients (id, recipe_id, ingredient_text) values (gen_random_uuid(), 'a60915c4-8b70-457f-b22c-afbb39964570', 'frango grelhado');
insert into recipe_ingredients (id, recipe_id, ingredient_text) values (gen_random_uuid(), 'a60915c4-8b70-457f-b22c-afbb39964570', 'arroz integral');
insert into recipe_ingredients (id, recipe_id, ingredient_text) values (gen_random_uuid(), 'a60915c4-8b70-457f-b22c-afbb39964570', 'brócolis');
insert into recipe_ingredients (id, recipe_id, ingredient_text) values (gen_random_uuid(), 'a60915c4-8b70-457f-b22c-afbb39964570', 'alho');
insert into recipe_ingredients (id, recipe_id, ingredient_text) values (gen_random_uuid(), 'a60915c4-8b70-457f-b22c-afbb39964570', 'atum');
insert into recipe_ingredients (id, recipe_id, ingredient_text) values (gen_random_uuid(), 'a60915c4-8b70-457f-b22c-afbb39964570', 'cenoura');
insert into recipe_ingredients (id, recipe_id, ingredient_text) values (gen_random_uuid(), 'a60915c4-8b70-457f-b22c-afbb39964570', 'chia');

insert into recipes (id, name, source, visibility, prep_time_min, preparation, objective, needs_review) values ('2ae55961-80a4-4099-ae8b-e5bd9424af7a', 'Carne Moída com Legumes com abobrinha', 'admin', 'public', 14, 'Refogue cebola e alho. Adicione a carne moída e cozinhe até secar. Acrescente cenoura e abobrinha picadas e cozinhe até ficarem macias. Adicione abobrinha durante o preparo para aumentar fibras e volume alimentar. Finalize ajustando os temperos naturais e sirva ainda quente.', 'Promover saciedade, praticidade, controle calórico moderado e aderência alimentar.', false);
insert into recipe_nutrition_profiles (id, recipe_id, calories, calories_kcal, protein_g, carbs_g, fats_g, fat_g) values (gen_random_uuid(), '2ae55961-80a4-4099-ae8b-e5bd9424af7a', 341, 341, 14, 48, 9, 9);
insert into recipe_ingredients (id, recipe_id, ingredient_text) values (gen_random_uuid(), '2ae55961-80a4-4099-ae8b-e5bd9424af7a', 'carne moída magra');
insert into recipe_ingredients (id, recipe_id, ingredient_text) values (gen_random_uuid(), '2ae55961-80a4-4099-ae8b-e5bd9424af7a', 'cenoura');
insert into recipe_ingredients (id, recipe_id, ingredient_text) values (gen_random_uuid(), '2ae55961-80a4-4099-ae8b-e5bd9424af7a', 'abobrinha');
insert into recipe_ingredients (id, recipe_id, ingredient_text) values (gen_random_uuid(), '2ae55961-80a4-4099-ae8b-e5bd9424af7a', 'cebola');
insert into recipe_ingredients (id, recipe_id, ingredient_text) values (gen_random_uuid(), '2ae55961-80a4-4099-ae8b-e5bd9424af7a', 'tilápia');
insert into recipe_ingredients (id, recipe_id, ingredient_text) values (gen_random_uuid(), '2ae55961-80a4-4099-ae8b-e5bd9424af7a', 'abobrinha');
insert into recipe_ingredients (id, recipe_id, ingredient_text) values (gen_random_uuid(), '2ae55961-80a4-4099-ae8b-e5bd9424af7a', 'iogurte natural');

insert into recipes (id, name, source, visibility, prep_time_min, preparation, objective, needs_review) values ('7a625d9d-f760-4fda-921f-f64874549b8a', 'Frango com Arroz Integral com tomate', 'admin', 'public', 6, 'Tempere o frango com alho e ervas naturais e grelhe até dourar. Cozinhe o arroz integral separadamente. Refogue os brócolis rapidamente no alho e sirva junto. Adicione tomate durante o preparo para aumentar fibras e volume alimentar. Finalize ajustando os temperos naturais e sirva ainda quente.', 'Promover saciedade, praticidade, controle calórico moderado e aderência alimentar.', false);
insert into recipe_nutrition_profiles (id, recipe_id, calories, calories_kcal, protein_g, carbs_g, fats_g, fat_g) values (gen_random_uuid(), '7a625d9d-f760-4fda-921f-f64874549b8a', 501, 501, 14, 30, 9, 9);
insert into recipe_ingredients (id, recipe_id, ingredient_text) values (gen_random_uuid(), '7a625d9d-f760-4fda-921f-f64874549b8a', 'frango grelhado');
insert into recipe_ingredients (id, recipe_id, ingredient_text) values (gen_random_uuid(), '7a625d9d-f760-4fda-921f-f64874549b8a', 'arroz integral');
insert into recipe_ingredients (id, recipe_id, ingredient_text) values (gen_random_uuid(), '7a625d9d-f760-4fda-921f-f64874549b8a', 'brócolis');
insert into recipe_ingredients (id, recipe_id, ingredient_text) values (gen_random_uuid(), '7a625d9d-f760-4fda-921f-f64874549b8a', 'alho');
insert into recipe_ingredients (id, recipe_id, ingredient_text) values (gen_random_uuid(), '7a625d9d-f760-4fda-921f-f64874549b8a', 'atum');
insert into recipe_ingredients (id, recipe_id, ingredient_text) values (gen_random_uuid(), '7a625d9d-f760-4fda-921f-f64874549b8a', 'tomate');
insert into recipe_ingredients (id, recipe_id, ingredient_text) values (gen_random_uuid(), '7a625d9d-f760-4fda-921f-f64874549b8a', 'chia');

insert into recipes (id, name, source, visibility, prep_time_min, preparation, objective, needs_review) values ('6f724566-785c-427e-aa81-b9b85059dd6d', 'Carne Moída com Legumes com tomate', 'admin', 'public', 27, 'Refogue cebola e alho. Adicione a carne moída e cozinhe até secar. Acrescente cenoura e abobrinha picadas e cozinhe até ficarem macias. Adicione tomate durante o preparo para aumentar fibras e volume alimentar. Finalize ajustando os temperos naturais e sirva ainda quente.', 'Promover saciedade, praticidade, controle calórico moderado e aderência alimentar.', false);
insert into recipe_nutrition_profiles (id, recipe_id, calories, calories_kcal, protein_g, carbs_g, fats_g, fat_g) values (gen_random_uuid(), '6f724566-785c-427e-aa81-b9b85059dd6d', 540, 540, 20, 29, 7, 7);
insert into recipe_ingredients (id, recipe_id, ingredient_text) values (gen_random_uuid(), '6f724566-785c-427e-aa81-b9b85059dd6d', 'carne moída magra');
insert into recipe_ingredients (id, recipe_id, ingredient_text) values (gen_random_uuid(), '6f724566-785c-427e-aa81-b9b85059dd6d', 'cenoura');
insert into recipe_ingredients (id, recipe_id, ingredient_text) values (gen_random_uuid(), '6f724566-785c-427e-aa81-b9b85059dd6d', 'abobrinha');
insert into recipe_ingredients (id, recipe_id, ingredient_text) values (gen_random_uuid(), '6f724566-785c-427e-aa81-b9b85059dd6d', 'cebola');
insert into recipe_ingredients (id, recipe_id, ingredient_text) values (gen_random_uuid(), '6f724566-785c-427e-aa81-b9b85059dd6d', 'tilápia');
insert into recipe_ingredients (id, recipe_id, ingredient_text) values (gen_random_uuid(), '6f724566-785c-427e-aa81-b9b85059dd6d', 'tomate');
insert into recipe_ingredients (id, recipe_id, ingredient_text) values (gen_random_uuid(), '6f724566-785c-427e-aa81-b9b85059dd6d', 'azeite');

insert into recipes (id, name, source, visibility, prep_time_min, preparation, objective, needs_review) values ('a7bdcb88-6f69-40bb-857e-9984c601460e', 'Frango com Arroz Integral com cenoura', 'admin', 'public', 26, 'Tempere o frango com alho e ervas naturais e grelhe até dourar. Cozinhe o arroz integral separadamente. Refogue os brócolis rapidamente no alho e sirva junto. Adicione cenoura durante o preparo para aumentar fibras e volume alimentar. Finalize ajustando os temperos naturais e sirva ainda quente.', 'Promover saciedade, praticidade, controle calórico moderado e aderência alimentar.', false);
insert into recipe_nutrition_profiles (id, recipe_id, calories, calories_kcal, protein_g, carbs_g, fats_g, fat_g) values (gen_random_uuid(), 'a7bdcb88-6f69-40bb-857e-9984c601460e', 476, 476, 38, 33, 15, 15);
insert into recipe_ingredients (id, recipe_id, ingredient_text) values (gen_random_uuid(), 'a7bdcb88-6f69-40bb-857e-9984c601460e', 'frango grelhado');
insert into recipe_ingredients (id, recipe_id, ingredient_text) values (gen_random_uuid(), 'a7bdcb88-6f69-40bb-857e-9984c601460e', 'arroz integral');
insert into recipe_ingredients (id, recipe_id, ingredient_text) values (gen_random_uuid(), 'a7bdcb88-6f69-40bb-857e-9984c601460e', 'brócolis');
insert into recipe_ingredients (id, recipe_id, ingredient_text) values (gen_random_uuid(), 'a7bdcb88-6f69-40bb-857e-9984c601460e', 'alho');
insert into recipe_ingredients (id, recipe_id, ingredient_text) values (gen_random_uuid(), 'a7bdcb88-6f69-40bb-857e-9984c601460e', 'carne magra');
insert into recipe_ingredients (id, recipe_id, ingredient_text) values (gen_random_uuid(), 'a7bdcb88-6f69-40bb-857e-9984c601460e', 'cenoura');
insert into recipe_ingredients (id, recipe_id, ingredient_text) values (gen_random_uuid(), 'a7bdcb88-6f69-40bb-857e-9984c601460e', 'iogurte natural');

insert into recipes (id, name, source, visibility, prep_time_min, preparation, objective, needs_review) values ('7bdee792-8f82-4a71-a463-eeee49028bcd', 'Frango com Arroz Integral com brócolis', 'admin', 'public', 34, 'Tempere o frango com alho e ervas naturais e grelhe até dourar. Cozinhe o arroz integral separadamente. Refogue os brócolis rapidamente no alho e sirva junto. Adicione brócolis durante o preparo para aumentar fibras e volume alimentar. Finalize ajustando os temperos naturais e sirva ainda quente.', 'Promover saciedade, praticidade, controle calórico moderado e aderência alimentar.', false);
insert into recipe_nutrition_profiles (id, recipe_id, calories, calories_kcal, protein_g, carbs_g, fats_g, fat_g) values (gen_random_uuid(), '7bdee792-8f82-4a71-a463-eeee49028bcd', 263, 263, 33, 22, 14, 14);
insert into recipe_ingredients (id, recipe_id, ingredient_text) values (gen_random_uuid(), '7bdee792-8f82-4a71-a463-eeee49028bcd', 'frango grelhado');
insert into recipe_ingredients (id, recipe_id, ingredient_text) values (gen_random_uuid(), '7bdee792-8f82-4a71-a463-eeee49028bcd', 'arroz integral');
insert into recipe_ingredients (id, recipe_id, ingredient_text) values (gen_random_uuid(), '7bdee792-8f82-4a71-a463-eeee49028bcd', 'brócolis');
insert into recipe_ingredients (id, recipe_id, ingredient_text) values (gen_random_uuid(), '7bdee792-8f82-4a71-a463-eeee49028bcd', 'alho');
insert into recipe_ingredients (id, recipe_id, ingredient_text) values (gen_random_uuid(), '7bdee792-8f82-4a71-a463-eeee49028bcd', 'atum');
insert into recipe_ingredients (id, recipe_id, ingredient_text) values (gen_random_uuid(), '7bdee792-8f82-4a71-a463-eeee49028bcd', 'brócolis');
insert into recipe_ingredients (id, recipe_id, ingredient_text) values (gen_random_uuid(), '7bdee792-8f82-4a71-a463-eeee49028bcd', 'chia');

insert into recipes (id, name, source, visibility, prep_time_min, preparation, objective, needs_review) values ('ada07e03-539d-4649-9b39-45be750d73b5', 'Carne Moída com Legumes com espinafre', 'admin', 'public', 21, 'Refogue cebola e alho. Adicione a carne moída e cozinhe até secar. Acrescente cenoura e abobrinha picadas e cozinhe até ficarem macias. Adicione espinafre durante o preparo para aumentar fibras e volume alimentar. Finalize ajustando os temperos naturais e sirva ainda quente.', 'Promover saciedade, praticidade, controle calórico moderado e aderência alimentar.', false);
insert into recipe_nutrition_profiles (id, recipe_id, calories, calories_kcal, protein_g, carbs_g, fats_g, fat_g) values (gen_random_uuid(), 'ada07e03-539d-4649-9b39-45be750d73b5', 205, 205, 18, 19, 9, 9);
insert into recipe_ingredients (id, recipe_id, ingredient_text) values (gen_random_uuid(), 'ada07e03-539d-4649-9b39-45be750d73b5', 'carne moída magra');
insert into recipe_ingredients (id, recipe_id, ingredient_text) values (gen_random_uuid(), 'ada07e03-539d-4649-9b39-45be750d73b5', 'cenoura');
insert into recipe_ingredients (id, recipe_id, ingredient_text) values (gen_random_uuid(), 'ada07e03-539d-4649-9b39-45be750d73b5', 'abobrinha');
insert into recipe_ingredients (id, recipe_id, ingredient_text) values (gen_random_uuid(), 'ada07e03-539d-4649-9b39-45be750d73b5', 'cebola');
insert into recipe_ingredients (id, recipe_id, ingredient_text) values (gen_random_uuid(), 'ada07e03-539d-4649-9b39-45be750d73b5', 'carne magra');
insert into recipe_ingredients (id, recipe_id, ingredient_text) values (gen_random_uuid(), 'ada07e03-539d-4649-9b39-45be750d73b5', 'espinafre');
insert into recipe_ingredients (id, recipe_id, ingredient_text) values (gen_random_uuid(), 'ada07e03-539d-4649-9b39-45be750d73b5', 'queijo branco');

insert into recipes (id, name, source, visibility, prep_time_min, preparation, objective, needs_review) values ('3335ad37-5666-460a-a0da-029266465027', 'Carne Moída com Legumes com tomate', 'admin', 'public', 30, 'Refogue cebola e alho. Adicione a carne moída e cozinhe até secar. Acrescente cenoura e abobrinha picadas e cozinhe até ficarem macias. Adicione tomate durante o preparo para aumentar fibras e volume alimentar. Finalize ajustando os temperos naturais e sirva ainda quente.', 'Promover saciedade, praticidade, controle calórico moderado e aderência alimentar.', false);
insert into recipe_nutrition_profiles (id, recipe_id, calories, calories_kcal, protein_g, carbs_g, fats_g, fat_g) values (gen_random_uuid(), '3335ad37-5666-460a-a0da-029266465027', 360, 360, 16, 28, 12, 12);
insert into recipe_ingredients (id, recipe_id, ingredient_text) values (gen_random_uuid(), '3335ad37-5666-460a-a0da-029266465027', 'carne moída magra');
insert into recipe_ingredients (id, recipe_id, ingredient_text) values (gen_random_uuid(), '3335ad37-5666-460a-a0da-029266465027', 'cenoura');
insert into recipe_ingredients (id, recipe_id, ingredient_text) values (gen_random_uuid(), '3335ad37-5666-460a-a0da-029266465027', 'abobrinha');
insert into recipe_ingredients (id, recipe_id, ingredient_text) values (gen_random_uuid(), '3335ad37-5666-460a-a0da-029266465027', 'cebola');
insert into recipe_ingredients (id, recipe_id, ingredient_text) values (gen_random_uuid(), '3335ad37-5666-460a-a0da-029266465027', 'carne magra');
insert into recipe_ingredients (id, recipe_id, ingredient_text) values (gen_random_uuid(), '3335ad37-5666-460a-a0da-029266465027', 'tomate');
insert into recipe_ingredients (id, recipe_id, ingredient_text) values (gen_random_uuid(), '3335ad37-5666-460a-a0da-029266465027', 'aveia');

insert into recipes (id, name, source, visibility, prep_time_min, preparation, objective, needs_review) values ('0a68f6bd-9eaf-4c5e-bcea-4f1fdd5790c7', 'Carne Moída com Legumes com tomate', 'admin', 'public', 7, 'Refogue cebola e alho. Adicione a carne moída e cozinhe até secar. Acrescente cenoura e abobrinha picadas e cozinhe até ficarem macias. Adicione tomate durante o preparo para aumentar fibras e volume alimentar. Finalize ajustando os temperos naturais e sirva ainda quente.', 'Promover saciedade, praticidade, controle calórico moderado e aderência alimentar.', false);
insert into recipe_nutrition_profiles (id, recipe_id, calories, calories_kcal, protein_g, carbs_g, fats_g, fat_g) values (gen_random_uuid(), '0a68f6bd-9eaf-4c5e-bcea-4f1fdd5790c7', 487, 487, 26, 43, 5, 5);
insert into recipe_ingredients (id, recipe_id, ingredient_text) values (gen_random_uuid(), '0a68f6bd-9eaf-4c5e-bcea-4f1fdd5790c7', 'carne moída magra');
insert into recipe_ingredients (id, recipe_id, ingredient_text) values (gen_random_uuid(), '0a68f6bd-9eaf-4c5e-bcea-4f1fdd5790c7', 'cenoura');
insert into recipe_ingredients (id, recipe_id, ingredient_text) values (gen_random_uuid(), '0a68f6bd-9eaf-4c5e-bcea-4f1fdd5790c7', 'abobrinha');
insert into recipe_ingredients (id, recipe_id, ingredient_text) values (gen_random_uuid(), '0a68f6bd-9eaf-4c5e-bcea-4f1fdd5790c7', 'cebola');
insert into recipe_ingredients (id, recipe_id, ingredient_text) values (gen_random_uuid(), '0a68f6bd-9eaf-4c5e-bcea-4f1fdd5790c7', 'carne magra');
insert into recipe_ingredients (id, recipe_id, ingredient_text) values (gen_random_uuid(), '0a68f6bd-9eaf-4c5e-bcea-4f1fdd5790c7', 'tomate');
insert into recipe_ingredients (id, recipe_id, ingredient_text) values (gen_random_uuid(), '0a68f6bd-9eaf-4c5e-bcea-4f1fdd5790c7', 'chia');

insert into recipes (id, name, source, visibility, prep_time_min, preparation, objective, needs_review) values ('5024df6c-6004-4ecd-a8af-049997d87122', 'Frango com Arroz Integral com abobrinha', 'admin', 'public', 28, 'Tempere o frango com alho e ervas naturais e grelhe até dourar. Cozinhe o arroz integral separadamente. Refogue os brócolis rapidamente no alho e sirva junto. Adicione abobrinha durante o preparo para aumentar fibras e volume alimentar. Finalize ajustando os temperos naturais e sirva ainda quente.', 'Promover saciedade, praticidade, controle calórico moderado e aderência alimentar.', false);
insert into recipe_nutrition_profiles (id, recipe_id, calories, calories_kcal, protein_g, carbs_g, fats_g, fat_g) values (gen_random_uuid(), '5024df6c-6004-4ecd-a8af-049997d87122', 485, 485, 16, 35, 10, 10);
insert into recipe_ingredients (id, recipe_id, ingredient_text) values (gen_random_uuid(), '5024df6c-6004-4ecd-a8af-049997d87122', 'frango grelhado');
insert into recipe_ingredients (id, recipe_id, ingredient_text) values (gen_random_uuid(), '5024df6c-6004-4ecd-a8af-049997d87122', 'arroz integral');
insert into recipe_ingredients (id, recipe_id, ingredient_text) values (gen_random_uuid(), '5024df6c-6004-4ecd-a8af-049997d87122', 'brócolis');
insert into recipe_ingredients (id, recipe_id, ingredient_text) values (gen_random_uuid(), '5024df6c-6004-4ecd-a8af-049997d87122', 'alho');
insert into recipe_ingredients (id, recipe_id, ingredient_text) values (gen_random_uuid(), '5024df6c-6004-4ecd-a8af-049997d87122', 'carne magra');
insert into recipe_ingredients (id, recipe_id, ingredient_text) values (gen_random_uuid(), '5024df6c-6004-4ecd-a8af-049997d87122', 'abobrinha');
insert into recipe_ingredients (id, recipe_id, ingredient_text) values (gen_random_uuid(), '5024df6c-6004-4ecd-a8af-049997d87122', 'azeite');

insert into recipes (id, name, source, visibility, prep_time_min, preparation, objective, needs_review) values ('4ee06533-66d6-44b0-baf4-15886b16c6c2', 'Carne Moída com Legumes com brócolis', 'admin', 'public', 13, 'Refogue cebola e alho. Adicione a carne moída e cozinhe até secar. Acrescente cenoura e abobrinha picadas e cozinhe até ficarem macias. Adicione brócolis durante o preparo para aumentar fibras e volume alimentar. Finalize ajustando os temperos naturais e sirva ainda quente.', 'Promover saciedade, praticidade, controle calórico moderado e aderência alimentar.', false);
insert into recipe_nutrition_profiles (id, recipe_id, calories, calories_kcal, protein_g, carbs_g, fats_g, fat_g) values (gen_random_uuid(), '4ee06533-66d6-44b0-baf4-15886b16c6c2', 472, 472, 36, 43, 6, 6);
insert into recipe_ingredients (id, recipe_id, ingredient_text) values (gen_random_uuid(), '4ee06533-66d6-44b0-baf4-15886b16c6c2', 'carne moída magra');
insert into recipe_ingredients (id, recipe_id, ingredient_text) values (gen_random_uuid(), '4ee06533-66d6-44b0-baf4-15886b16c6c2', 'cenoura');
insert into recipe_ingredients (id, recipe_id, ingredient_text) values (gen_random_uuid(), '4ee06533-66d6-44b0-baf4-15886b16c6c2', 'abobrinha');
insert into recipe_ingredients (id, recipe_id, ingredient_text) values (gen_random_uuid(), '4ee06533-66d6-44b0-baf4-15886b16c6c2', 'cebola');
insert into recipe_ingredients (id, recipe_id, ingredient_text) values (gen_random_uuid(), '4ee06533-66d6-44b0-baf4-15886b16c6c2', 'tilápia');
insert into recipe_ingredients (id, recipe_id, ingredient_text) values (gen_random_uuid(), '4ee06533-66d6-44b0-baf4-15886b16c6c2', 'brócolis');
insert into recipe_ingredients (id, recipe_id, ingredient_text) values (gen_random_uuid(), '4ee06533-66d6-44b0-baf4-15886b16c6c2', 'aveia');

insert into recipes (id, name, source, visibility, prep_time_min, preparation, objective, needs_review) values ('aefc80dc-ceab-4f32-bdb1-fe1527ec85f8', 'Frango com Arroz Integral com tomate', 'admin', 'public', 22, 'Tempere o frango com alho e ervas naturais e grelhe até dourar. Cozinhe o arroz integral separadamente. Refogue os brócolis rapidamente no alho e sirva junto. Adicione tomate durante o preparo para aumentar fibras e volume alimentar. Finalize ajustando os temperos naturais e sirva ainda quente.', 'Promover saciedade, praticidade, controle calórico moderado e aderência alimentar.', false);
insert into recipe_nutrition_profiles (id, recipe_id, calories, calories_kcal, protein_g, carbs_g, fats_g, fat_g) values (gen_random_uuid(), 'aefc80dc-ceab-4f32-bdb1-fe1527ec85f8', 341, 341, 31, 20, 14, 14);
insert into recipe_ingredients (id, recipe_id, ingredient_text) values (gen_random_uuid(), 'aefc80dc-ceab-4f32-bdb1-fe1527ec85f8', 'frango grelhado');
insert into recipe_ingredients (id, recipe_id, ingredient_text) values (gen_random_uuid(), 'aefc80dc-ceab-4f32-bdb1-fe1527ec85f8', 'arroz integral');
insert into recipe_ingredients (id, recipe_id, ingredient_text) values (gen_random_uuid(), 'aefc80dc-ceab-4f32-bdb1-fe1527ec85f8', 'brócolis');
insert into recipe_ingredients (id, recipe_id, ingredient_text) values (gen_random_uuid(), 'aefc80dc-ceab-4f32-bdb1-fe1527ec85f8', 'alho');
insert into recipe_ingredients (id, recipe_id, ingredient_text) values (gen_random_uuid(), 'aefc80dc-ceab-4f32-bdb1-fe1527ec85f8', 'carne magra');
insert into recipe_ingredients (id, recipe_id, ingredient_text) values (gen_random_uuid(), 'aefc80dc-ceab-4f32-bdb1-fe1527ec85f8', 'tomate');
insert into recipe_ingredients (id, recipe_id, ingredient_text) values (gen_random_uuid(), 'aefc80dc-ceab-4f32-bdb1-fe1527ec85f8', 'iogurte natural');

insert into recipes (id, name, source, visibility, prep_time_min, preparation, objective, needs_review) values ('54fd3609-c200-47e7-a606-7748de2d0945', 'Frango com Arroz Integral com cenoura', 'admin', 'public', 9, 'Tempere o frango com alho e ervas naturais e grelhe até dourar. Cozinhe o arroz integral separadamente. Refogue os brócolis rapidamente no alho e sirva junto. Adicione cenoura durante o preparo para aumentar fibras e volume alimentar. Finalize ajustando os temperos naturais e sirva ainda quente.', 'Promover saciedade, praticidade, controle calórico moderado e aderência alimentar.', false);
insert into recipe_nutrition_profiles (id, recipe_id, calories, calories_kcal, protein_g, carbs_g, fats_g, fat_g) values (gen_random_uuid(), '54fd3609-c200-47e7-a606-7748de2d0945', 286, 286, 34, 48, 8, 8);
insert into recipe_ingredients (id, recipe_id, ingredient_text) values (gen_random_uuid(), '54fd3609-c200-47e7-a606-7748de2d0945', 'frango grelhado');
insert into recipe_ingredients (id, recipe_id, ingredient_text) values (gen_random_uuid(), '54fd3609-c200-47e7-a606-7748de2d0945', 'arroz integral');
insert into recipe_ingredients (id, recipe_id, ingredient_text) values (gen_random_uuid(), '54fd3609-c200-47e7-a606-7748de2d0945', 'brócolis');
insert into recipe_ingredients (id, recipe_id, ingredient_text) values (gen_random_uuid(), '54fd3609-c200-47e7-a606-7748de2d0945', 'alho');
insert into recipe_ingredients (id, recipe_id, ingredient_text) values (gen_random_uuid(), '54fd3609-c200-47e7-a606-7748de2d0945', 'tilápia');
insert into recipe_ingredients (id, recipe_id, ingredient_text) values (gen_random_uuid(), '54fd3609-c200-47e7-a606-7748de2d0945', 'cenoura');
insert into recipe_ingredients (id, recipe_id, ingredient_text) values (gen_random_uuid(), '54fd3609-c200-47e7-a606-7748de2d0945', 'iogurte natural');

insert into recipes (id, name, source, visibility, prep_time_min, preparation, objective, needs_review) values ('3d82f9d5-c009-471b-b172-77f2df1be38e', 'Carne Moída com Legumes com abobrinha', 'admin', 'public', 27, 'Refogue cebola e alho. Adicione a carne moída e cozinhe até secar. Acrescente cenoura e abobrinha picadas e cozinhe até ficarem macias. Adicione abobrinha durante o preparo para aumentar fibras e volume alimentar. Finalize ajustando os temperos naturais e sirva ainda quente.', 'Promover saciedade, praticidade, controle calórico moderado e aderência alimentar.', false);
insert into recipe_nutrition_profiles (id, recipe_id, calories, calories_kcal, protein_g, carbs_g, fats_g, fat_g) values (gen_random_uuid(), '3d82f9d5-c009-471b-b172-77f2df1be38e', 496, 496, 36, 48, 7, 7);
insert into recipe_ingredients (id, recipe_id, ingredient_text) values (gen_random_uuid(), '3d82f9d5-c009-471b-b172-77f2df1be38e', 'carne moída magra');
insert into recipe_ingredients (id, recipe_id, ingredient_text) values (gen_random_uuid(), '3d82f9d5-c009-471b-b172-77f2df1be38e', 'cenoura');
insert into recipe_ingredients (id, recipe_id, ingredient_text) values (gen_random_uuid(), '3d82f9d5-c009-471b-b172-77f2df1be38e', 'abobrinha');
insert into recipe_ingredients (id, recipe_id, ingredient_text) values (gen_random_uuid(), '3d82f9d5-c009-471b-b172-77f2df1be38e', 'cebola');
insert into recipe_ingredients (id, recipe_id, ingredient_text) values (gen_random_uuid(), '3d82f9d5-c009-471b-b172-77f2df1be38e', 'atum');
insert into recipe_ingredients (id, recipe_id, ingredient_text) values (gen_random_uuid(), '3d82f9d5-c009-471b-b172-77f2df1be38e', 'abobrinha');
insert into recipe_ingredients (id, recipe_id, ingredient_text) values (gen_random_uuid(), '3d82f9d5-c009-471b-b172-77f2df1be38e', 'queijo branco');

insert into recipes (id, name, source, visibility, prep_time_min, preparation, objective, needs_review) values ('60107c47-f7d9-4bfb-8302-592ce4f18575', 'Frango com Arroz Integral com abobrinha', 'admin', 'public', 9, 'Tempere o frango com alho e ervas naturais e grelhe até dourar. Cozinhe o arroz integral separadamente. Refogue os brócolis rapidamente no alho e sirva junto. Adicione abobrinha durante o preparo para aumentar fibras e volume alimentar. Finalize ajustando os temperos naturais e sirva ainda quente.', 'Promover saciedade, praticidade, controle calórico moderado e aderência alimentar.', false);
insert into recipe_nutrition_profiles (id, recipe_id, calories, calories_kcal, protein_g, carbs_g, fats_g, fat_g) values (gen_random_uuid(), '60107c47-f7d9-4bfb-8302-592ce4f18575', 364, 364, 20, 52, 17, 17);
insert into recipe_ingredients (id, recipe_id, ingredient_text) values (gen_random_uuid(), '60107c47-f7d9-4bfb-8302-592ce4f18575', 'frango grelhado');
insert into recipe_ingredients (id, recipe_id, ingredient_text) values (gen_random_uuid(), '60107c47-f7d9-4bfb-8302-592ce4f18575', 'arroz integral');
insert into recipe_ingredients (id, recipe_id, ingredient_text) values (gen_random_uuid(), '60107c47-f7d9-4bfb-8302-592ce4f18575', 'brócolis');
insert into recipe_ingredients (id, recipe_id, ingredient_text) values (gen_random_uuid(), '60107c47-f7d9-4bfb-8302-592ce4f18575', 'alho');
insert into recipe_ingredients (id, recipe_id, ingredient_text) values (gen_random_uuid(), '60107c47-f7d9-4bfb-8302-592ce4f18575', 'frango');
insert into recipe_ingredients (id, recipe_id, ingredient_text) values (gen_random_uuid(), '60107c47-f7d9-4bfb-8302-592ce4f18575', 'abobrinha');
insert into recipe_ingredients (id, recipe_id, ingredient_text) values (gen_random_uuid(), '60107c47-f7d9-4bfb-8302-592ce4f18575', 'aveia');

insert into recipes (id, name, source, visibility, prep_time_min, preparation, objective, needs_review) values ('a5898559-9b84-451a-ade3-36d4532f38cc', 'Frango com Arroz Integral com abobrinha', 'admin', 'public', 12, 'Tempere o frango com alho e ervas naturais e grelhe até dourar. Cozinhe o arroz integral separadamente. Refogue os brócolis rapidamente no alho e sirva junto. Adicione abobrinha durante o preparo para aumentar fibras e volume alimentar. Finalize ajustando os temperos naturais e sirva ainda quente.', 'Promover saciedade, praticidade, controle calórico moderado e aderência alimentar.', false);
insert into recipe_nutrition_profiles (id, recipe_id, calories, calories_kcal, protein_g, carbs_g, fats_g, fat_g) values (gen_random_uuid(), 'a5898559-9b84-451a-ade3-36d4532f38cc', 346, 346, 22, 53, 9, 9);
insert into recipe_ingredients (id, recipe_id, ingredient_text) values (gen_random_uuid(), 'a5898559-9b84-451a-ade3-36d4532f38cc', 'frango grelhado');
insert into recipe_ingredients (id, recipe_id, ingredient_text) values (gen_random_uuid(), 'a5898559-9b84-451a-ade3-36d4532f38cc', 'arroz integral');
insert into recipe_ingredients (id, recipe_id, ingredient_text) values (gen_random_uuid(), 'a5898559-9b84-451a-ade3-36d4532f38cc', 'brócolis');
insert into recipe_ingredients (id, recipe_id, ingredient_text) values (gen_random_uuid(), 'a5898559-9b84-451a-ade3-36d4532f38cc', 'alho');
insert into recipe_ingredients (id, recipe_id, ingredient_text) values (gen_random_uuid(), 'a5898559-9b84-451a-ade3-36d4532f38cc', 'ovo');
insert into recipe_ingredients (id, recipe_id, ingredient_text) values (gen_random_uuid(), 'a5898559-9b84-451a-ade3-36d4532f38cc', 'abobrinha');
insert into recipe_ingredients (id, recipe_id, ingredient_text) values (gen_random_uuid(), 'a5898559-9b84-451a-ade3-36d4532f38cc', 'queijo branco');

insert into recipes (id, name, source, visibility, prep_time_min, preparation, objective, needs_review) values ('cb3a1caa-a762-431f-a46b-5ba7a1d9cbc1', 'Carne Moída com Legumes com espinafre', 'admin', 'public', 24, 'Refogue cebola e alho. Adicione a carne moída e cozinhe até secar. Acrescente cenoura e abobrinha picadas e cozinhe até ficarem macias. Adicione espinafre durante o preparo para aumentar fibras e volume alimentar. Finalize ajustando os temperos naturais e sirva ainda quente.', 'Promover saciedade, praticidade, controle calórico moderado e aderência alimentar.', false);
insert into recipe_nutrition_profiles (id, recipe_id, calories, calories_kcal, protein_g, carbs_g, fats_g, fat_g) values (gen_random_uuid(), 'cb3a1caa-a762-431f-a46b-5ba7a1d9cbc1', 264, 264, 18, 45, 12, 12);
insert into recipe_ingredients (id, recipe_id, ingredient_text) values (gen_random_uuid(), 'cb3a1caa-a762-431f-a46b-5ba7a1d9cbc1', 'carne moída magra');
insert into recipe_ingredients (id, recipe_id, ingredient_text) values (gen_random_uuid(), 'cb3a1caa-a762-431f-a46b-5ba7a1d9cbc1', 'cenoura');
insert into recipe_ingredients (id, recipe_id, ingredient_text) values (gen_random_uuid(), 'cb3a1caa-a762-431f-a46b-5ba7a1d9cbc1', 'abobrinha');
insert into recipe_ingredients (id, recipe_id, ingredient_text) values (gen_random_uuid(), 'cb3a1caa-a762-431f-a46b-5ba7a1d9cbc1', 'cebola');
insert into recipe_ingredients (id, recipe_id, ingredient_text) values (gen_random_uuid(), 'cb3a1caa-a762-431f-a46b-5ba7a1d9cbc1', 'carne magra');
insert into recipe_ingredients (id, recipe_id, ingredient_text) values (gen_random_uuid(), 'cb3a1caa-a762-431f-a46b-5ba7a1d9cbc1', 'espinafre');
insert into recipe_ingredients (id, recipe_id, ingredient_text) values (gen_random_uuid(), 'cb3a1caa-a762-431f-a46b-5ba7a1d9cbc1', 'queijo branco');

insert into recipes (id, name, source, visibility, prep_time_min, preparation, objective, needs_review) values ('63769a98-e20b-4de2-97ed-1fb348ff3742', 'Carne Moída com Legumes com brócolis', 'admin', 'public', 33, 'Refogue cebola e alho. Adicione a carne moída e cozinhe até secar. Acrescente cenoura e abobrinha picadas e cozinhe até ficarem macias. Adicione brócolis durante o preparo para aumentar fibras e volume alimentar. Finalize ajustando os temperos naturais e sirva ainda quente.', 'Promover saciedade, praticidade, controle calórico moderado e aderência alimentar.', false);
insert into recipe_nutrition_profiles (id, recipe_id, calories, calories_kcal, protein_g, carbs_g, fats_g, fat_g) values (gen_random_uuid(), '63769a98-e20b-4de2-97ed-1fb348ff3742', 330, 330, 34, 19, 6, 6);
insert into recipe_ingredients (id, recipe_id, ingredient_text) values (gen_random_uuid(), '63769a98-e20b-4de2-97ed-1fb348ff3742', 'carne moída magra');
insert into recipe_ingredients (id, recipe_id, ingredient_text) values (gen_random_uuid(), '63769a98-e20b-4de2-97ed-1fb348ff3742', 'cenoura');
insert into recipe_ingredients (id, recipe_id, ingredient_text) values (gen_random_uuid(), '63769a98-e20b-4de2-97ed-1fb348ff3742', 'abobrinha');
insert into recipe_ingredients (id, recipe_id, ingredient_text) values (gen_random_uuid(), '63769a98-e20b-4de2-97ed-1fb348ff3742', 'cebola');
insert into recipe_ingredients (id, recipe_id, ingredient_text) values (gen_random_uuid(), '63769a98-e20b-4de2-97ed-1fb348ff3742', 'ovo');
insert into recipe_ingredients (id, recipe_id, ingredient_text) values (gen_random_uuid(), '63769a98-e20b-4de2-97ed-1fb348ff3742', 'brócolis');
insert into recipe_ingredients (id, recipe_id, ingredient_text) values (gen_random_uuid(), '63769a98-e20b-4de2-97ed-1fb348ff3742', 'iogurte natural');

insert into recipes (id, name, source, visibility, prep_time_min, preparation, objective, needs_review) values ('eb438852-ee27-497e-b773-9a8285fa8dc6', 'Frango com Arroz Integral com abobrinha', 'admin', 'public', 32, 'Tempere o frango com alho e ervas naturais e grelhe até dourar. Cozinhe o arroz integral separadamente. Refogue os brócolis rapidamente no alho e sirva junto. Adicione abobrinha durante o preparo para aumentar fibras e volume alimentar. Finalize ajustando os temperos naturais e sirva ainda quente.', 'Promover saciedade, praticidade, controle calórico moderado e aderência alimentar. Jantar', false);
insert into recipe_nutrition_profiles (id, recipe_id, calories, calories_kcal, protein_g, carbs_g, fats_g, fat_g) values (gen_random_uuid(), 'eb438852-ee27-497e-b773-9a8285fa8dc6', 235, 235, 37, 45, 11, 11);
insert into recipe_ingredients (id, recipe_id, ingredient_text) values (gen_random_uuid(), 'eb438852-ee27-497e-b773-9a8285fa8dc6', 'frango grelhado');
insert into recipe_ingredients (id, recipe_id, ingredient_text) values (gen_random_uuid(), 'eb438852-ee27-497e-b773-9a8285fa8dc6', 'arroz integral');
insert into recipe_ingredients (id, recipe_id, ingredient_text) values (gen_random_uuid(), 'eb438852-ee27-497e-b773-9a8285fa8dc6', 'brócolis');
insert into recipe_ingredients (id, recipe_id, ingredient_text) values (gen_random_uuid(), 'eb438852-ee27-497e-b773-9a8285fa8dc6', 'alho');
insert into recipe_ingredients (id, recipe_id, ingredient_text) values (gen_random_uuid(), 'eb438852-ee27-497e-b773-9a8285fa8dc6', 'ovo');
insert into recipe_ingredients (id, recipe_id, ingredient_text) values (gen_random_uuid(), 'eb438852-ee27-497e-b773-9a8285fa8dc6', 'abobrinha');
insert into recipe_ingredients (id, recipe_id, ingredient_text) values (gen_random_uuid(), 'eb438852-ee27-497e-b773-9a8285fa8dc6', 'iogurte natural');

insert into recipes (id, name, source, visibility, prep_time_min, preparation, objective, needs_review) values ('740c229a-b56a-46a8-a8a7-b5c720a71569', 'Wrap Integral com brócolis', 'admin', 'public', 30, 'Grelhe o frango e desfie. Monte o wrap com alface, tomate e molho leve de iogurte. Enrole e aqueça rapidamente na frigideira. Adicione brócolis durante o preparo para aumentar fibras e volume alimentar. Finalize ajustando os temperos naturais e sirva ainda quente.', 'Promover saciedade, praticidade, controle calórico moderado e aderência alimentar.', false);
insert into recipe_nutrition_profiles (id, recipe_id, calories, calories_kcal, protein_g, carbs_g, fats_g, fat_g) values (gen_random_uuid(), '740c229a-b56a-46a8-a8a7-b5c720a71569', 527, 527, 38, 52, 5, 5);
insert into recipe_ingredients (id, recipe_id, ingredient_text) values (gen_random_uuid(), '740c229a-b56a-46a8-a8a7-b5c720a71569', 'wrap integral');
insert into recipe_ingredients (id, recipe_id, ingredient_text) values (gen_random_uuid(), '740c229a-b56a-46a8-a8a7-b5c720a71569', 'frango');
insert into recipe_ingredients (id, recipe_id, ingredient_text) values (gen_random_uuid(), '740c229a-b56a-46a8-a8a7-b5c720a71569', 'alface');
insert into recipe_ingredients (id, recipe_id, ingredient_text) values (gen_random_uuid(), '740c229a-b56a-46a8-a8a7-b5c720a71569', 'tomate');
insert into recipe_ingredients (id, recipe_id, ingredient_text) values (gen_random_uuid(), '740c229a-b56a-46a8-a8a7-b5c720a71569', 'iogurte');
insert into recipe_ingredients (id, recipe_id, ingredient_text) values (gen_random_uuid(), '740c229a-b56a-46a8-a8a7-b5c720a71569', 'atum');
insert into recipe_ingredients (id, recipe_id, ingredient_text) values (gen_random_uuid(), '740c229a-b56a-46a8-a8a7-b5c720a71569', 'brócolis');
insert into recipe_ingredients (id, recipe_id, ingredient_text) values (gen_random_uuid(), '740c229a-b56a-46a8-a8a7-b5c720a71569', 'iogurte natural');

insert into recipes (id, name, source, visibility, prep_time_min, preparation, objective, needs_review) values ('695b7a97-0afc-4686-9934-bcde8b31da00', 'Wrap Integral com cenoura', 'admin', 'public', 9, 'Grelhe o frango e desfie. Monte o wrap com alface, tomate e molho leve de iogurte. Enrole e aqueça rapidamente na frigideira. Adicione cenoura durante o preparo para aumentar fibras e volume alimentar. Finalize ajustando os temperos naturais e sirva ainda quente.', 'Promover saciedade, praticidade, controle calórico moderado e aderência alimentar.', false);
insert into recipe_nutrition_profiles (id, recipe_id, calories, calories_kcal, protein_g, carbs_g, fats_g, fat_g) values (gen_random_uuid(), '695b7a97-0afc-4686-9934-bcde8b31da00', 353, 353, 33, 27, 15, 15);
insert into recipe_ingredients (id, recipe_id, ingredient_text) values (gen_random_uuid(), '695b7a97-0afc-4686-9934-bcde8b31da00', 'wrap integral');
insert into recipe_ingredients (id, recipe_id, ingredient_text) values (gen_random_uuid(), '695b7a97-0afc-4686-9934-bcde8b31da00', 'frango');
insert into recipe_ingredients (id, recipe_id, ingredient_text) values (gen_random_uuid(), '695b7a97-0afc-4686-9934-bcde8b31da00', 'alface');
insert into recipe_ingredients (id, recipe_id, ingredient_text) values (gen_random_uuid(), '695b7a97-0afc-4686-9934-bcde8b31da00', 'tomate');
insert into recipe_ingredients (id, recipe_id, ingredient_text) values (gen_random_uuid(), '695b7a97-0afc-4686-9934-bcde8b31da00', 'iogurte');
insert into recipe_ingredients (id, recipe_id, ingredient_text) values (gen_random_uuid(), '695b7a97-0afc-4686-9934-bcde8b31da00', 'carne magra');
insert into recipe_ingredients (id, recipe_id, ingredient_text) values (gen_random_uuid(), '695b7a97-0afc-4686-9934-bcde8b31da00', 'cenoura');
insert into recipe_ingredients (id, recipe_id, ingredient_text) values (gen_random_uuid(), '695b7a97-0afc-4686-9934-bcde8b31da00', 'queijo branco');

insert into recipes (id, name, source, visibility, prep_time_min, preparation, objective, needs_review) values ('02e21d85-1f06-4bbb-8dda-818d4c8679bd', 'Sopa de Legumes com tomate', 'admin', 'public', 30, 'Cozinhe os legumes em água com temperos naturais até ficarem macios. Bata parte da sopa no liquidificador para dar cremosidade. Acrescente o frango desfiado e finalize. Adicione tomate durante o preparo para aumentar fibras e volume alimentar. Finalize ajustando os temperos naturais e sirva ainda quente.', 'Promover saciedade, praticidade, controle calórico moderado e aderência alimentar.', false);
insert into recipe_nutrition_profiles (id, recipe_id, calories, calories_kcal, protein_g, carbs_g, fats_g, fat_g) values (gen_random_uuid(), '02e21d85-1f06-4bbb-8dda-818d4c8679bd', 465, 465, 22, 16, 6, 6);
insert into recipe_ingredients (id, recipe_id, ingredient_text) values (gen_random_uuid(), '02e21d85-1f06-4bbb-8dda-818d4c8679bd', 'batata');
insert into recipe_ingredients (id, recipe_id, ingredient_text) values (gen_random_uuid(), '02e21d85-1f06-4bbb-8dda-818d4c8679bd', 'cenoura');
insert into recipe_ingredients (id, recipe_id, ingredient_text) values (gen_random_uuid(), '02e21d85-1f06-4bbb-8dda-818d4c8679bd', 'abóbora');
insert into recipe_ingredients (id, recipe_id, ingredient_text) values (gen_random_uuid(), '02e21d85-1f06-4bbb-8dda-818d4c8679bd', 'frango desfiado');
insert into recipe_ingredients (id, recipe_id, ingredient_text) values (gen_random_uuid(), '02e21d85-1f06-4bbb-8dda-818d4c8679bd', 'frango');
insert into recipe_ingredients (id, recipe_id, ingredient_text) values (gen_random_uuid(), '02e21d85-1f06-4bbb-8dda-818d4c8679bd', 'tomate');
insert into recipe_ingredients (id, recipe_id, ingredient_text) values (gen_random_uuid(), '02e21d85-1f06-4bbb-8dda-818d4c8679bd', 'iogurte natural');

insert into recipes (id, name, source, visibility, prep_time_min, preparation, objective, needs_review) values ('d8827ac6-43b8-40eb-8422-f9e16055867d', 'Sopa de Legumes com abobrinha', 'admin', 'public', 28, 'Cozinhe os legumes em água com temperos naturais até ficarem macios. Bata parte da sopa no liquidificador para dar cremosidade. Acrescente o frango desfiado e finalize. Adicione abobrinha durante o preparo para aumentar fibras e volume alimentar. Finalize ajustando os temperos naturais e sirva ainda quente.', 'Promover saciedade, praticidade, controle calórico moderado e aderência alimentar.', false);
insert into recipe_nutrition_profiles (id, recipe_id, calories, calories_kcal, protein_g, carbs_g, fats_g, fat_g) values (gen_random_uuid(), 'd8827ac6-43b8-40eb-8422-f9e16055867d', 429, 429, 37, 23, 17, 17);
insert into recipe_ingredients (id, recipe_id, ingredient_text) values (gen_random_uuid(), 'd8827ac6-43b8-40eb-8422-f9e16055867d', 'batata');
insert into recipe_ingredients (id, recipe_id, ingredient_text) values (gen_random_uuid(), 'd8827ac6-43b8-40eb-8422-f9e16055867d', 'cenoura');
insert into recipe_ingredients (id, recipe_id, ingredient_text) values (gen_random_uuid(), 'd8827ac6-43b8-40eb-8422-f9e16055867d', 'abóbora');
insert into recipe_ingredients (id, recipe_id, ingredient_text) values (gen_random_uuid(), 'd8827ac6-43b8-40eb-8422-f9e16055867d', 'frango desfiado');
insert into recipe_ingredients (id, recipe_id, ingredient_text) values (gen_random_uuid(), 'd8827ac6-43b8-40eb-8422-f9e16055867d', 'tilápia');
insert into recipe_ingredients (id, recipe_id, ingredient_text) values (gen_random_uuid(), 'd8827ac6-43b8-40eb-8422-f9e16055867d', 'abobrinha');
insert into recipe_ingredients (id, recipe_id, ingredient_text) values (gen_random_uuid(), 'd8827ac6-43b8-40eb-8422-f9e16055867d', 'queijo branco');

insert into recipes (id, name, source, visibility, prep_time_min, preparation, objective, needs_review) values ('d8ed6490-9ad9-4f99-9747-912ff64b7b4d', 'Sopa de Legumes com brócolis', 'admin', 'public', 26, 'Cozinhe os legumes em água com temperos naturais até ficarem macios. Bata parte da sopa no liquidificador para dar cremosidade. Acrescente o frango desfiado e finalize. Adicione brócolis durante o preparo para aumentar fibras e volume alimentar. Finalize ajustando os temperos naturais e sirva ainda quente.', 'Promover saciedade, praticidade, controle calórico moderado e aderência alimentar.', false);
insert into recipe_nutrition_profiles (id, recipe_id, calories, calories_kcal, protein_g, carbs_g, fats_g, fat_g) values (gen_random_uuid(), 'd8ed6490-9ad9-4f99-9747-912ff64b7b4d', 541, 541, 30, 16, 5, 5);
insert into recipe_ingredients (id, recipe_id, ingredient_text) values (gen_random_uuid(), 'd8ed6490-9ad9-4f99-9747-912ff64b7b4d', 'batata');
insert into recipe_ingredients (id, recipe_id, ingredient_text) values (gen_random_uuid(), 'd8ed6490-9ad9-4f99-9747-912ff64b7b4d', 'cenoura');
insert into recipe_ingredients (id, recipe_id, ingredient_text) values (gen_random_uuid(), 'd8ed6490-9ad9-4f99-9747-912ff64b7b4d', 'abóbora');
insert into recipe_ingredients (id, recipe_id, ingredient_text) values (gen_random_uuid(), 'd8ed6490-9ad9-4f99-9747-912ff64b7b4d', 'frango desfiado');
insert into recipe_ingredients (id, recipe_id, ingredient_text) values (gen_random_uuid(), 'd8ed6490-9ad9-4f99-9747-912ff64b7b4d', 'carne magra');
insert into recipe_ingredients (id, recipe_id, ingredient_text) values (gen_random_uuid(), 'd8ed6490-9ad9-4f99-9747-912ff64b7b4d', 'brócolis');
insert into recipe_ingredients (id, recipe_id, ingredient_text) values (gen_random_uuid(), 'd8ed6490-9ad9-4f99-9747-912ff64b7b4d', 'aveia');

insert into recipes (id, name, source, visibility, prep_time_min, preparation, objective, needs_review) values ('674f12c8-928c-4641-ad0a-91ff5ab57697', 'Wrap Integral com abobrinha', 'admin', 'public', 11, 'Grelhe o frango e desfie. Monte o wrap com alface, tomate e molho leve de iogurte. Enrole e aqueça rapidamente na frigideira. Adicione abobrinha durante o preparo para aumentar fibras e volume alimentar. Finalize ajustando os temperos naturais e sirva ainda quente.', 'Promover saciedade, praticidade, controle calórico moderado e aderência alimentar.', false);
insert into recipe_nutrition_profiles (id, recipe_id, calories, calories_kcal, protein_g, carbs_g, fats_g, fat_g) values (gen_random_uuid(), '674f12c8-928c-4641-ad0a-91ff5ab57697', 471, 471, 35, 50, 6, 6);
insert into recipe_ingredients (id, recipe_id, ingredient_text) values (gen_random_uuid(), '674f12c8-928c-4641-ad0a-91ff5ab57697', 'wrap integral');
insert into recipe_ingredients (id, recipe_id, ingredient_text) values (gen_random_uuid(), '674f12c8-928c-4641-ad0a-91ff5ab57697', 'frango');
insert into recipe_ingredients (id, recipe_id, ingredient_text) values (gen_random_uuid(), '674f12c8-928c-4641-ad0a-91ff5ab57697', 'alface');
insert into recipe_ingredients (id, recipe_id, ingredient_text) values (gen_random_uuid(), '674f12c8-928c-4641-ad0a-91ff5ab57697', 'tomate');
insert into recipe_ingredients (id, recipe_id, ingredient_text) values (gen_random_uuid(), '674f12c8-928c-4641-ad0a-91ff5ab57697', 'iogurte');
insert into recipe_ingredients (id, recipe_id, ingredient_text) values (gen_random_uuid(), '674f12c8-928c-4641-ad0a-91ff5ab57697', 'tilápia');
insert into recipe_ingredients (id, recipe_id, ingredient_text) values (gen_random_uuid(), '674f12c8-928c-4641-ad0a-91ff5ab57697', 'abobrinha');
insert into recipe_ingredients (id, recipe_id, ingredient_text) values (gen_random_uuid(), '674f12c8-928c-4641-ad0a-91ff5ab57697', 'queijo branco');

insert into recipes (id, name, source, visibility, prep_time_min, preparation, objective, needs_review) values ('cc038147-1222-410c-9b13-b9f009fe21c3', 'Sopa de Legumes com abobrinha', 'admin', 'public', 6, 'Cozinhe os legumes em água com temperos naturais até ficarem macios. Bata parte da sopa no liquidificador para dar cremosidade. Acrescente o frango desfiado e finalize. Adicione abobrinha durante o preparo para aumentar fibras e volume alimentar. Finalize ajustando os temperos naturais e sirva ainda quente.', 'Promover saciedade, praticidade, controle calórico moderado e aderência alimentar.', false);
insert into recipe_nutrition_profiles (id, recipe_id, calories, calories_kcal, protein_g, carbs_g, fats_g, fat_g) values (gen_random_uuid(), 'cc038147-1222-410c-9b13-b9f009fe21c3', 363, 363, 25, 29, 10, 10);
insert into recipe_ingredients (id, recipe_id, ingredient_text) values (gen_random_uuid(), 'cc038147-1222-410c-9b13-b9f009fe21c3', 'batata');
insert into recipe_ingredients (id, recipe_id, ingredient_text) values (gen_random_uuid(), 'cc038147-1222-410c-9b13-b9f009fe21c3', 'cenoura');
insert into recipe_ingredients (id, recipe_id, ingredient_text) values (gen_random_uuid(), 'cc038147-1222-410c-9b13-b9f009fe21c3', 'abóbora');
insert into recipe_ingredients (id, recipe_id, ingredient_text) values (gen_random_uuid(), 'cc038147-1222-410c-9b13-b9f009fe21c3', 'frango desfiado');
insert into recipe_ingredients (id, recipe_id, ingredient_text) values (gen_random_uuid(), 'cc038147-1222-410c-9b13-b9f009fe21c3', 'atum');
insert into recipe_ingredients (id, recipe_id, ingredient_text) values (gen_random_uuid(), 'cc038147-1222-410c-9b13-b9f009fe21c3', 'abobrinha');
insert into recipe_ingredients (id, recipe_id, ingredient_text) values (gen_random_uuid(), 'cc038147-1222-410c-9b13-b9f009fe21c3', 'aveia');

insert into recipes (id, name, source, visibility, prep_time_min, preparation, objective, needs_review) values ('697903bc-3ebd-4163-b469-5131c25f6830', 'Wrap Integral com espinafre', 'admin', 'public', 11, 'Grelhe o frango e desfie. Monte o wrap com alface, tomate e molho leve de iogurte. Enrole e aqueça rapidamente na frigideira. Adicione espinafre durante o preparo para aumentar fibras e volume alimentar. Finalize ajustando os temperos naturais e sirva ainda quente.', 'Promover saciedade, praticidade, controle calórico moderado e aderência alimentar.', false);
insert into recipe_nutrition_profiles (id, recipe_id, calories, calories_kcal, protein_g, carbs_g, fats_g, fat_g) values (gen_random_uuid(), '697903bc-3ebd-4163-b469-5131c25f6830', 421, 421, 23, 52, 13, 13);
insert into recipe_ingredients (id, recipe_id, ingredient_text) values (gen_random_uuid(), '697903bc-3ebd-4163-b469-5131c25f6830', 'wrap integral');
insert into recipe_ingredients (id, recipe_id, ingredient_text) values (gen_random_uuid(), '697903bc-3ebd-4163-b469-5131c25f6830', 'frango');
insert into recipe_ingredients (id, recipe_id, ingredient_text) values (gen_random_uuid(), '697903bc-3ebd-4163-b469-5131c25f6830', 'alface');
insert into recipe_ingredients (id, recipe_id, ingredient_text) values (gen_random_uuid(), '697903bc-3ebd-4163-b469-5131c25f6830', 'tomate');
insert into recipe_ingredients (id, recipe_id, ingredient_text) values (gen_random_uuid(), '697903bc-3ebd-4163-b469-5131c25f6830', 'iogurte');
insert into recipe_ingredients (id, recipe_id, ingredient_text) values (gen_random_uuid(), '697903bc-3ebd-4163-b469-5131c25f6830', 'atum');
insert into recipe_ingredients (id, recipe_id, ingredient_text) values (gen_random_uuid(), '697903bc-3ebd-4163-b469-5131c25f6830', 'espinafre');
insert into recipe_ingredients (id, recipe_id, ingredient_text) values (gen_random_uuid(), '697903bc-3ebd-4163-b469-5131c25f6830', 'iogurte natural');

insert into recipes (id, name, source, visibility, prep_time_min, preparation, objective, needs_review) values ('06b0df8b-a568-4a45-b58c-9553b51a4e76', 'Sopa de Legumes com tomate', 'admin', 'public', 26, 'Cozinhe os legumes em água com temperos naturais até ficarem macios. Bata parte da sopa no liquidificador para dar cremosidade. Acrescente o frango desfiado e finalize. Adicione tomate durante o preparo para aumentar fibras e volume alimentar. Finalize ajustando os temperos naturais e sirva ainda quente.', 'Promover saciedade, praticidade, controle calórico moderado e aderência alimentar.', false);
insert into recipe_nutrition_profiles (id, recipe_id, calories, calories_kcal, protein_g, carbs_g, fats_g, fat_g) values (gen_random_uuid(), '06b0df8b-a568-4a45-b58c-9553b51a4e76', 369, 369, 36, 45, 8, 8);
insert into recipe_ingredients (id, recipe_id, ingredient_text) values (gen_random_uuid(), '06b0df8b-a568-4a45-b58c-9553b51a4e76', 'batata');
insert into recipe_ingredients (id, recipe_id, ingredient_text) values (gen_random_uuid(), '06b0df8b-a568-4a45-b58c-9553b51a4e76', 'cenoura');
insert into recipe_ingredients (id, recipe_id, ingredient_text) values (gen_random_uuid(), '06b0df8b-a568-4a45-b58c-9553b51a4e76', 'abóbora');
insert into recipe_ingredients (id, recipe_id, ingredient_text) values (gen_random_uuid(), '06b0df8b-a568-4a45-b58c-9553b51a4e76', 'frango desfiado');
insert into recipe_ingredients (id, recipe_id, ingredient_text) values (gen_random_uuid(), '06b0df8b-a568-4a45-b58c-9553b51a4e76', 'atum');
insert into recipe_ingredients (id, recipe_id, ingredient_text) values (gen_random_uuid(), '06b0df8b-a568-4a45-b58c-9553b51a4e76', 'tomate');
insert into recipe_ingredients (id, recipe_id, ingredient_text) values (gen_random_uuid(), '06b0df8b-a568-4a45-b58c-9553b51a4e76', 'chia');

insert into recipes (id, name, source, visibility, prep_time_min, preparation, objective, needs_review) values ('bcb9071d-2b30-4810-ac8a-9326dc746356', 'Sopa de Legumes com tomate', 'admin', 'public', 21, 'Cozinhe os legumes em água com temperos naturais até ficarem macios. Bata parte da sopa no liquidificador para dar cremosidade. Acrescente o frango desfiado e finalize. Adicione tomate durante o preparo para aumentar fibras e volume alimentar. Finalize ajustando os temperos naturais e sirva ainda quente.', 'Promover saciedade, praticidade, controle calórico moderado e aderência alimentar.', false);
insert into recipe_nutrition_profiles (id, recipe_id, calories, calories_kcal, protein_g, carbs_g, fats_g, fat_g) values (gen_random_uuid(), 'bcb9071d-2b30-4810-ac8a-9326dc746356', 313, 313, 26, 54, 12, 12);
insert into recipe_ingredients (id, recipe_id, ingredient_text) values (gen_random_uuid(), 'bcb9071d-2b30-4810-ac8a-9326dc746356', 'batata');
insert into recipe_ingredients (id, recipe_id, ingredient_text) values (gen_random_uuid(), 'bcb9071d-2b30-4810-ac8a-9326dc746356', 'cenoura');
insert into recipe_ingredients (id, recipe_id, ingredient_text) values (gen_random_uuid(), 'bcb9071d-2b30-4810-ac8a-9326dc746356', 'abóbora');
insert into recipe_ingredients (id, recipe_id, ingredient_text) values (gen_random_uuid(), 'bcb9071d-2b30-4810-ac8a-9326dc746356', 'frango desfiado');
insert into recipe_ingredients (id, recipe_id, ingredient_text) values (gen_random_uuid(), 'bcb9071d-2b30-4810-ac8a-9326dc746356', 'atum');
insert into recipe_ingredients (id, recipe_id, ingredient_text) values (gen_random_uuid(), 'bcb9071d-2b30-4810-ac8a-9326dc746356', 'tomate');
insert into recipe_ingredients (id, recipe_id, ingredient_text) values (gen_random_uuid(), 'bcb9071d-2b30-4810-ac8a-9326dc746356', 'azeite');

insert into recipes (id, name, source, visibility, prep_time_min, preparation, objective, needs_review) values ('3b54d67d-2903-44b4-986e-612d39d1ee9d', 'Wrap Integral com cenoura', 'admin', 'public', 12, 'Grelhe o frango e desfie. Monte o wrap com alface, tomate e molho leve de iogurte. Enrole e aqueça rapidamente na frigideira. Adicione cenoura durante o preparo para aumentar fibras e volume alimentar. Finalize ajustando os temperos naturais e sirva ainda quente.', 'Promover saciedade, praticidade, controle calórico moderado e aderência alimentar.', false);
insert into recipe_nutrition_profiles (id, recipe_id, calories, calories_kcal, protein_g, carbs_g, fats_g, fat_g) values (gen_random_uuid(), '3b54d67d-2903-44b4-986e-612d39d1ee9d', 325, 325, 13, 51, 11, 11);
insert into recipe_ingredients (id, recipe_id, ingredient_text) values (gen_random_uuid(), '3b54d67d-2903-44b4-986e-612d39d1ee9d', 'wrap integral');
insert into recipe_ingredients (id, recipe_id, ingredient_text) values (gen_random_uuid(), '3b54d67d-2903-44b4-986e-612d39d1ee9d', 'frango');
insert into recipe_ingredients (id, recipe_id, ingredient_text) values (gen_random_uuid(), '3b54d67d-2903-44b4-986e-612d39d1ee9d', 'alface');
insert into recipe_ingredients (id, recipe_id, ingredient_text) values (gen_random_uuid(), '3b54d67d-2903-44b4-986e-612d39d1ee9d', 'tomate');
insert into recipe_ingredients (id, recipe_id, ingredient_text) values (gen_random_uuid(), '3b54d67d-2903-44b4-986e-612d39d1ee9d', 'iogurte');
insert into recipe_ingredients (id, recipe_id, ingredient_text) values (gen_random_uuid(), '3b54d67d-2903-44b4-986e-612d39d1ee9d', 'tilápia');
insert into recipe_ingredients (id, recipe_id, ingredient_text) values (gen_random_uuid(), '3b54d67d-2903-44b4-986e-612d39d1ee9d', 'cenoura');
insert into recipe_ingredients (id, recipe_id, ingredient_text) values (gen_random_uuid(), '3b54d67d-2903-44b4-986e-612d39d1ee9d', 'queijo branco');

insert into recipes (id, name, source, visibility, prep_time_min, preparation, objective, needs_review) values ('e88fe9a1-f03c-411c-8306-16e017992a08', 'Wrap Integral com espinafre', 'admin', 'public', 32, 'Grelhe o frango e desfie. Monte o wrap com alface, tomate e molho leve de iogurte. Enrole e aqueça rapidamente na frigideira. Adicione espinafre durante o preparo para aumentar fibras e volume alimentar. Finalize ajustando os temperos naturais e sirva ainda quente.', 'Promover saciedade, praticidade, controle calórico moderado e aderência alimentar.', false);
insert into recipe_nutrition_profiles (id, recipe_id, calories, calories_kcal, protein_g, carbs_g, fats_g, fat_g) values (gen_random_uuid(), 'e88fe9a1-f03c-411c-8306-16e017992a08', 356, 356, 22, 37, 14, 14);
insert into recipe_ingredients (id, recipe_id, ingredient_text) values (gen_random_uuid(), 'e88fe9a1-f03c-411c-8306-16e017992a08', 'wrap integral');
insert into recipe_ingredients (id, recipe_id, ingredient_text) values (gen_random_uuid(), 'e88fe9a1-f03c-411c-8306-16e017992a08', 'frango');
insert into recipe_ingredients (id, recipe_id, ingredient_text) values (gen_random_uuid(), 'e88fe9a1-f03c-411c-8306-16e017992a08', 'alface');
insert into recipe_ingredients (id, recipe_id, ingredient_text) values (gen_random_uuid(), 'e88fe9a1-f03c-411c-8306-16e017992a08', 'tomate');
insert into recipe_ingredients (id, recipe_id, ingredient_text) values (gen_random_uuid(), 'e88fe9a1-f03c-411c-8306-16e017992a08', 'iogurte');
insert into recipe_ingredients (id, recipe_id, ingredient_text) values (gen_random_uuid(), 'e88fe9a1-f03c-411c-8306-16e017992a08', 'ovo');
insert into recipe_ingredients (id, recipe_id, ingredient_text) values (gen_random_uuid(), 'e88fe9a1-f03c-411c-8306-16e017992a08', 'espinafre');
insert into recipe_ingredients (id, recipe_id, ingredient_text) values (gen_random_uuid(), 'e88fe9a1-f03c-411c-8306-16e017992a08', 'aveia');

insert into recipes (id, name, source, visibility, prep_time_min, preparation, objective, needs_review) values ('87799f0d-5b62-4be9-9ca8-f383de01367f', 'Wrap Integral com brócolis', 'admin', 'public', 26, 'Grelhe o frango e desfie. Monte o wrap com alface, tomate e molho leve de iogurte. Enrole e aqueça rapidamente na frigideira. Adicione brócolis durante o preparo para aumentar fibras e volume alimentar. Finalize ajustando os temperos naturais e sirva ainda quente.', 'Promover saciedade, praticidade, controle calórico moderado e aderência alimentar.', false);
insert into recipe_nutrition_profiles (id, recipe_id, calories, calories_kcal, protein_g, carbs_g, fats_g, fat_g) values (gen_random_uuid(), '87799f0d-5b62-4be9-9ca8-f383de01367f', 443, 443, 27, 24, 8, 8);
insert into recipe_ingredients (id, recipe_id, ingredient_text) values (gen_random_uuid(), '87799f0d-5b62-4be9-9ca8-f383de01367f', 'wrap integral');
insert into recipe_ingredients (id, recipe_id, ingredient_text) values (gen_random_uuid(), '87799f0d-5b62-4be9-9ca8-f383de01367f', 'frango');
insert into recipe_ingredients (id, recipe_id, ingredient_text) values (gen_random_uuid(), '87799f0d-5b62-4be9-9ca8-f383de01367f', 'alface');
insert into recipe_ingredients (id, recipe_id, ingredient_text) values (gen_random_uuid(), '87799f0d-5b62-4be9-9ca8-f383de01367f', 'tomate');
insert into recipe_ingredients (id, recipe_id, ingredient_text) values (gen_random_uuid(), '87799f0d-5b62-4be9-9ca8-f383de01367f', 'iogurte');
insert into recipe_ingredients (id, recipe_id, ingredient_text) values (gen_random_uuid(), '87799f0d-5b62-4be9-9ca8-f383de01367f', 'tilápia');
insert into recipe_ingredients (id, recipe_id, ingredient_text) values (gen_random_uuid(), '87799f0d-5b62-4be9-9ca8-f383de01367f', 'brócolis');
insert into recipe_ingredients (id, recipe_id, ingredient_text) values (gen_random_uuid(), '87799f0d-5b62-4be9-9ca8-f383de01367f', 'iogurte natural');

insert into recipes (id, name, source, visibility, prep_time_min, preparation, objective, needs_review) values ('b1f085e4-7679-45b6-9ffc-4604706bc60a', 'Wrap Integral com espinafre', 'admin', 'public', 9, 'Grelhe o frango e desfie. Monte o wrap com alface, tomate e molho leve de iogurte. Enrole e aqueça rapidamente na frigideira. Adicione espinafre durante o preparo para aumentar fibras e volume alimentar. Finalize ajustando os temperos naturais e sirva ainda quente.', 'Promover saciedade, praticidade, controle calórico moderado e aderência alimentar.', false);
insert into recipe_nutrition_profiles (id, recipe_id, calories, calories_kcal, protein_g, carbs_g, fats_g, fat_g) values (gen_random_uuid(), 'b1f085e4-7679-45b6-9ffc-4604706bc60a', 181, 181, 17, 28, 16, 16);
insert into recipe_ingredients (id, recipe_id, ingredient_text) values (gen_random_uuid(), 'b1f085e4-7679-45b6-9ffc-4604706bc60a', 'wrap integral');
insert into recipe_ingredients (id, recipe_id, ingredient_text) values (gen_random_uuid(), 'b1f085e4-7679-45b6-9ffc-4604706bc60a', 'frango');
insert into recipe_ingredients (id, recipe_id, ingredient_text) values (gen_random_uuid(), 'b1f085e4-7679-45b6-9ffc-4604706bc60a', 'alface');
insert into recipe_ingredients (id, recipe_id, ingredient_text) values (gen_random_uuid(), 'b1f085e4-7679-45b6-9ffc-4604706bc60a', 'tomate');
insert into recipe_ingredients (id, recipe_id, ingredient_text) values (gen_random_uuid(), 'b1f085e4-7679-45b6-9ffc-4604706bc60a', 'iogurte');
insert into recipe_ingredients (id, recipe_id, ingredient_text) values (gen_random_uuid(), 'b1f085e4-7679-45b6-9ffc-4604706bc60a', 'tilápia');
insert into recipe_ingredients (id, recipe_id, ingredient_text) values (gen_random_uuid(), 'b1f085e4-7679-45b6-9ffc-4604706bc60a', 'espinafre');
insert into recipe_ingredients (id, recipe_id, ingredient_text) values (gen_random_uuid(), 'b1f085e4-7679-45b6-9ffc-4604706bc60a', 'azeite');

insert into recipes (id, name, source, visibility, prep_time_min, preparation, objective, needs_review) values ('004fddef-396a-467d-93ee-ae3af5aa256f', 'Sopa de Legumes com brócolis', 'admin', 'public', 28, 'Cozinhe os legumes em água com temperos naturais até ficarem macios. Bata parte da sopa no liquidificador para dar cremosidade. Acrescente o frango desfiado e finalize. Adicione brócolis durante o preparo para aumentar fibras e volume alimentar. Finalize ajustando os temperos naturais e sirva ainda quente.', 'Promover saciedade, praticidade, controle calórico moderado e aderência alimentar.', false);
insert into recipe_nutrition_profiles (id, recipe_id, calories, calories_kcal, protein_g, carbs_g, fats_g, fat_g) values (gen_random_uuid(), '004fddef-396a-467d-93ee-ae3af5aa256f', 496, 496, 23, 37, 10, 10);
insert into recipe_ingredients (id, recipe_id, ingredient_text) values (gen_random_uuid(), '004fddef-396a-467d-93ee-ae3af5aa256f', 'batata');
insert into recipe_ingredients (id, recipe_id, ingredient_text) values (gen_random_uuid(), '004fddef-396a-467d-93ee-ae3af5aa256f', 'cenoura');
insert into recipe_ingredients (id, recipe_id, ingredient_text) values (gen_random_uuid(), '004fddef-396a-467d-93ee-ae3af5aa256f', 'abóbora');
insert into recipe_ingredients (id, recipe_id, ingredient_text) values (gen_random_uuid(), '004fddef-396a-467d-93ee-ae3af5aa256f', 'frango desfiado');
insert into recipe_ingredients (id, recipe_id, ingredient_text) values (gen_random_uuid(), '004fddef-396a-467d-93ee-ae3af5aa256f', 'frango');
insert into recipe_ingredients (id, recipe_id, ingredient_text) values (gen_random_uuid(), '004fddef-396a-467d-93ee-ae3af5aa256f', 'brócolis');
insert into recipe_ingredients (id, recipe_id, ingredient_text) values (gen_random_uuid(), '004fddef-396a-467d-93ee-ae3af5aa256f', 'azeite');

insert into recipes (id, name, source, visibility, prep_time_min, preparation, objective, needs_review) values ('4fcdde91-9570-4df3-a6f3-da0920865902', 'Sopa de Legumes com abobrinha', 'admin', 'public', 32, 'Cozinhe os legumes em água com temperos naturais até ficarem macios. Bata parte da sopa no liquidificador para dar cremosidade. Acrescente o frango desfiado e finalize. Adicione abobrinha durante o preparo para aumentar fibras e volume alimentar. Finalize ajustando os temperos naturais e sirva ainda quente.', 'Promover saciedade, praticidade, controle calórico moderado e aderência alimentar.', false);
insert into recipe_nutrition_profiles (id, recipe_id, calories, calories_kcal, protein_g, carbs_g, fats_g, fat_g) values (gen_random_uuid(), '4fcdde91-9570-4df3-a6f3-da0920865902', 463, 463, 19, 43, 8, 8);
insert into recipe_ingredients (id, recipe_id, ingredient_text) values (gen_random_uuid(), '4fcdde91-9570-4df3-a6f3-da0920865902', 'batata');
insert into recipe_ingredients (id, recipe_id, ingredient_text) values (gen_random_uuid(), '4fcdde91-9570-4df3-a6f3-da0920865902', 'cenoura');
insert into recipe_ingredients (id, recipe_id, ingredient_text) values (gen_random_uuid(), '4fcdde91-9570-4df3-a6f3-da0920865902', 'abóbora');
insert into recipe_ingredients (id, recipe_id, ingredient_text) values (gen_random_uuid(), '4fcdde91-9570-4df3-a6f3-da0920865902', 'frango desfiado');
insert into recipe_ingredients (id, recipe_id, ingredient_text) values (gen_random_uuid(), '4fcdde91-9570-4df3-a6f3-da0920865902', 'atum');
insert into recipe_ingredients (id, recipe_id, ingredient_text) values (gen_random_uuid(), '4fcdde91-9570-4df3-a6f3-da0920865902', 'abobrinha');
insert into recipe_ingredients (id, recipe_id, ingredient_text) values (gen_random_uuid(), '4fcdde91-9570-4df3-a6f3-da0920865902', 'iogurte natural');

insert into recipes (id, name, source, visibility, prep_time_min, preparation, objective, needs_review) values ('d2a30e3c-414f-4c7e-b0ba-68c5e992eaf9', 'Wrap Integral com brócolis', 'admin', 'public', 35, 'Grelhe o frango e desfie. Monte o wrap com alface, tomate e molho leve de iogurte. Enrole e aqueça rapidamente na frigideira. Adicione brócolis durante o preparo para aumentar fibras e volume alimentar. Finalize ajustando os temperos naturais e sirva ainda quente.', 'Promover saciedade, praticidade, controle calórico moderado e aderência alimentar.', false);
insert into recipe_nutrition_profiles (id, recipe_id, calories, calories_kcal, protein_g, carbs_g, fats_g, fat_g) values (gen_random_uuid(), 'd2a30e3c-414f-4c7e-b0ba-68c5e992eaf9', 231, 231, 18, 18, 15, 15);
insert into recipe_ingredients (id, recipe_id, ingredient_text) values (gen_random_uuid(), 'd2a30e3c-414f-4c7e-b0ba-68c5e992eaf9', 'wrap integral');
insert into recipe_ingredients (id, recipe_id, ingredient_text) values (gen_random_uuid(), 'd2a30e3c-414f-4c7e-b0ba-68c5e992eaf9', 'frango');
insert into recipe_ingredients (id, recipe_id, ingredient_text) values (gen_random_uuid(), 'd2a30e3c-414f-4c7e-b0ba-68c5e992eaf9', 'alface');
insert into recipe_ingredients (id, recipe_id, ingredient_text) values (gen_random_uuid(), 'd2a30e3c-414f-4c7e-b0ba-68c5e992eaf9', 'tomate');
insert into recipe_ingredients (id, recipe_id, ingredient_text) values (gen_random_uuid(), 'd2a30e3c-414f-4c7e-b0ba-68c5e992eaf9', 'iogurte');
insert into recipe_ingredients (id, recipe_id, ingredient_text) values (gen_random_uuid(), 'd2a30e3c-414f-4c7e-b0ba-68c5e992eaf9', 'tilápia');
insert into recipe_ingredients (id, recipe_id, ingredient_text) values (gen_random_uuid(), 'd2a30e3c-414f-4c7e-b0ba-68c5e992eaf9', 'brócolis');
insert into recipe_ingredients (id, recipe_id, ingredient_text) values (gen_random_uuid(), 'd2a30e3c-414f-4c7e-b0ba-68c5e992eaf9', 'aveia');

insert into recipes (id, name, source, visibility, prep_time_min, preparation, objective, needs_review) values ('9193b467-fe10-437d-a874-7344b3a30131', 'Wrap Integral com brócolis', 'admin', 'public', 33, 'Grelhe o frango e desfie. Monte o wrap com alface, tomate e molho leve de iogurte. Enrole e aqueça rapidamente na frigideira. Adicione brócolis durante o preparo para aumentar fibras e volume alimentar. Finalize ajustando os temperos naturais e sirva ainda quente.', 'Promover saciedade, praticidade, controle calórico moderado e aderência alimentar.', false);
insert into recipe_nutrition_profiles (id, recipe_id, calories, calories_kcal, protein_g, carbs_g, fats_g, fat_g) values (gen_random_uuid(), '9193b467-fe10-437d-a874-7344b3a30131', 389, 389, 36, 20, 10, 10);
insert into recipe_ingredients (id, recipe_id, ingredient_text) values (gen_random_uuid(), '9193b467-fe10-437d-a874-7344b3a30131', 'wrap integral');
insert into recipe_ingredients (id, recipe_id, ingredient_text) values (gen_random_uuid(), '9193b467-fe10-437d-a874-7344b3a30131', 'frango');
insert into recipe_ingredients (id, recipe_id, ingredient_text) values (gen_random_uuid(), '9193b467-fe10-437d-a874-7344b3a30131', 'alface');
insert into recipe_ingredients (id, recipe_id, ingredient_text) values (gen_random_uuid(), '9193b467-fe10-437d-a874-7344b3a30131', 'tomate');
insert into recipe_ingredients (id, recipe_id, ingredient_text) values (gen_random_uuid(), '9193b467-fe10-437d-a874-7344b3a30131', 'iogurte');
insert into recipe_ingredients (id, recipe_id, ingredient_text) values (gen_random_uuid(), '9193b467-fe10-437d-a874-7344b3a30131', 'carne magra');
insert into recipe_ingredients (id, recipe_id, ingredient_text) values (gen_random_uuid(), '9193b467-fe10-437d-a874-7344b3a30131', 'brócolis');
insert into recipe_ingredients (id, recipe_id, ingredient_text) values (gen_random_uuid(), '9193b467-fe10-437d-a874-7344b3a30131', 'iogurte natural');

insert into recipes (id, name, source, visibility, prep_time_min, preparation, objective, needs_review) values ('6c24c53f-1afa-404c-8f2a-f7bebc2c79cc', 'Wrap Integral com espinafre', 'admin', 'public', 20, 'Grelhe o frango e desfie. Monte o wrap com alface, tomate e molho leve de iogurte. Enrole e aqueça rapidamente na frigideira. Adicione espinafre durante o preparo para aumentar fibras e volume alimentar. Finalize ajustando os temperos naturais e sirva ainda quente.', 'Promover saciedade, praticidade, controle calórico moderado e aderência alimentar.', false);
insert into recipe_nutrition_profiles (id, recipe_id, calories, calories_kcal, protein_g, carbs_g, fats_g, fat_g) values (gen_random_uuid(), '6c24c53f-1afa-404c-8f2a-f7bebc2c79cc', 223, 223, 12, 29, 17, 17);
insert into recipe_ingredients (id, recipe_id, ingredient_text) values (gen_random_uuid(), '6c24c53f-1afa-404c-8f2a-f7bebc2c79cc', 'wrap integral');
insert into recipe_ingredients (id, recipe_id, ingredient_text) values (gen_random_uuid(), '6c24c53f-1afa-404c-8f2a-f7bebc2c79cc', 'frango');
insert into recipe_ingredients (id, recipe_id, ingredient_text) values (gen_random_uuid(), '6c24c53f-1afa-404c-8f2a-f7bebc2c79cc', 'alface');
insert into recipe_ingredients (id, recipe_id, ingredient_text) values (gen_random_uuid(), '6c24c53f-1afa-404c-8f2a-f7bebc2c79cc', 'tomate');
insert into recipe_ingredients (id, recipe_id, ingredient_text) values (gen_random_uuid(), '6c24c53f-1afa-404c-8f2a-f7bebc2c79cc', 'iogurte');
insert into recipe_ingredients (id, recipe_id, ingredient_text) values (gen_random_uuid(), '6c24c53f-1afa-404c-8f2a-f7bebc2c79cc', 'carne magra');
insert into recipe_ingredients (id, recipe_id, ingredient_text) values (gen_random_uuid(), '6c24c53f-1afa-404c-8f2a-f7bebc2c79cc', 'espinafre');
insert into recipe_ingredients (id, recipe_id, ingredient_text) values (gen_random_uuid(), '6c24c53f-1afa-404c-8f2a-f7bebc2c79cc', 'azeite');

insert into recipes (id, name, source, visibility, prep_time_min, preparation, objective, needs_review) values ('041a3f80-4ab9-487b-807c-e05fe103c127', 'Wrap Integral com abobrinha', 'admin', 'public', 27, 'Grelhe o frango e desfie. Monte o wrap com alface, tomate e molho leve de iogurte. Enrole e aqueça rapidamente na frigideira. Adicione abobrinha durante o preparo para aumentar fibras e volume alimentar. Finalize ajustando os temperos naturais e sirva ainda quente.', 'Promover saciedade, praticidade, controle calórico moderado e aderência alimentar.', false);
insert into recipe_nutrition_profiles (id, recipe_id, calories, calories_kcal, protein_g, carbs_g, fats_g, fat_g) values (gen_random_uuid(), '041a3f80-4ab9-487b-807c-e05fe103c127', 187, 187, 37, 49, 17, 17);
insert into recipe_ingredients (id, recipe_id, ingredient_text) values (gen_random_uuid(), '041a3f80-4ab9-487b-807c-e05fe103c127', 'wrap integral');
insert into recipe_ingredients (id, recipe_id, ingredient_text) values (gen_random_uuid(), '041a3f80-4ab9-487b-807c-e05fe103c127', 'frango');
insert into recipe_ingredients (id, recipe_id, ingredient_text) values (gen_random_uuid(), '041a3f80-4ab9-487b-807c-e05fe103c127', 'alface');
insert into recipe_ingredients (id, recipe_id, ingredient_text) values (gen_random_uuid(), '041a3f80-4ab9-487b-807c-e05fe103c127', 'tomate');
insert into recipe_ingredients (id, recipe_id, ingredient_text) values (gen_random_uuid(), '041a3f80-4ab9-487b-807c-e05fe103c127', 'iogurte');
insert into recipe_ingredients (id, recipe_id, ingredient_text) values (gen_random_uuid(), '041a3f80-4ab9-487b-807c-e05fe103c127', 'atum');
insert into recipe_ingredients (id, recipe_id, ingredient_text) values (gen_random_uuid(), '041a3f80-4ab9-487b-807c-e05fe103c127', 'abobrinha');
insert into recipe_ingredients (id, recipe_id, ingredient_text) values (gen_random_uuid(), '041a3f80-4ab9-487b-807c-e05fe103c127', 'chia');

insert into recipes (id, name, source, visibility, prep_time_min, preparation, objective, needs_review) values ('85ea2c78-899e-4749-8726-917d97546fea', 'Wrap Integral com espinafre', 'admin', 'public', 30, 'Grelhe o frango e desfie. Monte o wrap com alface, tomate e molho leve de iogurte. Enrole e aqueça rapidamente na frigideira. Adicione espinafre durante o preparo para aumentar fibras e volume alimentar. Finalize ajustando os temperos naturais e sirva ainda quente.', 'Promover saciedade, praticidade, controle calórico moderado e aderência alimentar.', false);
insert into recipe_nutrition_profiles (id, recipe_id, calories, calories_kcal, protein_g, carbs_g, fats_g, fat_g) values (gen_random_uuid(), '85ea2c78-899e-4749-8726-917d97546fea', 212, 212, 14, 35, 16, 16);
insert into recipe_ingredients (id, recipe_id, ingredient_text) values (gen_random_uuid(), '85ea2c78-899e-4749-8726-917d97546fea', 'wrap integral');
insert into recipe_ingredients (id, recipe_id, ingredient_text) values (gen_random_uuid(), '85ea2c78-899e-4749-8726-917d97546fea', 'frango');
insert into recipe_ingredients (id, recipe_id, ingredient_text) values (gen_random_uuid(), '85ea2c78-899e-4749-8726-917d97546fea', 'alface');
insert into recipe_ingredients (id, recipe_id, ingredient_text) values (gen_random_uuid(), '85ea2c78-899e-4749-8726-917d97546fea', 'tomate');
insert into recipe_ingredients (id, recipe_id, ingredient_text) values (gen_random_uuid(), '85ea2c78-899e-4749-8726-917d97546fea', 'iogurte');
insert into recipe_ingredients (id, recipe_id, ingredient_text) values (gen_random_uuid(), '85ea2c78-899e-4749-8726-917d97546fea', 'atum');
insert into recipe_ingredients (id, recipe_id, ingredient_text) values (gen_random_uuid(), '85ea2c78-899e-4749-8726-917d97546fea', 'espinafre');
insert into recipe_ingredients (id, recipe_id, ingredient_text) values (gen_random_uuid(), '85ea2c78-899e-4749-8726-917d97546fea', 'queijo branco');

insert into recipes (id, name, source, visibility, prep_time_min, preparation, objective, needs_review) values ('8fa312d8-8476-4a49-8e92-22369905e6ee', 'Sopa de Legumes com cenoura', 'admin', 'public', 31, 'Cozinhe os legumes em água com temperos naturais até ficarem macios. Bata parte da sopa no liquidificador para dar cremosidade. Acrescente o frango desfiado e finalize. Adicione cenoura durante o preparo para aumentar fibras e volume alimentar. Finalize ajustando os temperos naturais e sirva ainda quente.', 'Promover saciedade, praticidade, controle calórico moderado e aderência alimentar.', false);
insert into recipe_nutrition_profiles (id, recipe_id, calories, calories_kcal, protein_g, carbs_g, fats_g, fat_g) values (gen_random_uuid(), '8fa312d8-8476-4a49-8e92-22369905e6ee', 264, 264, 21, 26, 11, 11);
insert into recipe_ingredients (id, recipe_id, ingredient_text) values (gen_random_uuid(), '8fa312d8-8476-4a49-8e92-22369905e6ee', 'batata');
insert into recipe_ingredients (id, recipe_id, ingredient_text) values (gen_random_uuid(), '8fa312d8-8476-4a49-8e92-22369905e6ee', 'cenoura');
insert into recipe_ingredients (id, recipe_id, ingredient_text) values (gen_random_uuid(), '8fa312d8-8476-4a49-8e92-22369905e6ee', 'abóbora');
insert into recipe_ingredients (id, recipe_id, ingredient_text) values (gen_random_uuid(), '8fa312d8-8476-4a49-8e92-22369905e6ee', 'frango desfiado');
insert into recipe_ingredients (id, recipe_id, ingredient_text) values (gen_random_uuid(), '8fa312d8-8476-4a49-8e92-22369905e6ee', 'tilápia');
insert into recipe_ingredients (id, recipe_id, ingredient_text) values (gen_random_uuid(), '8fa312d8-8476-4a49-8e92-22369905e6ee', 'cenoura');
insert into recipe_ingredients (id, recipe_id, ingredient_text) values (gen_random_uuid(), '8fa312d8-8476-4a49-8e92-22369905e6ee', 'chia');

insert into recipes (id, name, source, visibility, prep_time_min, preparation, objective, needs_review) values ('d35dad74-1571-4860-ad42-d6d740f6f889', 'Wrap Integral com abobrinha', 'admin', 'public', 23, 'Grelhe o frango e desfie. Monte o wrap com alface, tomate e molho leve de iogurte. Enrole e aqueça rapidamente na frigideira. Adicione abobrinha durante o preparo para aumentar fibras e volume alimentar. Finalize ajustando os temperos naturais e sirva ainda quente.', 'Promover saciedade, praticidade, controle calórico moderado e aderência alimentar.', false);
insert into recipe_nutrition_profiles (id, recipe_id, calories, calories_kcal, protein_g, carbs_g, fats_g, fat_g) values (gen_random_uuid(), 'd35dad74-1571-4860-ad42-d6d740f6f889', 377, 377, 15, 27, 15, 15);
insert into recipe_ingredients (id, recipe_id, ingredient_text) values (gen_random_uuid(), 'd35dad74-1571-4860-ad42-d6d740f6f889', 'wrap integral');
insert into recipe_ingredients (id, recipe_id, ingredient_text) values (gen_random_uuid(), 'd35dad74-1571-4860-ad42-d6d740f6f889', 'frango');
insert into recipe_ingredients (id, recipe_id, ingredient_text) values (gen_random_uuid(), 'd35dad74-1571-4860-ad42-d6d740f6f889', 'alface');
insert into recipe_ingredients (id, recipe_id, ingredient_text) values (gen_random_uuid(), 'd35dad74-1571-4860-ad42-d6d740f6f889', 'tomate');
insert into recipe_ingredients (id, recipe_id, ingredient_text) values (gen_random_uuid(), 'd35dad74-1571-4860-ad42-d6d740f6f889', 'iogurte');
insert into recipe_ingredients (id, recipe_id, ingredient_text) values (gen_random_uuid(), 'd35dad74-1571-4860-ad42-d6d740f6f889', 'frango');
insert into recipe_ingredients (id, recipe_id, ingredient_text) values (gen_random_uuid(), 'd35dad74-1571-4860-ad42-d6d740f6f889', 'abobrinha');
insert into recipe_ingredients (id, recipe_id, ingredient_text) values (gen_random_uuid(), 'd35dad74-1571-4860-ad42-d6d740f6f889', 'queijo branco');

insert into recipes (id, name, source, visibility, prep_time_min, preparation, objective, needs_review) values ('980f859b-be09-48f1-b8b4-f3c302718409', 'Wrap Integral com cenoura', 'admin', 'public', 15, 'Grelhe o frango e desfie. Monte o wrap com alface, tomate e molho leve de iogurte. Enrole e aqueça rapidamente na frigideira. Adicione cenoura durante o preparo para aumentar fibras e volume alimentar. Finalize ajustando os temperos naturais e sirva ainda quente.', 'Promover saciedade, praticidade, controle calórico moderado e aderência alimentar.', false);
insert into recipe_nutrition_profiles (id, recipe_id, calories, calories_kcal, protein_g, carbs_g, fats_g, fat_g) values (gen_random_uuid(), '980f859b-be09-48f1-b8b4-f3c302718409', 212, 212, 32, 33, 10, 10);
insert into recipe_ingredients (id, recipe_id, ingredient_text) values (gen_random_uuid(), '980f859b-be09-48f1-b8b4-f3c302718409', 'wrap integral');
insert into recipe_ingredients (id, recipe_id, ingredient_text) values (gen_random_uuid(), '980f859b-be09-48f1-b8b4-f3c302718409', 'frango');
insert into recipe_ingredients (id, recipe_id, ingredient_text) values (gen_random_uuid(), '980f859b-be09-48f1-b8b4-f3c302718409', 'alface');
insert into recipe_ingredients (id, recipe_id, ingredient_text) values (gen_random_uuid(), '980f859b-be09-48f1-b8b4-f3c302718409', 'tomate');
insert into recipe_ingredients (id, recipe_id, ingredient_text) values (gen_random_uuid(), '980f859b-be09-48f1-b8b4-f3c302718409', 'iogurte');
insert into recipe_ingredients (id, recipe_id, ingredient_text) values (gen_random_uuid(), '980f859b-be09-48f1-b8b4-f3c302718409', 'frango');
insert into recipe_ingredients (id, recipe_id, ingredient_text) values (gen_random_uuid(), '980f859b-be09-48f1-b8b4-f3c302718409', 'cenoura');
insert into recipe_ingredients (id, recipe_id, ingredient_text) values (gen_random_uuid(), '980f859b-be09-48f1-b8b4-f3c302718409', 'iogurte natural');

insert into recipes (id, name, source, visibility, prep_time_min, preparation, objective, needs_review) values ('6d6fc295-85a9-49ca-9b5f-ce7fc3561d40', 'Sopa de Legumes com espinafre', 'admin', 'public', 33, 'Cozinhe os legumes em água com temperos naturais até ficarem macios. Bata parte da sopa no liquidificador para dar cremosidade. Acrescente o frango desfiado e finalize. Adicione espinafre durante o preparo para aumentar fibras e volume alimentar. Finalize ajustando os temperos naturais e sirva ainda quente.', 'Promover saciedade, praticidade, controle calórico moderado e aderência alimentar.', false);
insert into recipe_nutrition_profiles (id, recipe_id, calories, calories_kcal, protein_g, carbs_g, fats_g, fat_g) values (gen_random_uuid(), '6d6fc295-85a9-49ca-9b5f-ce7fc3561d40', 475, 475, 28, 25, 16, 16);
insert into recipe_ingredients (id, recipe_id, ingredient_text) values (gen_random_uuid(), '6d6fc295-85a9-49ca-9b5f-ce7fc3561d40', 'batata');
insert into recipe_ingredients (id, recipe_id, ingredient_text) values (gen_random_uuid(), '6d6fc295-85a9-49ca-9b5f-ce7fc3561d40', 'cenoura');
insert into recipe_ingredients (id, recipe_id, ingredient_text) values (gen_random_uuid(), '6d6fc295-85a9-49ca-9b5f-ce7fc3561d40', 'abóbora');
insert into recipe_ingredients (id, recipe_id, ingredient_text) values (gen_random_uuid(), '6d6fc295-85a9-49ca-9b5f-ce7fc3561d40', 'frango desfiado');
insert into recipe_ingredients (id, recipe_id, ingredient_text) values (gen_random_uuid(), '6d6fc295-85a9-49ca-9b5f-ce7fc3561d40', 'carne magra');
insert into recipe_ingredients (id, recipe_id, ingredient_text) values (gen_random_uuid(), '6d6fc295-85a9-49ca-9b5f-ce7fc3561d40', 'espinafre');
insert into recipe_ingredients (id, recipe_id, ingredient_text) values (gen_random_uuid(), '6d6fc295-85a9-49ca-9b5f-ce7fc3561d40', 'queijo branco');

insert into recipes (id, name, source, visibility, prep_time_min, preparation, objective, needs_review) values ('ff9c6a7e-2070-4704-99da-e7a6da913b79', 'Wrap Integral com abobrinha', 'admin', 'public', 32, 'Grelhe o frango e desfie. Monte o wrap com alface, tomate e molho leve de iogurte. Enrole e aqueça rapidamente na frigideira. Adicione abobrinha durante o preparo para aumentar fibras e volume alimentar. Finalize ajustando os temperos naturais e sirva ainda quente.', 'Promover saciedade, praticidade, controle calórico moderado e aderência alimentar.', false);
insert into recipe_nutrition_profiles (id, recipe_id, calories, calories_kcal, protein_g, carbs_g, fats_g, fat_g) values (gen_random_uuid(), 'ff9c6a7e-2070-4704-99da-e7a6da913b79', 334, 334, 29, 26, 13, 13);
insert into recipe_ingredients (id, recipe_id, ingredient_text) values (gen_random_uuid(), 'ff9c6a7e-2070-4704-99da-e7a6da913b79', 'wrap integral');
insert into recipe_ingredients (id, recipe_id, ingredient_text) values (gen_random_uuid(), 'ff9c6a7e-2070-4704-99da-e7a6da913b79', 'frango');
insert into recipe_ingredients (id, recipe_id, ingredient_text) values (gen_random_uuid(), 'ff9c6a7e-2070-4704-99da-e7a6da913b79', 'alface');
insert into recipe_ingredients (id, recipe_id, ingredient_text) values (gen_random_uuid(), 'ff9c6a7e-2070-4704-99da-e7a6da913b79', 'tomate');
insert into recipe_ingredients (id, recipe_id, ingredient_text) values (gen_random_uuid(), 'ff9c6a7e-2070-4704-99da-e7a6da913b79', 'iogurte');
insert into recipe_ingredients (id, recipe_id, ingredient_text) values (gen_random_uuid(), 'ff9c6a7e-2070-4704-99da-e7a6da913b79', 'carne magra');
insert into recipe_ingredients (id, recipe_id, ingredient_text) values (gen_random_uuid(), 'ff9c6a7e-2070-4704-99da-e7a6da913b79', 'abobrinha');
insert into recipe_ingredients (id, recipe_id, ingredient_text) values (gen_random_uuid(), 'ff9c6a7e-2070-4704-99da-e7a6da913b79', 'azeite');

insert into recipes (id, name, source, visibility, prep_time_min, preparation, objective, needs_review) values ('6ce6967d-41e0-4d8d-8646-7e52ac15bac4', 'Sopa de Legumes com brócolis', 'admin', 'public', 33, 'Cozinhe os legumes em água com temperos naturais até ficarem macios. Bata parte da sopa no liquidificador para dar cremosidade. Acrescente o frango desfiado e finalize. Adicione brócolis durante o preparo para aumentar fibras e volume alimentar. Finalize ajustando os temperos naturais e sirva ainda quente.', 'Promover saciedade, praticidade, controle calórico moderado e aderência alimentar.', false);
insert into recipe_nutrition_profiles (id, recipe_id, calories, calories_kcal, protein_g, carbs_g, fats_g, fat_g) values (gen_random_uuid(), '6ce6967d-41e0-4d8d-8646-7e52ac15bac4', 387, 387, 16, 32, 9, 9);
insert into recipe_ingredients (id, recipe_id, ingredient_text) values (gen_random_uuid(), '6ce6967d-41e0-4d8d-8646-7e52ac15bac4', 'batata');
insert into recipe_ingredients (id, recipe_id, ingredient_text) values (gen_random_uuid(), '6ce6967d-41e0-4d8d-8646-7e52ac15bac4', 'cenoura');
insert into recipe_ingredients (id, recipe_id, ingredient_text) values (gen_random_uuid(), '6ce6967d-41e0-4d8d-8646-7e52ac15bac4', 'abóbora');
insert into recipe_ingredients (id, recipe_id, ingredient_text) values (gen_random_uuid(), '6ce6967d-41e0-4d8d-8646-7e52ac15bac4', 'frango desfiado');
insert into recipe_ingredients (id, recipe_id, ingredient_text) values (gen_random_uuid(), '6ce6967d-41e0-4d8d-8646-7e52ac15bac4', 'tilápia');
insert into recipe_ingredients (id, recipe_id, ingredient_text) values (gen_random_uuid(), '6ce6967d-41e0-4d8d-8646-7e52ac15bac4', 'brócolis');
insert into recipe_ingredients (id, recipe_id, ingredient_text) values (gen_random_uuid(), '6ce6967d-41e0-4d8d-8646-7e52ac15bac4', 'queijo branco');

insert into recipes (id, name, source, visibility, prep_time_min, preparation, objective, needs_review) values ('e164944d-52ce-4d6c-bff7-e6ac0ecc2144', 'Sopa de Legumes com brócolis', 'admin', 'public', 7, 'Cozinhe os legumes em água com temperos naturais até ficarem macios. Bata parte da sopa no liquidificador para dar cremosidade. Acrescente o frango desfiado e finalize. Adicione brócolis durante o preparo para aumentar fibras e volume alimentar. Finalize ajustando os temperos naturais e sirva ainda quente.', 'Promover saciedade, praticidade, controle calórico moderado e aderência alimentar.', false);
insert into recipe_nutrition_profiles (id, recipe_id, calories, calories_kcal, protein_g, carbs_g, fats_g, fat_g) values (gen_random_uuid(), 'e164944d-52ce-4d6c-bff7-e6ac0ecc2144', 193, 193, 18, 26, 17, 17);
insert into recipe_ingredients (id, recipe_id, ingredient_text) values (gen_random_uuid(), 'e164944d-52ce-4d6c-bff7-e6ac0ecc2144', 'batata');
insert into recipe_ingredients (id, recipe_id, ingredient_text) values (gen_random_uuid(), 'e164944d-52ce-4d6c-bff7-e6ac0ecc2144', 'cenoura');
insert into recipe_ingredients (id, recipe_id, ingredient_text) values (gen_random_uuid(), 'e164944d-52ce-4d6c-bff7-e6ac0ecc2144', 'abóbora');
insert into recipe_ingredients (id, recipe_id, ingredient_text) values (gen_random_uuid(), 'e164944d-52ce-4d6c-bff7-e6ac0ecc2144', 'frango desfiado');
insert into recipe_ingredients (id, recipe_id, ingredient_text) values (gen_random_uuid(), 'e164944d-52ce-4d6c-bff7-e6ac0ecc2144', 'ovo');
insert into recipe_ingredients (id, recipe_id, ingredient_text) values (gen_random_uuid(), 'e164944d-52ce-4d6c-bff7-e6ac0ecc2144', 'brócolis');
insert into recipe_ingredients (id, recipe_id, ingredient_text) values (gen_random_uuid(), 'e164944d-52ce-4d6c-bff7-e6ac0ecc2144', 'aveia');

insert into recipes (id, name, source, visibility, prep_time_min, preparation, objective, needs_review) values ('2b6622d3-07e3-4478-8bdc-6d839ff0a26a', 'Wrap Integral com brócolis', 'admin', 'public', 11, 'Grelhe o frango e desfie. Monte o wrap com alface, tomate e molho leve de iogurte. Enrole e aqueça rapidamente na frigideira. Adicione brócolis durante o preparo para aumentar fibras e volume alimentar. Finalize ajustando os temperos naturais e sirva ainda quente.', 'Promover saciedade, praticidade, controle calórico moderado e aderência alimentar.', false);
insert into recipe_nutrition_profiles (id, recipe_id, calories, calories_kcal, protein_g, carbs_g, fats_g, fat_g) values (gen_random_uuid(), '2b6622d3-07e3-4478-8bdc-6d839ff0a26a', 538, 538, 38, 39, 18, 18);
insert into recipe_ingredients (id, recipe_id, ingredient_text) values (gen_random_uuid(), '2b6622d3-07e3-4478-8bdc-6d839ff0a26a', 'wrap integral');
insert into recipe_ingredients (id, recipe_id, ingredient_text) values (gen_random_uuid(), '2b6622d3-07e3-4478-8bdc-6d839ff0a26a', 'frango');
insert into recipe_ingredients (id, recipe_id, ingredient_text) values (gen_random_uuid(), '2b6622d3-07e3-4478-8bdc-6d839ff0a26a', 'alface');
insert into recipe_ingredients (id, recipe_id, ingredient_text) values (gen_random_uuid(), '2b6622d3-07e3-4478-8bdc-6d839ff0a26a', 'tomate');
insert into recipe_ingredients (id, recipe_id, ingredient_text) values (gen_random_uuid(), '2b6622d3-07e3-4478-8bdc-6d839ff0a26a', 'iogurte');
insert into recipe_ingredients (id, recipe_id, ingredient_text) values (gen_random_uuid(), '2b6622d3-07e3-4478-8bdc-6d839ff0a26a', 'ovo');
insert into recipe_ingredients (id, recipe_id, ingredient_text) values (gen_random_uuid(), '2b6622d3-07e3-4478-8bdc-6d839ff0a26a', 'brócolis');
insert into recipe_ingredients (id, recipe_id, ingredient_text) values (gen_random_uuid(), '2b6622d3-07e3-4478-8bdc-6d839ff0a26a', 'queijo branco');

insert into recipes (id, name, source, visibility, prep_time_min, preparation, objective, needs_review) values ('7cce2ce5-dd1c-4663-af7e-c8a0606e38f6', 'Sopa de Legumes com brócolis', 'admin', 'public', 17, 'Cozinhe os legumes em água com temperos naturais até ficarem macios. Bata parte da sopa no liquidificador para dar cremosidade. Acrescente o frango desfiado e finalize. Adicione brócolis durante o preparo para aumentar fibras e volume alimentar. Finalize ajustando os temperos naturais e sirva ainda quente.', 'Promover saciedade, praticidade, controle calórico moderado e aderência alimentar.', false);
insert into recipe_nutrition_profiles (id, recipe_id, calories, calories_kcal, protein_g, carbs_g, fats_g, fat_g) values (gen_random_uuid(), '7cce2ce5-dd1c-4663-af7e-c8a0606e38f6', 389, 389, 33, 27, 5, 5);
insert into recipe_ingredients (id, recipe_id, ingredient_text) values (gen_random_uuid(), '7cce2ce5-dd1c-4663-af7e-c8a0606e38f6', 'batata');
insert into recipe_ingredients (id, recipe_id, ingredient_text) values (gen_random_uuid(), '7cce2ce5-dd1c-4663-af7e-c8a0606e38f6', 'cenoura');
insert into recipe_ingredients (id, recipe_id, ingredient_text) values (gen_random_uuid(), '7cce2ce5-dd1c-4663-af7e-c8a0606e38f6', 'abóbora');
insert into recipe_ingredients (id, recipe_id, ingredient_text) values (gen_random_uuid(), '7cce2ce5-dd1c-4663-af7e-c8a0606e38f6', 'frango desfiado');
insert into recipe_ingredients (id, recipe_id, ingredient_text) values (gen_random_uuid(), '7cce2ce5-dd1c-4663-af7e-c8a0606e38f6', 'frango');
insert into recipe_ingredients (id, recipe_id, ingredient_text) values (gen_random_uuid(), '7cce2ce5-dd1c-4663-af7e-c8a0606e38f6', 'brócolis');
insert into recipe_ingredients (id, recipe_id, ingredient_text) values (gen_random_uuid(), '7cce2ce5-dd1c-4663-af7e-c8a0606e38f6', 'chia');

insert into recipes (id, name, source, visibility, prep_time_min, preparation, objective, needs_review) values ('2bbd5728-aa20-4383-9531-c3e431426144', 'Wrap Integral com espinafre', 'admin', 'public', 20, 'Grelhe o frango e desfie. Monte o wrap com alface, tomate e molho leve de iogurte. Enrole e aqueça rapidamente na frigideira. Adicione espinafre durante o preparo para aumentar fibras e volume alimentar. Finalize ajustando os temperos naturais e sirva ainda quente.', 'Promover saciedade, praticidade, controle calórico moderado e aderência alimentar.', false);
insert into recipe_nutrition_profiles (id, recipe_id, calories, calories_kcal, protein_g, carbs_g, fats_g, fat_g) values (gen_random_uuid(), '2bbd5728-aa20-4383-9531-c3e431426144', 218, 218, 37, 50, 11, 11);
insert into recipe_ingredients (id, recipe_id, ingredient_text) values (gen_random_uuid(), '2bbd5728-aa20-4383-9531-c3e431426144', 'wrap integral');
insert into recipe_ingredients (id, recipe_id, ingredient_text) values (gen_random_uuid(), '2bbd5728-aa20-4383-9531-c3e431426144', 'frango');
insert into recipe_ingredients (id, recipe_id, ingredient_text) values (gen_random_uuid(), '2bbd5728-aa20-4383-9531-c3e431426144', 'alface');
insert into recipe_ingredients (id, recipe_id, ingredient_text) values (gen_random_uuid(), '2bbd5728-aa20-4383-9531-c3e431426144', 'tomate');
insert into recipe_ingredients (id, recipe_id, ingredient_text) values (gen_random_uuid(), '2bbd5728-aa20-4383-9531-c3e431426144', 'iogurte');
insert into recipe_ingredients (id, recipe_id, ingredient_text) values (gen_random_uuid(), '2bbd5728-aa20-4383-9531-c3e431426144', 'ovo');
insert into recipe_ingredients (id, recipe_id, ingredient_text) values (gen_random_uuid(), '2bbd5728-aa20-4383-9531-c3e431426144', 'espinafre');
insert into recipe_ingredients (id, recipe_id, ingredient_text) values (gen_random_uuid(), '2bbd5728-aa20-4383-9531-c3e431426144', 'aveia');

insert into recipes (id, name, source, visibility, prep_time_min, preparation, objective, needs_review) values ('5c7a4474-efe3-4738-8b49-4b0bbb2e06b9', 'Sopa de Legumes com cenoura', 'admin', 'public', 21, 'Cozinhe os legumes em água com temperos naturais até ficarem macios. Bata parte da sopa no liquidificador para dar cremosidade. Acrescente o frango desfiado e finalize. Adicione cenoura durante o preparo para aumentar fibras e volume alimentar. Finalize ajustando os temperos naturais e sirva ainda quente.', 'Promover saciedade, praticidade, controle calórico moderado e aderência alimentar.', false);
insert into recipe_nutrition_profiles (id, recipe_id, calories, calories_kcal, protein_g, carbs_g, fats_g, fat_g) values (gen_random_uuid(), '5c7a4474-efe3-4738-8b49-4b0bbb2e06b9', 299, 299, 12, 39, 14, 14);
insert into recipe_ingredients (id, recipe_id, ingredient_text) values (gen_random_uuid(), '5c7a4474-efe3-4738-8b49-4b0bbb2e06b9', 'batata');
insert into recipe_ingredients (id, recipe_id, ingredient_text) values (gen_random_uuid(), '5c7a4474-efe3-4738-8b49-4b0bbb2e06b9', 'cenoura');
insert into recipe_ingredients (id, recipe_id, ingredient_text) values (gen_random_uuid(), '5c7a4474-efe3-4738-8b49-4b0bbb2e06b9', 'abóbora');
insert into recipe_ingredients (id, recipe_id, ingredient_text) values (gen_random_uuid(), '5c7a4474-efe3-4738-8b49-4b0bbb2e06b9', 'frango desfiado');
insert into recipe_ingredients (id, recipe_id, ingredient_text) values (gen_random_uuid(), '5c7a4474-efe3-4738-8b49-4b0bbb2e06b9', 'carne magra');
insert into recipe_ingredients (id, recipe_id, ingredient_text) values (gen_random_uuid(), '5c7a4474-efe3-4738-8b49-4b0bbb2e06b9', 'cenoura');
insert into recipe_ingredients (id, recipe_id, ingredient_text) values (gen_random_uuid(), '5c7a4474-efe3-4738-8b49-4b0bbb2e06b9', 'chia');

insert into recipes (id, name, source, visibility, prep_time_min, preparation, objective, needs_review) values ('cda2007a-83ba-4100-ac11-7282802bec91', 'Wrap Integral com espinafre', 'admin', 'public', 17, 'Grelhe o frango e desfie. Monte o wrap com alface, tomate e molho leve de iogurte. Enrole e aqueça rapidamente na frigideira. Adicione espinafre durante o preparo para aumentar fibras e volume alimentar. Finalize ajustando os temperos naturais e sirva ainda quente.', 'Promover saciedade, praticidade, controle calórico moderado e aderência alimentar.', false);
insert into recipe_nutrition_profiles (id, recipe_id, calories, calories_kcal, protein_g, carbs_g, fats_g, fat_g) values (gen_random_uuid(), 'cda2007a-83ba-4100-ac11-7282802bec91', 241, 241, 34, 49, 9, 9);
insert into recipe_ingredients (id, recipe_id, ingredient_text) values (gen_random_uuid(), 'cda2007a-83ba-4100-ac11-7282802bec91', 'wrap integral');
insert into recipe_ingredients (id, recipe_id, ingredient_text) values (gen_random_uuid(), 'cda2007a-83ba-4100-ac11-7282802bec91', 'frango');
insert into recipe_ingredients (id, recipe_id, ingredient_text) values (gen_random_uuid(), 'cda2007a-83ba-4100-ac11-7282802bec91', 'alface');
insert into recipe_ingredients (id, recipe_id, ingredient_text) values (gen_random_uuid(), 'cda2007a-83ba-4100-ac11-7282802bec91', 'tomate');
insert into recipe_ingredients (id, recipe_id, ingredient_text) values (gen_random_uuid(), 'cda2007a-83ba-4100-ac11-7282802bec91', 'iogurte');
insert into recipe_ingredients (id, recipe_id, ingredient_text) values (gen_random_uuid(), 'cda2007a-83ba-4100-ac11-7282802bec91', 'frango');
insert into recipe_ingredients (id, recipe_id, ingredient_text) values (gen_random_uuid(), 'cda2007a-83ba-4100-ac11-7282802bec91', 'espinafre');
insert into recipe_ingredients (id, recipe_id, ingredient_text) values (gen_random_uuid(), 'cda2007a-83ba-4100-ac11-7282802bec91', 'aveia');

insert into recipes (id, name, source, visibility, prep_time_min, preparation, objective, needs_review) values ('b42515b6-2381-4d96-9ba9-af53090b1a20', 'Sopa de Legumes com abobrinha', 'admin', 'public', 8, 'Cozinhe os legumes em água com temperos naturais até ficarem macios. Bata parte da sopa no liquidificador para dar cremosidade. Acrescente o frango desfiado e finalize. Adicione abobrinha durante o preparo para aumentar fibras e volume alimentar. Finalize ajustando os temperos naturais e sirva ainda quente.', 'Promover saciedade, praticidade, controle calórico moderado e aderência alimentar.', false);
insert into recipe_nutrition_profiles (id, recipe_id, calories, calories_kcal, protein_g, carbs_g, fats_g, fat_g) values (gen_random_uuid(), 'b42515b6-2381-4d96-9ba9-af53090b1a20', 325, 325, 33, 40, 9, 9);
insert into recipe_ingredients (id, recipe_id, ingredient_text) values (gen_random_uuid(), 'b42515b6-2381-4d96-9ba9-af53090b1a20', 'batata');
insert into recipe_ingredients (id, recipe_id, ingredient_text) values (gen_random_uuid(), 'b42515b6-2381-4d96-9ba9-af53090b1a20', 'cenoura');
insert into recipe_ingredients (id, recipe_id, ingredient_text) values (gen_random_uuid(), 'b42515b6-2381-4d96-9ba9-af53090b1a20', 'abóbora');
insert into recipe_ingredients (id, recipe_id, ingredient_text) values (gen_random_uuid(), 'b42515b6-2381-4d96-9ba9-af53090b1a20', 'frango desfiado');
insert into recipe_ingredients (id, recipe_id, ingredient_text) values (gen_random_uuid(), 'b42515b6-2381-4d96-9ba9-af53090b1a20', 'tilápia');
insert into recipe_ingredients (id, recipe_id, ingredient_text) values (gen_random_uuid(), 'b42515b6-2381-4d96-9ba9-af53090b1a20', 'abobrinha');
insert into recipe_ingredients (id, recipe_id, ingredient_text) values (gen_random_uuid(), 'b42515b6-2381-4d96-9ba9-af53090b1a20', 'chia');

insert into recipes (id, name, source, visibility, prep_time_min, preparation, objective, needs_review) values ('f9180c70-c7ee-4f36-a1b7-04829aa17a32', 'Wrap Integral com tomate', 'admin', 'public', 8, 'Grelhe o frango e desfie. Monte o wrap com alface, tomate e molho leve de iogurte. Enrole e aqueça rapidamente na frigideira. Adicione tomate durante o preparo para aumentar fibras e volume alimentar. Finalize ajustando os temperos naturais e sirva ainda quente.', 'Promover saciedade, praticidade, controle calórico moderado e aderência alimentar.', false);
insert into recipe_nutrition_profiles (id, recipe_id, calories, calories_kcal, protein_g, carbs_g, fats_g, fat_g) values (gen_random_uuid(), 'f9180c70-c7ee-4f36-a1b7-04829aa17a32', 501, 501, 18, 20, 12, 12);
insert into recipe_ingredients (id, recipe_id, ingredient_text) values (gen_random_uuid(), 'f9180c70-c7ee-4f36-a1b7-04829aa17a32', 'wrap integral');
insert into recipe_ingredients (id, recipe_id, ingredient_text) values (gen_random_uuid(), 'f9180c70-c7ee-4f36-a1b7-04829aa17a32', 'frango');
insert into recipe_ingredients (id, recipe_id, ingredient_text) values (gen_random_uuid(), 'f9180c70-c7ee-4f36-a1b7-04829aa17a32', 'alface');
insert into recipe_ingredients (id, recipe_id, ingredient_text) values (gen_random_uuid(), 'f9180c70-c7ee-4f36-a1b7-04829aa17a32', 'tomate');
insert into recipe_ingredients (id, recipe_id, ingredient_text) values (gen_random_uuid(), 'f9180c70-c7ee-4f36-a1b7-04829aa17a32', 'iogurte');
insert into recipe_ingredients (id, recipe_id, ingredient_text) values (gen_random_uuid(), 'f9180c70-c7ee-4f36-a1b7-04829aa17a32', 'tilápia');
insert into recipe_ingredients (id, recipe_id, ingredient_text) values (gen_random_uuid(), 'f9180c70-c7ee-4f36-a1b7-04829aa17a32', 'tomate');
insert into recipe_ingredients (id, recipe_id, ingredient_text) values (gen_random_uuid(), 'f9180c70-c7ee-4f36-a1b7-04829aa17a32', 'aveia');

insert into recipes (id, name, source, visibility, prep_time_min, preparation, objective, needs_review) values ('89e8a94d-3e3f-4f05-8e5a-bdf73143efd8', 'Sopa de Legumes com cenoura', 'admin', 'public', 32, 'Cozinhe os legumes em água com temperos naturais até ficarem macios. Bata parte da sopa no liquidificador para dar cremosidade. Acrescente o frango desfiado e finalize. Adicione cenoura durante o preparo para aumentar fibras e volume alimentar. Finalize ajustando os temperos naturais e sirva ainda quente.', 'Promover saciedade, praticidade, controle calórico moderado e aderência alimentar.', false);
insert into recipe_nutrition_profiles (id, recipe_id, calories, calories_kcal, protein_g, carbs_g, fats_g, fat_g) values (gen_random_uuid(), '89e8a94d-3e3f-4f05-8e5a-bdf73143efd8', 449, 449, 22, 28, 5, 5);
insert into recipe_ingredients (id, recipe_id, ingredient_text) values (gen_random_uuid(), '89e8a94d-3e3f-4f05-8e5a-bdf73143efd8', 'batata');
insert into recipe_ingredients (id, recipe_id, ingredient_text) values (gen_random_uuid(), '89e8a94d-3e3f-4f05-8e5a-bdf73143efd8', 'cenoura');
insert into recipe_ingredients (id, recipe_id, ingredient_text) values (gen_random_uuid(), '89e8a94d-3e3f-4f05-8e5a-bdf73143efd8', 'abóbora');
insert into recipe_ingredients (id, recipe_id, ingredient_text) values (gen_random_uuid(), '89e8a94d-3e3f-4f05-8e5a-bdf73143efd8', 'frango desfiado');
insert into recipe_ingredients (id, recipe_id, ingredient_text) values (gen_random_uuid(), '89e8a94d-3e3f-4f05-8e5a-bdf73143efd8', 'carne magra');
insert into recipe_ingredients (id, recipe_id, ingredient_text) values (gen_random_uuid(), '89e8a94d-3e3f-4f05-8e5a-bdf73143efd8', 'cenoura');
insert into recipe_ingredients (id, recipe_id, ingredient_text) values (gen_random_uuid(), '89e8a94d-3e3f-4f05-8e5a-bdf73143efd8', 'queijo branco');

insert into recipes (id, name, source, visibility, prep_time_min, preparation, objective, needs_review) values ('7bd3b85f-ff39-41bb-85d4-c3b0891ab57d', 'Sopa de Legumes com abobrinha', 'admin', 'public', 33, 'Cozinhe os legumes em água com temperos naturais até ficarem macios. Bata parte da sopa no liquidificador para dar cremosidade. Acrescente o frango desfiado e finalize. Adicione abobrinha durante o preparo para aumentar fibras e volume alimentar. Finalize ajustando os temperos naturais e sirva ainda quente.', 'Promover saciedade, praticidade, controle calórico moderado e aderência alimentar.', false);
insert into recipe_nutrition_profiles (id, recipe_id, calories, calories_kcal, protein_g, carbs_g, fats_g, fat_g) values (gen_random_uuid(), '7bd3b85f-ff39-41bb-85d4-c3b0891ab57d', 395, 395, 12, 24, 17, 17);
insert into recipe_ingredients (id, recipe_id, ingredient_text) values (gen_random_uuid(), '7bd3b85f-ff39-41bb-85d4-c3b0891ab57d', 'batata');
insert into recipe_ingredients (id, recipe_id, ingredient_text) values (gen_random_uuid(), '7bd3b85f-ff39-41bb-85d4-c3b0891ab57d', 'cenoura');
insert into recipe_ingredients (id, recipe_id, ingredient_text) values (gen_random_uuid(), '7bd3b85f-ff39-41bb-85d4-c3b0891ab57d', 'abóbora');
insert into recipe_ingredients (id, recipe_id, ingredient_text) values (gen_random_uuid(), '7bd3b85f-ff39-41bb-85d4-c3b0891ab57d', 'frango desfiado');
insert into recipe_ingredients (id, recipe_id, ingredient_text) values (gen_random_uuid(), '7bd3b85f-ff39-41bb-85d4-c3b0891ab57d', 'tilápia');
insert into recipe_ingredients (id, recipe_id, ingredient_text) values (gen_random_uuid(), '7bd3b85f-ff39-41bb-85d4-c3b0891ab57d', 'abobrinha');
insert into recipe_ingredients (id, recipe_id, ingredient_text) values (gen_random_uuid(), '7bd3b85f-ff39-41bb-85d4-c3b0891ab57d', 'queijo branco');

insert into recipes (id, name, source, visibility, prep_time_min, preparation, objective, needs_review) values ('8f8ec8be-f240-42b8-9097-3b2c9354f072', 'Sopa de Legumes com abobrinha', 'admin', 'public', 31, 'Cozinhe os legumes em água com temperos naturais até ficarem macios. Bata parte da sopa no liquidificador para dar cremosidade. Acrescente o frango desfiado e finalize. Adicione abobrinha durante o preparo para aumentar fibras e volume alimentar. Finalize ajustando os temperos naturais e sirva ainda quente.', 'Promover saciedade, praticidade, controle calórico moderado e aderência alimentar.', false);
insert into recipe_nutrition_profiles (id, recipe_id, calories, calories_kcal, protein_g, carbs_g, fats_g, fat_g) values (gen_random_uuid(), '8f8ec8be-f240-42b8-9097-3b2c9354f072', 446, 446, 23, 47, 5, 5);
insert into recipe_ingredients (id, recipe_id, ingredient_text) values (gen_random_uuid(), '8f8ec8be-f240-42b8-9097-3b2c9354f072', 'batata');
insert into recipe_ingredients (id, recipe_id, ingredient_text) values (gen_random_uuid(), '8f8ec8be-f240-42b8-9097-3b2c9354f072', 'cenoura');
insert into recipe_ingredients (id, recipe_id, ingredient_text) values (gen_random_uuid(), '8f8ec8be-f240-42b8-9097-3b2c9354f072', 'abóbora');
insert into recipe_ingredients (id, recipe_id, ingredient_text) values (gen_random_uuid(), '8f8ec8be-f240-42b8-9097-3b2c9354f072', 'frango desfiado');
insert into recipe_ingredients (id, recipe_id, ingredient_text) values (gen_random_uuid(), '8f8ec8be-f240-42b8-9097-3b2c9354f072', 'carne magra');
insert into recipe_ingredients (id, recipe_id, ingredient_text) values (gen_random_uuid(), '8f8ec8be-f240-42b8-9097-3b2c9354f072', 'abobrinha');
insert into recipe_ingredients (id, recipe_id, ingredient_text) values (gen_random_uuid(), '8f8ec8be-f240-42b8-9097-3b2c9354f072', 'queijo branco');

insert into recipes (id, name, source, visibility, prep_time_min, preparation, objective, needs_review) values ('955017fe-d9d1-4cd2-8b39-9ffedceae93b', 'Wrap Integral com brócolis', 'admin', 'public', 6, 'Grelhe o frango e desfie. Monte o wrap com alface, tomate e molho leve de iogurte. Enrole e aqueça rapidamente na frigideira. Adicione brócolis durante o preparo para aumentar fibras e volume alimentar. Finalize ajustando os temperos naturais e sirva ainda quente.', 'Promover saciedade, praticidade, controle calórico moderado e aderência alimentar.', false);
insert into recipe_nutrition_profiles (id, recipe_id, calories, calories_kcal, protein_g, carbs_g, fats_g, fat_g) values (gen_random_uuid(), '955017fe-d9d1-4cd2-8b39-9ffedceae93b', 201, 201, 37, 42, 13, 13);
insert into recipe_ingredients (id, recipe_id, ingredient_text) values (gen_random_uuid(), '955017fe-d9d1-4cd2-8b39-9ffedceae93b', 'wrap integral');
insert into recipe_ingredients (id, recipe_id, ingredient_text) values (gen_random_uuid(), '955017fe-d9d1-4cd2-8b39-9ffedceae93b', 'frango');
insert into recipe_ingredients (id, recipe_id, ingredient_text) values (gen_random_uuid(), '955017fe-d9d1-4cd2-8b39-9ffedceae93b', 'alface');
insert into recipe_ingredients (id, recipe_id, ingredient_text) values (gen_random_uuid(), '955017fe-d9d1-4cd2-8b39-9ffedceae93b', 'tomate');
insert into recipe_ingredients (id, recipe_id, ingredient_text) values (gen_random_uuid(), '955017fe-d9d1-4cd2-8b39-9ffedceae93b', 'iogurte');
insert into recipe_ingredients (id, recipe_id, ingredient_text) values (gen_random_uuid(), '955017fe-d9d1-4cd2-8b39-9ffedceae93b', 'carne magra');
insert into recipe_ingredients (id, recipe_id, ingredient_text) values (gen_random_uuid(), '955017fe-d9d1-4cd2-8b39-9ffedceae93b', 'brócolis');
insert into recipe_ingredients (id, recipe_id, ingredient_text) values (gen_random_uuid(), '955017fe-d9d1-4cd2-8b39-9ffedceae93b', 'iogurte natural');

insert into recipes (id, name, source, visibility, prep_time_min, preparation, objective, needs_review) values ('b7d62c42-fa56-45ba-aa3c-6b72f355c217', 'Sopa de Legumes com espinafre', 'admin', 'public', 11, 'Cozinhe os legumes em água com temperos naturais até ficarem macios. Bata parte da sopa no liquidificador para dar cremosidade. Acrescente o frango desfiado e finalize. Adicione espinafre durante o preparo para aumentar fibras e volume alimentar. Finalize ajustando os temperos naturais e sirva ainda quente.', 'Promover saciedade, praticidade, controle calórico moderado e aderência alimentar.', false);
insert into recipe_nutrition_profiles (id, recipe_id, calories, calories_kcal, protein_g, carbs_g, fats_g, fat_g) values (gen_random_uuid(), 'b7d62c42-fa56-45ba-aa3c-6b72f355c217', 230, 230, 30, 18, 10, 10);
insert into recipe_ingredients (id, recipe_id, ingredient_text) values (gen_random_uuid(), 'b7d62c42-fa56-45ba-aa3c-6b72f355c217', 'batata');
insert into recipe_ingredients (id, recipe_id, ingredient_text) values (gen_random_uuid(), 'b7d62c42-fa56-45ba-aa3c-6b72f355c217', 'cenoura');
insert into recipe_ingredients (id, recipe_id, ingredient_text) values (gen_random_uuid(), 'b7d62c42-fa56-45ba-aa3c-6b72f355c217', 'abóbora');
insert into recipe_ingredients (id, recipe_id, ingredient_text) values (gen_random_uuid(), 'b7d62c42-fa56-45ba-aa3c-6b72f355c217', 'frango desfiado');
insert into recipe_ingredients (id, recipe_id, ingredient_text) values (gen_random_uuid(), 'b7d62c42-fa56-45ba-aa3c-6b72f355c217', 'frango');
insert into recipe_ingredients (id, recipe_id, ingredient_text) values (gen_random_uuid(), 'b7d62c42-fa56-45ba-aa3c-6b72f355c217', 'espinafre');
insert into recipe_ingredients (id, recipe_id, ingredient_text) values (gen_random_uuid(), 'b7d62c42-fa56-45ba-aa3c-6b72f355c217', 'chia');

insert into recipes (id, name, source, visibility, prep_time_min, preparation, objective, needs_review) values ('b8994ffd-e2d7-4f30-8c7b-4dd88bb8e76c', 'Sopa de Legumes com cenoura', 'admin', 'public', 28, 'Cozinhe os legumes em água com temperos naturais até ficarem macios. Bata parte da sopa no liquidificador para dar cremosidade. Acrescente o frango desfiado e finalize. Adicione cenoura durante o preparo para aumentar fibras e volume alimentar. Finalize ajustando os temperos naturais e sirva ainda quente.', 'Promover saciedade, praticidade, controle calórico moderado e aderência alimentar.', false);
insert into recipe_nutrition_profiles (id, recipe_id, calories, calories_kcal, protein_g, carbs_g, fats_g, fat_g) values (gen_random_uuid(), 'b8994ffd-e2d7-4f30-8c7b-4dd88bb8e76c', 345, 345, 20, 26, 13, 13);
insert into recipe_ingredients (id, recipe_id, ingredient_text) values (gen_random_uuid(), 'b8994ffd-e2d7-4f30-8c7b-4dd88bb8e76c', 'batata');
insert into recipe_ingredients (id, recipe_id, ingredient_text) values (gen_random_uuid(), 'b8994ffd-e2d7-4f30-8c7b-4dd88bb8e76c', 'cenoura');
insert into recipe_ingredients (id, recipe_id, ingredient_text) values (gen_random_uuid(), 'b8994ffd-e2d7-4f30-8c7b-4dd88bb8e76c', 'abóbora');
insert into recipe_ingredients (id, recipe_id, ingredient_text) values (gen_random_uuid(), 'b8994ffd-e2d7-4f30-8c7b-4dd88bb8e76c', 'frango desfiado');
insert into recipe_ingredients (id, recipe_id, ingredient_text) values (gen_random_uuid(), 'b8994ffd-e2d7-4f30-8c7b-4dd88bb8e76c', 'carne magra');
insert into recipe_ingredients (id, recipe_id, ingredient_text) values (gen_random_uuid(), 'b8994ffd-e2d7-4f30-8c7b-4dd88bb8e76c', 'cenoura');
insert into recipe_ingredients (id, recipe_id, ingredient_text) values (gen_random_uuid(), 'b8994ffd-e2d7-4f30-8c7b-4dd88bb8e76c', 'iogurte natural');

insert into recipes (id, name, source, visibility, prep_time_min, preparation, objective, needs_review) values ('0fd76626-e3d8-4ad3-b72f-3b1a9790654b', 'Wrap Integral com espinafre', 'admin', 'public', 28, 'Grelhe o frango e desfie. Monte o wrap com alface, tomate e molho leve de iogurte. Enrole e aqueça rapidamente na frigideira. Adicione espinafre durante o preparo para aumentar fibras e volume alimentar. Finalize ajustando os temperos naturais e sirva ainda quente.', 'Promover saciedade, praticidade, controle calórico moderado e aderência alimentar.', false);
insert into recipe_nutrition_profiles (id, recipe_id, calories, calories_kcal, protein_g, carbs_g, fats_g, fat_g) values (gen_random_uuid(), '0fd76626-e3d8-4ad3-b72f-3b1a9790654b', 507, 507, 23, 30, 5, 5);
insert into recipe_ingredients (id, recipe_id, ingredient_text) values (gen_random_uuid(), '0fd76626-e3d8-4ad3-b72f-3b1a9790654b', 'wrap integral');
insert into recipe_ingredients (id, recipe_id, ingredient_text) values (gen_random_uuid(), '0fd76626-e3d8-4ad3-b72f-3b1a9790654b', 'frango');
insert into recipe_ingredients (id, recipe_id, ingredient_text) values (gen_random_uuid(), '0fd76626-e3d8-4ad3-b72f-3b1a9790654b', 'alface');
insert into recipe_ingredients (id, recipe_id, ingredient_text) values (gen_random_uuid(), '0fd76626-e3d8-4ad3-b72f-3b1a9790654b', 'tomate');
insert into recipe_ingredients (id, recipe_id, ingredient_text) values (gen_random_uuid(), '0fd76626-e3d8-4ad3-b72f-3b1a9790654b', 'iogurte');
insert into recipe_ingredients (id, recipe_id, ingredient_text) values (gen_random_uuid(), '0fd76626-e3d8-4ad3-b72f-3b1a9790654b', 'frango');
insert into recipe_ingredients (id, recipe_id, ingredient_text) values (gen_random_uuid(), '0fd76626-e3d8-4ad3-b72f-3b1a9790654b', 'espinafre');
insert into recipe_ingredients (id, recipe_id, ingredient_text) values (gen_random_uuid(), '0fd76626-e3d8-4ad3-b72f-3b1a9790654b', 'aveia');

insert into recipes (id, name, source, visibility, prep_time_min, preparation, objective, needs_review) values ('998c1ed9-7f04-4091-9427-7fd4b84d5167', 'Wrap Integral com abobrinha', 'admin', 'public', 35, 'Grelhe o frango e desfie. Monte o wrap com alface, tomate e molho leve de iogurte. Enrole e aqueça rapidamente na frigideira. Adicione abobrinha durante o preparo para aumentar fibras e volume alimentar. Finalize ajustando os temperos naturais e sirva ainda quente.', 'Promover saciedade, praticidade, controle calórico moderado e aderência alimentar.', false);
insert into recipe_nutrition_profiles (id, recipe_id, calories, calories_kcal, protein_g, carbs_g, fats_g, fat_g) values (gen_random_uuid(), '998c1ed9-7f04-4091-9427-7fd4b84d5167', 486, 486, 29, 32, 10, 10);
insert into recipe_ingredients (id, recipe_id, ingredient_text) values (gen_random_uuid(), '998c1ed9-7f04-4091-9427-7fd4b84d5167', 'wrap integral');
insert into recipe_ingredients (id, recipe_id, ingredient_text) values (gen_random_uuid(), '998c1ed9-7f04-4091-9427-7fd4b84d5167', 'frango');
insert into recipe_ingredients (id, recipe_id, ingredient_text) values (gen_random_uuid(), '998c1ed9-7f04-4091-9427-7fd4b84d5167', 'alface');
insert into recipe_ingredients (id, recipe_id, ingredient_text) values (gen_random_uuid(), '998c1ed9-7f04-4091-9427-7fd4b84d5167', 'tomate');
insert into recipe_ingredients (id, recipe_id, ingredient_text) values (gen_random_uuid(), '998c1ed9-7f04-4091-9427-7fd4b84d5167', 'iogurte');
insert into recipe_ingredients (id, recipe_id, ingredient_text) values (gen_random_uuid(), '998c1ed9-7f04-4091-9427-7fd4b84d5167', 'tilápia');
insert into recipe_ingredients (id, recipe_id, ingredient_text) values (gen_random_uuid(), '998c1ed9-7f04-4091-9427-7fd4b84d5167', 'abobrinha');
insert into recipe_ingredients (id, recipe_id, ingredient_text) values (gen_random_uuid(), '998c1ed9-7f04-4091-9427-7fd4b84d5167', 'azeite');

insert into recipes (id, name, source, visibility, prep_time_min, preparation, objective, needs_review) values ('26d2955b-9ce7-4909-8b03-7d71d9ca7bf2', 'Sopa de Legumes com abobrinha', 'admin', 'public', 16, 'Cozinhe os legumes em água com temperos naturais até ficarem macios. Bata parte da sopa no liquidificador para dar cremosidade. Acrescente o frango desfiado e finalize. Adicione abobrinha durante o preparo para aumentar fibras e volume alimentar. Finalize ajustando os temperos naturais e sirva ainda quente.', 'Promover saciedade, praticidade, controle calórico moderado e aderência alimentar.', false);
insert into recipe_nutrition_profiles (id, recipe_id, calories, calories_kcal, protein_g, carbs_g, fats_g, fat_g) values (gen_random_uuid(), '26d2955b-9ce7-4909-8b03-7d71d9ca7bf2', 379, 379, 29, 18, 15, 15);
insert into recipe_ingredients (id, recipe_id, ingredient_text) values (gen_random_uuid(), '26d2955b-9ce7-4909-8b03-7d71d9ca7bf2', 'batata');
insert into recipe_ingredients (id, recipe_id, ingredient_text) values (gen_random_uuid(), '26d2955b-9ce7-4909-8b03-7d71d9ca7bf2', 'cenoura');
insert into recipe_ingredients (id, recipe_id, ingredient_text) values (gen_random_uuid(), '26d2955b-9ce7-4909-8b03-7d71d9ca7bf2', 'abóbora');
insert into recipe_ingredients (id, recipe_id, ingredient_text) values (gen_random_uuid(), '26d2955b-9ce7-4909-8b03-7d71d9ca7bf2', 'frango desfiado');
insert into recipe_ingredients (id, recipe_id, ingredient_text) values (gen_random_uuid(), '26d2955b-9ce7-4909-8b03-7d71d9ca7bf2', 'tilápia');
insert into recipe_ingredients (id, recipe_id, ingredient_text) values (gen_random_uuid(), '26d2955b-9ce7-4909-8b03-7d71d9ca7bf2', 'abobrinha');
insert into recipe_ingredients (id, recipe_id, ingredient_text) values (gen_random_uuid(), '26d2955b-9ce7-4909-8b03-7d71d9ca7bf2', 'queijo branco');

insert into recipes (id, name, source, visibility, prep_time_min, preparation, objective, needs_review) values ('b64c5d10-5aeb-484c-a712-7c7868d5da5e', 'Wrap Integral com tomate', 'admin', 'public', 17, 'Grelhe o frango e desfie. Monte o wrap com alface, tomate e molho leve de iogurte. Enrole e aqueça rapidamente na frigideira. Adicione tomate durante o preparo para aumentar fibras e volume alimentar. Finalize ajustando os temperos naturais e sirva ainda quente.', 'Promover saciedade, praticidade, controle calórico moderado e aderência alimentar.', false);
insert into recipe_nutrition_profiles (id, recipe_id, calories, calories_kcal, protein_g, carbs_g, fats_g, fat_g) values (gen_random_uuid(), 'b64c5d10-5aeb-484c-a712-7c7868d5da5e', 369, 369, 32, 30, 11, 11);
insert into recipe_ingredients (id, recipe_id, ingredient_text) values (gen_random_uuid(), 'b64c5d10-5aeb-484c-a712-7c7868d5da5e', 'wrap integral');
insert into recipe_ingredients (id, recipe_id, ingredient_text) values (gen_random_uuid(), 'b64c5d10-5aeb-484c-a712-7c7868d5da5e', 'frango');
insert into recipe_ingredients (id, recipe_id, ingredient_text) values (gen_random_uuid(), 'b64c5d10-5aeb-484c-a712-7c7868d5da5e', 'alface');
insert into recipe_ingredients (id, recipe_id, ingredient_text) values (gen_random_uuid(), 'b64c5d10-5aeb-484c-a712-7c7868d5da5e', 'tomate');
insert into recipe_ingredients (id, recipe_id, ingredient_text) values (gen_random_uuid(), 'b64c5d10-5aeb-484c-a712-7c7868d5da5e', 'iogurte');
insert into recipe_ingredients (id, recipe_id, ingredient_text) values (gen_random_uuid(), 'b64c5d10-5aeb-484c-a712-7c7868d5da5e', 'carne magra');
insert into recipe_ingredients (id, recipe_id, ingredient_text) values (gen_random_uuid(), 'b64c5d10-5aeb-484c-a712-7c7868d5da5e', 'tomate');
insert into recipe_ingredients (id, recipe_id, ingredient_text) values (gen_random_uuid(), 'b64c5d10-5aeb-484c-a712-7c7868d5da5e', 'iogurte natural');

insert into recipes (id, name, source, visibility, prep_time_min, preparation, objective, needs_review) values ('4c060975-b1f8-4eb0-8e58-b8594460e070', 'Wrap Integral com brócolis', 'admin', 'public', 24, 'Grelhe o frango e desfie. Monte o wrap com alface, tomate e molho leve de iogurte. Enrole e aqueça rapidamente na frigideira. Adicione brócolis durante o preparo para aumentar fibras e volume alimentar. Finalize ajustando os temperos naturais e sirva ainda quente.', 'Promover saciedade, praticidade, controle calórico moderado e aderência alimentar.', false);
insert into recipe_nutrition_profiles (id, recipe_id, calories, calories_kcal, protein_g, carbs_g, fats_g, fat_g) values (gen_random_uuid(), '4c060975-b1f8-4eb0-8e58-b8594460e070', 529, 529, 27, 34, 15, 15);
insert into recipe_ingredients (id, recipe_id, ingredient_text) values (gen_random_uuid(), '4c060975-b1f8-4eb0-8e58-b8594460e070', 'wrap integral');
insert into recipe_ingredients (id, recipe_id, ingredient_text) values (gen_random_uuid(), '4c060975-b1f8-4eb0-8e58-b8594460e070', 'frango');
insert into recipe_ingredients (id, recipe_id, ingredient_text) values (gen_random_uuid(), '4c060975-b1f8-4eb0-8e58-b8594460e070', 'alface');
insert into recipe_ingredients (id, recipe_id, ingredient_text) values (gen_random_uuid(), '4c060975-b1f8-4eb0-8e58-b8594460e070', 'tomate');
insert into recipe_ingredients (id, recipe_id, ingredient_text) values (gen_random_uuid(), '4c060975-b1f8-4eb0-8e58-b8594460e070', 'iogurte');
insert into recipe_ingredients (id, recipe_id, ingredient_text) values (gen_random_uuid(), '4c060975-b1f8-4eb0-8e58-b8594460e070', 'carne magra');
insert into recipe_ingredients (id, recipe_id, ingredient_text) values (gen_random_uuid(), '4c060975-b1f8-4eb0-8e58-b8594460e070', 'brócolis');
insert into recipe_ingredients (id, recipe_id, ingredient_text) values (gen_random_uuid(), '4c060975-b1f8-4eb0-8e58-b8594460e070', 'aveia');

insert into recipes (id, name, source, visibility, prep_time_min, preparation, objective, needs_review) values ('df114417-6d77-4217-9024-dec5793bd1e8', 'Sopa de Legumes com brócolis', 'admin', 'public', 34, 'Cozinhe os legumes em água com temperos naturais até ficarem macios. Bata parte da sopa no liquidificador para dar cremosidade. Acrescente o frango desfiado e finalize. Adicione brócolis durante o preparo para aumentar fibras e volume alimentar. Finalize ajustando os temperos naturais e sirva ainda quente.', 'Promover saciedade, praticidade, controle calórico moderado e aderência alimentar.', false);
insert into recipe_nutrition_profiles (id, recipe_id, calories, calories_kcal, protein_g, carbs_g, fats_g, fat_g) values (gen_random_uuid(), 'df114417-6d77-4217-9024-dec5793bd1e8', 214, 214, 20, 15, 11, 11);
insert into recipe_ingredients (id, recipe_id, ingredient_text) values (gen_random_uuid(), 'df114417-6d77-4217-9024-dec5793bd1e8', 'batata');
insert into recipe_ingredients (id, recipe_id, ingredient_text) values (gen_random_uuid(), 'df114417-6d77-4217-9024-dec5793bd1e8', 'cenoura');
insert into recipe_ingredients (id, recipe_id, ingredient_text) values (gen_random_uuid(), 'df114417-6d77-4217-9024-dec5793bd1e8', 'abóbora');
insert into recipe_ingredients (id, recipe_id, ingredient_text) values (gen_random_uuid(), 'df114417-6d77-4217-9024-dec5793bd1e8', 'frango desfiado');
insert into recipe_ingredients (id, recipe_id, ingredient_text) values (gen_random_uuid(), 'df114417-6d77-4217-9024-dec5793bd1e8', 'atum');
insert into recipe_ingredients (id, recipe_id, ingredient_text) values (gen_random_uuid(), 'df114417-6d77-4217-9024-dec5793bd1e8', 'brócolis');
insert into recipe_ingredients (id, recipe_id, ingredient_text) values (gen_random_uuid(), 'df114417-6d77-4217-9024-dec5793bd1e8', 'chia');

insert into recipes (id, name, source, visibility, prep_time_min, preparation, objective, needs_review) values ('e5adc093-80d0-4692-9b44-74d2eade7fc9', 'Sopa de Legumes com brócolis', 'admin', 'public', 20, 'Cozinhe os legumes em água com temperos naturais até ficarem macios. Bata parte da sopa no liquidificador para dar cremosidade. Acrescente o frango desfiado e finalize. Adicione brócolis durante o preparo para aumentar fibras e volume alimentar. Finalize ajustando os temperos naturais e sirva ainda quente.', 'Promover saciedade, praticidade, controle calórico moderado e aderência alimentar.', false);
insert into recipe_nutrition_profiles (id, recipe_id, calories, calories_kcal, protein_g, carbs_g, fats_g, fat_g) values (gen_random_uuid(), 'e5adc093-80d0-4692-9b44-74d2eade7fc9', 249, 249, 18, 34, 16, 16);
insert into recipe_ingredients (id, recipe_id, ingredient_text) values (gen_random_uuid(), 'e5adc093-80d0-4692-9b44-74d2eade7fc9', 'batata');
insert into recipe_ingredients (id, recipe_id, ingredient_text) values (gen_random_uuid(), 'e5adc093-80d0-4692-9b44-74d2eade7fc9', 'cenoura');
insert into recipe_ingredients (id, recipe_id, ingredient_text) values (gen_random_uuid(), 'e5adc093-80d0-4692-9b44-74d2eade7fc9', 'abóbora');
insert into recipe_ingredients (id, recipe_id, ingredient_text) values (gen_random_uuid(), 'e5adc093-80d0-4692-9b44-74d2eade7fc9', 'frango desfiado');
insert into recipe_ingredients (id, recipe_id, ingredient_text) values (gen_random_uuid(), 'e5adc093-80d0-4692-9b44-74d2eade7fc9', 'carne magra');
insert into recipe_ingredients (id, recipe_id, ingredient_text) values (gen_random_uuid(), 'e5adc093-80d0-4692-9b44-74d2eade7fc9', 'brócolis');
insert into recipe_ingredients (id, recipe_id, ingredient_text) values (gen_random_uuid(), 'e5adc093-80d0-4692-9b44-74d2eade7fc9', 'azeite');

insert into recipes (id, name, source, visibility, prep_time_min, preparation, objective, needs_review) values ('0173663c-27c7-4a33-ae63-21d7a1c614f0', 'Wrap Integral com cenoura', 'admin', 'public', 11, 'Grelhe o frango e desfie. Monte o wrap com alface, tomate e molho leve de iogurte. Enrole e aqueça rapidamente na frigideira. Adicione cenoura durante o preparo para aumentar fibras e volume alimentar. Finalize ajustando os temperos naturais e sirva ainda quente.', 'Promover saciedade, praticidade, controle calórico moderado e aderência alimentar.', false);
insert into recipe_nutrition_profiles (id, recipe_id, calories, calories_kcal, protein_g, carbs_g, fats_g, fat_g) values (gen_random_uuid(), '0173663c-27c7-4a33-ae63-21d7a1c614f0', 497, 497, 38, 15, 10, 10);
insert into recipe_ingredients (id, recipe_id, ingredient_text) values (gen_random_uuid(), '0173663c-27c7-4a33-ae63-21d7a1c614f0', 'wrap integral');
insert into recipe_ingredients (id, recipe_id, ingredient_text) values (gen_random_uuid(), '0173663c-27c7-4a33-ae63-21d7a1c614f0', 'frango');
insert into recipe_ingredients (id, recipe_id, ingredient_text) values (gen_random_uuid(), '0173663c-27c7-4a33-ae63-21d7a1c614f0', 'alface');
insert into recipe_ingredients (id, recipe_id, ingredient_text) values (gen_random_uuid(), '0173663c-27c7-4a33-ae63-21d7a1c614f0', 'tomate');
insert into recipe_ingredients (id, recipe_id, ingredient_text) values (gen_random_uuid(), '0173663c-27c7-4a33-ae63-21d7a1c614f0', 'iogurte');
insert into recipe_ingredients (id, recipe_id, ingredient_text) values (gen_random_uuid(), '0173663c-27c7-4a33-ae63-21d7a1c614f0', 'carne magra');
insert into recipe_ingredients (id, recipe_id, ingredient_text) values (gen_random_uuid(), '0173663c-27c7-4a33-ae63-21d7a1c614f0', 'cenoura');
insert into recipe_ingredients (id, recipe_id, ingredient_text) values (gen_random_uuid(), '0173663c-27c7-4a33-ae63-21d7a1c614f0', 'aveia');

insert into recipes (id, name, source, visibility, prep_time_min, preparation, objective, needs_review) values ('c54b775e-1dfb-42a3-ac6f-5d5e17c8a416', 'Wrap Integral com cenoura', 'admin', 'public', 7, 'Grelhe o frango e desfie. Monte o wrap com alface, tomate e molho leve de iogurte. Enrole e aqueça rapidamente na frigideira. Adicione cenoura durante o preparo para aumentar fibras e volume alimentar. Finalize ajustando os temperos naturais e sirva ainda quente.', 'Promover saciedade, praticidade, controle calórico moderado e aderência alimentar.', false);
insert into recipe_nutrition_profiles (id, recipe_id, calories, calories_kcal, protein_g, carbs_g, fats_g, fat_g) values (gen_random_uuid(), 'c54b775e-1dfb-42a3-ac6f-5d5e17c8a416', 209, 209, 13, 48, 16, 16);
insert into recipe_ingredients (id, recipe_id, ingredient_text) values (gen_random_uuid(), 'c54b775e-1dfb-42a3-ac6f-5d5e17c8a416', 'wrap integral');
insert into recipe_ingredients (id, recipe_id, ingredient_text) values (gen_random_uuid(), 'c54b775e-1dfb-42a3-ac6f-5d5e17c8a416', 'frango');
insert into recipe_ingredients (id, recipe_id, ingredient_text) values (gen_random_uuid(), 'c54b775e-1dfb-42a3-ac6f-5d5e17c8a416', 'alface');
insert into recipe_ingredients (id, recipe_id, ingredient_text) values (gen_random_uuid(), 'c54b775e-1dfb-42a3-ac6f-5d5e17c8a416', 'tomate');
insert into recipe_ingredients (id, recipe_id, ingredient_text) values (gen_random_uuid(), 'c54b775e-1dfb-42a3-ac6f-5d5e17c8a416', 'iogurte');
insert into recipe_ingredients (id, recipe_id, ingredient_text) values (gen_random_uuid(), 'c54b775e-1dfb-42a3-ac6f-5d5e17c8a416', 'atum');
insert into recipe_ingredients (id, recipe_id, ingredient_text) values (gen_random_uuid(), 'c54b775e-1dfb-42a3-ac6f-5d5e17c8a416', 'cenoura');
insert into recipe_ingredients (id, recipe_id, ingredient_text) values (gen_random_uuid(), 'c54b775e-1dfb-42a3-ac6f-5d5e17c8a416', 'iogurte natural');

insert into recipes (id, name, source, visibility, prep_time_min, preparation, objective, needs_review) values ('bc83a336-34e4-4249-8180-b590e5c29aad', 'Wrap Integral com brócolis', 'admin', 'public', 9, 'Grelhe o frango e desfie. Monte o wrap com alface, tomate e molho leve de iogurte. Enrole e aqueça rapidamente na frigideira. Adicione brócolis durante o preparo para aumentar fibras e volume alimentar. Finalize ajustando os temperos naturais e sirva ainda quente.', 'Promover saciedade, praticidade, controle calórico moderado e aderência alimentar.', false);
insert into recipe_nutrition_profiles (id, recipe_id, calories, calories_kcal, protein_g, carbs_g, fats_g, fat_g) values (gen_random_uuid(), 'bc83a336-34e4-4249-8180-b590e5c29aad', 223, 223, 37, 21, 13, 13);
insert into recipe_ingredients (id, recipe_id, ingredient_text) values (gen_random_uuid(), 'bc83a336-34e4-4249-8180-b590e5c29aad', 'wrap integral');
insert into recipe_ingredients (id, recipe_id, ingredient_text) values (gen_random_uuid(), 'bc83a336-34e4-4249-8180-b590e5c29aad', 'frango');
insert into recipe_ingredients (id, recipe_id, ingredient_text) values (gen_random_uuid(), 'bc83a336-34e4-4249-8180-b590e5c29aad', 'alface');
insert into recipe_ingredients (id, recipe_id, ingredient_text) values (gen_random_uuid(), 'bc83a336-34e4-4249-8180-b590e5c29aad', 'tomate');
insert into recipe_ingredients (id, recipe_id, ingredient_text) values (gen_random_uuid(), 'bc83a336-34e4-4249-8180-b590e5c29aad', 'iogurte');
insert into recipe_ingredients (id, recipe_id, ingredient_text) values (gen_random_uuid(), 'bc83a336-34e4-4249-8180-b590e5c29aad', 'tilápia');
insert into recipe_ingredients (id, recipe_id, ingredient_text) values (gen_random_uuid(), 'bc83a336-34e4-4249-8180-b590e5c29aad', 'brócolis');
insert into recipe_ingredients (id, recipe_id, ingredient_text) values (gen_random_uuid(), 'bc83a336-34e4-4249-8180-b590e5c29aad', 'queijo branco');

insert into recipes (id, name, source, visibility, prep_time_min, preparation, objective, needs_review) values ('0d46f5fc-010e-470f-8100-dd8de389169c', 'Sopa de Legumes com abobrinha', 'admin', 'public', 35, 'Cozinhe os legumes em água com temperos naturais até ficarem macios. Bata parte da sopa no liquidificador para dar cremosidade. Acrescente o frango desfiado e finalize. Adicione abobrinha durante o preparo para aumentar fibras e volume alimentar. Finalize ajustando os temperos naturais e sirva ainda quente.', 'Promover saciedade, praticidade, controle calórico moderado e aderência alimentar.', false);
insert into recipe_nutrition_profiles (id, recipe_id, calories, calories_kcal, protein_g, carbs_g, fats_g, fat_g) values (gen_random_uuid(), '0d46f5fc-010e-470f-8100-dd8de389169c', 541, 541, 24, 41, 12, 12);
insert into recipe_ingredients (id, recipe_id, ingredient_text) values (gen_random_uuid(), '0d46f5fc-010e-470f-8100-dd8de389169c', 'batata');
insert into recipe_ingredients (id, recipe_id, ingredient_text) values (gen_random_uuid(), '0d46f5fc-010e-470f-8100-dd8de389169c', 'cenoura');
insert into recipe_ingredients (id, recipe_id, ingredient_text) values (gen_random_uuid(), '0d46f5fc-010e-470f-8100-dd8de389169c', 'abóbora');
insert into recipe_ingredients (id, recipe_id, ingredient_text) values (gen_random_uuid(), '0d46f5fc-010e-470f-8100-dd8de389169c', 'frango desfiado');
insert into recipe_ingredients (id, recipe_id, ingredient_text) values (gen_random_uuid(), '0d46f5fc-010e-470f-8100-dd8de389169c', 'carne magra');
insert into recipe_ingredients (id, recipe_id, ingredient_text) values (gen_random_uuid(), '0d46f5fc-010e-470f-8100-dd8de389169c', 'abobrinha');
insert into recipe_ingredients (id, recipe_id, ingredient_text) values (gen_random_uuid(), '0d46f5fc-010e-470f-8100-dd8de389169c', 'queijo branco');

insert into recipes (id, name, source, visibility, prep_time_min, preparation, objective, needs_review) values ('942c6d73-6d05-4393-bbf6-87cf4384e65d', 'Wrap Integral com brócolis', 'admin', 'public', 12, 'Grelhe o frango e desfie. Monte o wrap com alface, tomate e molho leve de iogurte. Enrole e aqueça rapidamente na frigideira. Adicione brócolis durante o preparo para aumentar fibras e volume alimentar. Finalize ajustando os temperos naturais e sirva ainda quente.', 'Promover saciedade, praticidade, controle calórico moderado e aderência alimentar.', false);
insert into recipe_nutrition_profiles (id, recipe_id, calories, calories_kcal, protein_g, carbs_g, fats_g, fat_g) values (gen_random_uuid(), '942c6d73-6d05-4393-bbf6-87cf4384e65d', 365, 365, 29, 17, 17, 17);
insert into recipe_ingredients (id, recipe_id, ingredient_text) values (gen_random_uuid(), '942c6d73-6d05-4393-bbf6-87cf4384e65d', 'wrap integral');
insert into recipe_ingredients (id, recipe_id, ingredient_text) values (gen_random_uuid(), '942c6d73-6d05-4393-bbf6-87cf4384e65d', 'frango');
insert into recipe_ingredients (id, recipe_id, ingredient_text) values (gen_random_uuid(), '942c6d73-6d05-4393-bbf6-87cf4384e65d', 'alface');
insert into recipe_ingredients (id, recipe_id, ingredient_text) values (gen_random_uuid(), '942c6d73-6d05-4393-bbf6-87cf4384e65d', 'tomate');
insert into recipe_ingredients (id, recipe_id, ingredient_text) values (gen_random_uuid(), '942c6d73-6d05-4393-bbf6-87cf4384e65d', 'iogurte');
insert into recipe_ingredients (id, recipe_id, ingredient_text) values (gen_random_uuid(), '942c6d73-6d05-4393-bbf6-87cf4384e65d', 'tilápia');
insert into recipe_ingredients (id, recipe_id, ingredient_text) values (gen_random_uuid(), '942c6d73-6d05-4393-bbf6-87cf4384e65d', 'brócolis');
insert into recipe_ingredients (id, recipe_id, ingredient_text) values (gen_random_uuid(), '942c6d73-6d05-4393-bbf6-87cf4384e65d', 'azeite');

insert into recipes (id, name, source, visibility, prep_time_min, preparation, objective, needs_review) values ('0b3dc80f-f406-4fdd-9289-4c199a731417', 'Wrap Integral com espinafre', 'admin', 'public', 5, 'Grelhe o frango e desfie. Monte o wrap com alface, tomate e molho leve de iogurte. Enrole e aqueça rapidamente na frigideira. Adicione espinafre durante o preparo para aumentar fibras e volume alimentar. Finalize ajustando os temperos naturais e sirva ainda quente.', 'Promover saciedade, praticidade, controle calórico moderado e aderência alimentar.', false);
insert into recipe_nutrition_profiles (id, recipe_id, calories, calories_kcal, protein_g, carbs_g, fats_g, fat_g) values (gen_random_uuid(), '0b3dc80f-f406-4fdd-9289-4c199a731417', 250, 250, 36, 23, 5, 5);
insert into recipe_ingredients (id, recipe_id, ingredient_text) values (gen_random_uuid(), '0b3dc80f-f406-4fdd-9289-4c199a731417', 'wrap integral');
insert into recipe_ingredients (id, recipe_id, ingredient_text) values (gen_random_uuid(), '0b3dc80f-f406-4fdd-9289-4c199a731417', 'frango');
insert into recipe_ingredients (id, recipe_id, ingredient_text) values (gen_random_uuid(), '0b3dc80f-f406-4fdd-9289-4c199a731417', 'alface');
insert into recipe_ingredients (id, recipe_id, ingredient_text) values (gen_random_uuid(), '0b3dc80f-f406-4fdd-9289-4c199a731417', 'tomate');
insert into recipe_ingredients (id, recipe_id, ingredient_text) values (gen_random_uuid(), '0b3dc80f-f406-4fdd-9289-4c199a731417', 'iogurte');
insert into recipe_ingredients (id, recipe_id, ingredient_text) values (gen_random_uuid(), '0b3dc80f-f406-4fdd-9289-4c199a731417', 'atum');
insert into recipe_ingredients (id, recipe_id, ingredient_text) values (gen_random_uuid(), '0b3dc80f-f406-4fdd-9289-4c199a731417', 'espinafre');
insert into recipe_ingredients (id, recipe_id, ingredient_text) values (gen_random_uuid(), '0b3dc80f-f406-4fdd-9289-4c199a731417', 'azeite');

insert into recipes (id, name, source, visibility, prep_time_min, preparation, objective, needs_review) values ('ff46e012-7cea-4887-8f98-a5386258c629', 'Wrap Integral com cenoura', 'admin', 'public', 7, 'Grelhe o frango e desfie. Monte o wrap com alface, tomate e molho leve de iogurte. Enrole e aqueça rapidamente na frigideira. Adicione cenoura durante o preparo para aumentar fibras e volume alimentar. Finalize ajustando os temperos naturais e sirva ainda quente.', 'Promover saciedade, praticidade, controle calórico moderado e aderência alimentar.', false);
insert into recipe_nutrition_profiles (id, recipe_id, calories, calories_kcal, protein_g, carbs_g, fats_g, fat_g) values (gen_random_uuid(), 'ff46e012-7cea-4887-8f98-a5386258c629', 436, 436, 30, 36, 5, 5);
insert into recipe_ingredients (id, recipe_id, ingredient_text) values (gen_random_uuid(), 'ff46e012-7cea-4887-8f98-a5386258c629', 'wrap integral');
insert into recipe_ingredients (id, recipe_id, ingredient_text) values (gen_random_uuid(), 'ff46e012-7cea-4887-8f98-a5386258c629', 'frango');
insert into recipe_ingredients (id, recipe_id, ingredient_text) values (gen_random_uuid(), 'ff46e012-7cea-4887-8f98-a5386258c629', 'alface');
insert into recipe_ingredients (id, recipe_id, ingredient_text) values (gen_random_uuid(), 'ff46e012-7cea-4887-8f98-a5386258c629', 'tomate');
insert into recipe_ingredients (id, recipe_id, ingredient_text) values (gen_random_uuid(), 'ff46e012-7cea-4887-8f98-a5386258c629', 'iogurte');
insert into recipe_ingredients (id, recipe_id, ingredient_text) values (gen_random_uuid(), 'ff46e012-7cea-4887-8f98-a5386258c629', 'tilápia');
insert into recipe_ingredients (id, recipe_id, ingredient_text) values (gen_random_uuid(), 'ff46e012-7cea-4887-8f98-a5386258c629', 'cenoura');
insert into recipe_ingredients (id, recipe_id, ingredient_text) values (gen_random_uuid(), 'ff46e012-7cea-4887-8f98-a5386258c629', 'aveia');

insert into recipes (id, name, source, visibility, prep_time_min, preparation, objective, needs_review) values ('703792bb-8968-48af-9b05-fd441f022e4e', 'Sopa de Legumes com cenoura', 'admin', 'public', 10, 'Cozinhe os legumes em água com temperos naturais até ficarem macios. Bata parte da sopa no liquidificador para dar cremosidade. Acrescente o frango desfiado e finalize. Adicione cenoura durante o preparo para aumentar fibras e volume alimentar. Finalize ajustando os temperos naturais e sirva ainda quente.', 'Promover saciedade, praticidade, controle calórico moderado e aderência alimentar.', false);
insert into recipe_nutrition_profiles (id, recipe_id, calories, calories_kcal, protein_g, carbs_g, fats_g, fat_g) values (gen_random_uuid(), '703792bb-8968-48af-9b05-fd441f022e4e', 325, 325, 16, 39, 16, 16);
insert into recipe_ingredients (id, recipe_id, ingredient_text) values (gen_random_uuid(), '703792bb-8968-48af-9b05-fd441f022e4e', 'batata');
insert into recipe_ingredients (id, recipe_id, ingredient_text) values (gen_random_uuid(), '703792bb-8968-48af-9b05-fd441f022e4e', 'cenoura');
insert into recipe_ingredients (id, recipe_id, ingredient_text) values (gen_random_uuid(), '703792bb-8968-48af-9b05-fd441f022e4e', 'abóbora');
insert into recipe_ingredients (id, recipe_id, ingredient_text) values (gen_random_uuid(), '703792bb-8968-48af-9b05-fd441f022e4e', 'frango desfiado');
insert into recipe_ingredients (id, recipe_id, ingredient_text) values (gen_random_uuid(), '703792bb-8968-48af-9b05-fd441f022e4e', 'tilápia');
insert into recipe_ingredients (id, recipe_id, ingredient_text) values (gen_random_uuid(), '703792bb-8968-48af-9b05-fd441f022e4e', 'cenoura');
insert into recipe_ingredients (id, recipe_id, ingredient_text) values (gen_random_uuid(), '703792bb-8968-48af-9b05-fd441f022e4e', 'iogurte natural');

insert into recipes (id, name, source, visibility, prep_time_min, preparation, objective, needs_review) values ('cae472ee-e0b4-49b4-93b7-67c45f71f17e', 'Wrap Integral com tomate', 'admin', 'public', 10, 'Grelhe o frango e desfie. Monte o wrap com alface, tomate e molho leve de iogurte. Enrole e aqueça rapidamente na frigideira. Adicione tomate durante o preparo para aumentar fibras e volume alimentar. Finalize ajustando os temperos naturais e sirva ainda quente.', 'Promover saciedade, praticidade, controle calórico moderado e aderência alimentar.', false);
insert into recipe_nutrition_profiles (id, recipe_id, calories, calories_kcal, protein_g, carbs_g, fats_g, fat_g) values (gen_random_uuid(), 'cae472ee-e0b4-49b4-93b7-67c45f71f17e', 237, 237, 33, 35, 10, 10);
insert into recipe_ingredients (id, recipe_id, ingredient_text) values (gen_random_uuid(), 'cae472ee-e0b4-49b4-93b7-67c45f71f17e', 'wrap integral');
insert into recipe_ingredients (id, recipe_id, ingredient_text) values (gen_random_uuid(), 'cae472ee-e0b4-49b4-93b7-67c45f71f17e', 'frango');
insert into recipe_ingredients (id, recipe_id, ingredient_text) values (gen_random_uuid(), 'cae472ee-e0b4-49b4-93b7-67c45f71f17e', 'alface');
insert into recipe_ingredients (id, recipe_id, ingredient_text) values (gen_random_uuid(), 'cae472ee-e0b4-49b4-93b7-67c45f71f17e', 'tomate');
insert into recipe_ingredients (id, recipe_id, ingredient_text) values (gen_random_uuid(), 'cae472ee-e0b4-49b4-93b7-67c45f71f17e', 'iogurte');
insert into recipe_ingredients (id, recipe_id, ingredient_text) values (gen_random_uuid(), 'cae472ee-e0b4-49b4-93b7-67c45f71f17e', 'tilápia');
insert into recipe_ingredients (id, recipe_id, ingredient_text) values (gen_random_uuid(), 'cae472ee-e0b4-49b4-93b7-67c45f71f17e', 'tomate');
insert into recipe_ingredients (id, recipe_id, ingredient_text) values (gen_random_uuid(), 'cae472ee-e0b4-49b4-93b7-67c45f71f17e', 'iogurte natural');

insert into recipes (id, name, source, visibility, prep_time_min, preparation, objective, needs_review) values ('6c6086cd-0de8-4cfb-b430-095bb54675c2', 'Wrap Integral com cenoura', 'admin', 'public', 30, 'Grelhe o frango e desfie. Monte o wrap com alface, tomate e molho leve de iogurte. Enrole e aqueça rapidamente na frigideira. Adicione cenoura durante o preparo para aumentar fibras e volume alimentar. Finalize ajustando os temperos naturais e sirva ainda quente.', 'Promover saciedade, praticidade, controle calórico moderado e aderência alimentar.', false);
insert into recipe_nutrition_profiles (id, recipe_id, calories, calories_kcal, protein_g, carbs_g, fats_g, fat_g) values (gen_random_uuid(), '6c6086cd-0de8-4cfb-b430-095bb54675c2', 414, 414, 33, 28, 11, 11);
insert into recipe_ingredients (id, recipe_id, ingredient_text) values (gen_random_uuid(), '6c6086cd-0de8-4cfb-b430-095bb54675c2', 'wrap integral');
insert into recipe_ingredients (id, recipe_id, ingredient_text) values (gen_random_uuid(), '6c6086cd-0de8-4cfb-b430-095bb54675c2', 'frango');
insert into recipe_ingredients (id, recipe_id, ingredient_text) values (gen_random_uuid(), '6c6086cd-0de8-4cfb-b430-095bb54675c2', 'alface');
insert into recipe_ingredients (id, recipe_id, ingredient_text) values (gen_random_uuid(), '6c6086cd-0de8-4cfb-b430-095bb54675c2', 'tomate');
insert into recipe_ingredients (id, recipe_id, ingredient_text) values (gen_random_uuid(), '6c6086cd-0de8-4cfb-b430-095bb54675c2', 'iogurte');
insert into recipe_ingredients (id, recipe_id, ingredient_text) values (gen_random_uuid(), '6c6086cd-0de8-4cfb-b430-095bb54675c2', 'frango');
insert into recipe_ingredients (id, recipe_id, ingredient_text) values (gen_random_uuid(), '6c6086cd-0de8-4cfb-b430-095bb54675c2', 'cenoura');
insert into recipe_ingredients (id, recipe_id, ingredient_text) values (gen_random_uuid(), '6c6086cd-0de8-4cfb-b430-095bb54675c2', 'iogurte natural');

insert into recipes (id, name, source, visibility, prep_time_min, preparation, objective, needs_review) values ('05aa9d21-b8d3-4060-957d-a259434e4504', 'Sopa de Legumes com tomate', 'admin', 'public', 5, 'Cozinhe os legumes em água com temperos naturais até ficarem macios. Bata parte da sopa no liquidificador para dar cremosidade. Acrescente o frango desfiado e finalize. Adicione tomate durante o preparo para aumentar fibras e volume alimentar. Finalize ajustando os temperos naturais e sirva ainda quente.', 'Promover saciedade, praticidade, controle calórico moderado e aderência alimentar.', false);
insert into recipe_nutrition_profiles (id, recipe_id, calories, calories_kcal, protein_g, carbs_g, fats_g, fat_g) values (gen_random_uuid(), '05aa9d21-b8d3-4060-957d-a259434e4504', 412, 412, 30, 23, 15, 15);
insert into recipe_ingredients (id, recipe_id, ingredient_text) values (gen_random_uuid(), '05aa9d21-b8d3-4060-957d-a259434e4504', 'batata');
insert into recipe_ingredients (id, recipe_id, ingredient_text) values (gen_random_uuid(), '05aa9d21-b8d3-4060-957d-a259434e4504', 'cenoura');
insert into recipe_ingredients (id, recipe_id, ingredient_text) values (gen_random_uuid(), '05aa9d21-b8d3-4060-957d-a259434e4504', 'abóbora');
insert into recipe_ingredients (id, recipe_id, ingredient_text) values (gen_random_uuid(), '05aa9d21-b8d3-4060-957d-a259434e4504', 'frango desfiado');
insert into recipe_ingredients (id, recipe_id, ingredient_text) values (gen_random_uuid(), '05aa9d21-b8d3-4060-957d-a259434e4504', 'atum');
insert into recipe_ingredients (id, recipe_id, ingredient_text) values (gen_random_uuid(), '05aa9d21-b8d3-4060-957d-a259434e4504', 'tomate');
insert into recipe_ingredients (id, recipe_id, ingredient_text) values (gen_random_uuid(), '05aa9d21-b8d3-4060-957d-a259434e4504', 'chia');

insert into recipes (id, name, source, visibility, prep_time_min, preparation, objective, needs_review) values ('21dc934b-224e-475f-8cf0-e4ab5c998410', 'Sopa de Legumes com cenoura', 'admin', 'public', 29, 'Cozinhe os legumes em água com temperos naturais até ficarem macios. Bata parte da sopa no liquidificador para dar cremosidade. Acrescente o frango desfiado e finalize. Adicione cenoura durante o preparo para aumentar fibras e volume alimentar. Finalize ajustando os temperos naturais e sirva ainda quente.', 'Promover saciedade, praticidade, controle calórico moderado e aderência alimentar.', false);
insert into recipe_nutrition_profiles (id, recipe_id, calories, calories_kcal, protein_g, carbs_g, fats_g, fat_g) values (gen_random_uuid(), '21dc934b-224e-475f-8cf0-e4ab5c998410', 339, 339, 28, 39, 13, 13);
insert into recipe_ingredients (id, recipe_id, ingredient_text) values (gen_random_uuid(), '21dc934b-224e-475f-8cf0-e4ab5c998410', 'batata');
insert into recipe_ingredients (id, recipe_id, ingredient_text) values (gen_random_uuid(), '21dc934b-224e-475f-8cf0-e4ab5c998410', 'cenoura');
insert into recipe_ingredients (id, recipe_id, ingredient_text) values (gen_random_uuid(), '21dc934b-224e-475f-8cf0-e4ab5c998410', 'abóbora');
insert into recipe_ingredients (id, recipe_id, ingredient_text) values (gen_random_uuid(), '21dc934b-224e-475f-8cf0-e4ab5c998410', 'frango desfiado');
insert into recipe_ingredients (id, recipe_id, ingredient_text) values (gen_random_uuid(), '21dc934b-224e-475f-8cf0-e4ab5c998410', 'carne magra');
insert into recipe_ingredients (id, recipe_id, ingredient_text) values (gen_random_uuid(), '21dc934b-224e-475f-8cf0-e4ab5c998410', 'cenoura');
insert into recipe_ingredients (id, recipe_id, ingredient_text) values (gen_random_uuid(), '21dc934b-224e-475f-8cf0-e4ab5c998410', 'azeite');

insert into recipes (id, name, source, visibility, prep_time_min, preparation, objective, needs_review) values ('a487d671-0725-4e24-8a47-b2523c59e634', 'Sopa de Legumes com cenoura', 'admin', 'public', 6, 'Cozinhe os legumes em água com temperos naturais até ficarem macios. Bata parte da sopa no liquidificador para dar cremosidade. Acrescente o frango desfiado e finalize. Adicione cenoura durante o preparo para aumentar fibras e volume alimentar. Finalize ajustando os temperos naturais e sirva ainda quente.', 'Promover saciedade, praticidade, controle calórico moderado e aderência alimentar.', false);
insert into recipe_nutrition_profiles (id, recipe_id, calories, calories_kcal, protein_g, carbs_g, fats_g, fat_g) values (gen_random_uuid(), 'a487d671-0725-4e24-8a47-b2523c59e634', 246, 246, 33, 25, 9, 9);
insert into recipe_ingredients (id, recipe_id, ingredient_text) values (gen_random_uuid(), 'a487d671-0725-4e24-8a47-b2523c59e634', 'batata');
insert into recipe_ingredients (id, recipe_id, ingredient_text) values (gen_random_uuid(), 'a487d671-0725-4e24-8a47-b2523c59e634', 'cenoura');
insert into recipe_ingredients (id, recipe_id, ingredient_text) values (gen_random_uuid(), 'a487d671-0725-4e24-8a47-b2523c59e634', 'abóbora');
insert into recipe_ingredients (id, recipe_id, ingredient_text) values (gen_random_uuid(), 'a487d671-0725-4e24-8a47-b2523c59e634', 'frango desfiado');
insert into recipe_ingredients (id, recipe_id, ingredient_text) values (gen_random_uuid(), 'a487d671-0725-4e24-8a47-b2523c59e634', 'ovo');
insert into recipe_ingredients (id, recipe_id, ingredient_text) values (gen_random_uuid(), 'a487d671-0725-4e24-8a47-b2523c59e634', 'cenoura');
insert into recipe_ingredients (id, recipe_id, ingredient_text) values (gen_random_uuid(), 'a487d671-0725-4e24-8a47-b2523c59e634', 'chia');

insert into recipes (id, name, source, visibility, prep_time_min, preparation, objective, needs_review) values ('3fb3bc78-2deb-4cd6-a0c4-a710e789236e', 'Wrap Integral com tomate', 'admin', 'public', 21, 'Grelhe o frango e desfie. Monte o wrap com alface, tomate e molho leve de iogurte. Enrole e aqueça rapidamente na frigideira. Adicione tomate durante o preparo para aumentar fibras e volume alimentar. Finalize ajustando os temperos naturais e sirva ainda quente.', 'Promover saciedade, praticidade, controle calórico moderado e aderência alimentar.', false);
insert into recipe_nutrition_profiles (id, recipe_id, calories, calories_kcal, protein_g, carbs_g, fats_g, fat_g) values (gen_random_uuid(), '3fb3bc78-2deb-4cd6-a0c4-a710e789236e', 338, 338, 23, 55, 6, 6);
insert into recipe_ingredients (id, recipe_id, ingredient_text) values (gen_random_uuid(), '3fb3bc78-2deb-4cd6-a0c4-a710e789236e', 'wrap integral');
insert into recipe_ingredients (id, recipe_id, ingredient_text) values (gen_random_uuid(), '3fb3bc78-2deb-4cd6-a0c4-a710e789236e', 'frango');
insert into recipe_ingredients (id, recipe_id, ingredient_text) values (gen_random_uuid(), '3fb3bc78-2deb-4cd6-a0c4-a710e789236e', 'alface');
insert into recipe_ingredients (id, recipe_id, ingredient_text) values (gen_random_uuid(), '3fb3bc78-2deb-4cd6-a0c4-a710e789236e', 'tomate');
insert into recipe_ingredients (id, recipe_id, ingredient_text) values (gen_random_uuid(), '3fb3bc78-2deb-4cd6-a0c4-a710e789236e', 'iogurte');
insert into recipe_ingredients (id, recipe_id, ingredient_text) values (gen_random_uuid(), '3fb3bc78-2deb-4cd6-a0c4-a710e789236e', 'carne magra');
insert into recipe_ingredients (id, recipe_id, ingredient_text) values (gen_random_uuid(), '3fb3bc78-2deb-4cd6-a0c4-a710e789236e', 'tomate');
insert into recipe_ingredients (id, recipe_id, ingredient_text) values (gen_random_uuid(), '3fb3bc78-2deb-4cd6-a0c4-a710e789236e', 'chia');

insert into recipes (id, name, source, visibility, prep_time_min, preparation, objective, needs_review) values ('2fd7e470-840a-468e-9c61-817e35907f24', 'Wrap Integral com abobrinha', 'admin', 'public', 25, 'Grelhe o frango e desfie. Monte o wrap com alface, tomate e molho leve de iogurte. Enrole e aqueça rapidamente na frigideira. Adicione abobrinha durante o preparo para aumentar fibras e volume alimentar. Finalize ajustando os temperos naturais e sirva ainda quente.', 'Promover saciedade, praticidade, controle calórico moderado e aderência alimentar.', false);
insert into recipe_nutrition_profiles (id, recipe_id, calories, calories_kcal, protein_g, carbs_g, fats_g, fat_g) values (gen_random_uuid(), '2fd7e470-840a-468e-9c61-817e35907f24', 307, 307, 33, 50, 13, 13);
insert into recipe_ingredients (id, recipe_id, ingredient_text) values (gen_random_uuid(), '2fd7e470-840a-468e-9c61-817e35907f24', 'wrap integral');
insert into recipe_ingredients (id, recipe_id, ingredient_text) values (gen_random_uuid(), '2fd7e470-840a-468e-9c61-817e35907f24', 'frango');
insert into recipe_ingredients (id, recipe_id, ingredient_text) values (gen_random_uuid(), '2fd7e470-840a-468e-9c61-817e35907f24', 'alface');
insert into recipe_ingredients (id, recipe_id, ingredient_text) values (gen_random_uuid(), '2fd7e470-840a-468e-9c61-817e35907f24', 'tomate');
insert into recipe_ingredients (id, recipe_id, ingredient_text) values (gen_random_uuid(), '2fd7e470-840a-468e-9c61-817e35907f24', 'iogurte');
insert into recipe_ingredients (id, recipe_id, ingredient_text) values (gen_random_uuid(), '2fd7e470-840a-468e-9c61-817e35907f24', 'tilápia');
insert into recipe_ingredients (id, recipe_id, ingredient_text) values (gen_random_uuid(), '2fd7e470-840a-468e-9c61-817e35907f24', 'abobrinha');
insert into recipe_ingredients (id, recipe_id, ingredient_text) values (gen_random_uuid(), '2fd7e470-840a-468e-9c61-817e35907f24', 'azeite');

insert into recipes (id, name, source, visibility, prep_time_min, preparation, objective, needs_review) values ('88b6d862-ac00-4b01-b1d2-8164a9def43b', 'Wrap Integral com tomate', 'admin', 'public', 14, 'Grelhe o frango e desfie. Monte o wrap com alface, tomate e molho leve de iogurte. Enrole e aqueça rapidamente na frigideira. Adicione tomate durante o preparo para aumentar fibras e volume alimentar. Finalize ajustando os temperos naturais e sirva ainda quente.', 'Promover saciedade, praticidade, controle calórico moderado e aderência alimentar.', false);
insert into recipe_nutrition_profiles (id, recipe_id, calories, calories_kcal, protein_g, carbs_g, fats_g, fat_g) values (gen_random_uuid(), '88b6d862-ac00-4b01-b1d2-8164a9def43b', 354, 354, 16, 28, 18, 18);
insert into recipe_ingredients (id, recipe_id, ingredient_text) values (gen_random_uuid(), '88b6d862-ac00-4b01-b1d2-8164a9def43b', 'wrap integral');
insert into recipe_ingredients (id, recipe_id, ingredient_text) values (gen_random_uuid(), '88b6d862-ac00-4b01-b1d2-8164a9def43b', 'frango');
insert into recipe_ingredients (id, recipe_id, ingredient_text) values (gen_random_uuid(), '88b6d862-ac00-4b01-b1d2-8164a9def43b', 'alface');
insert into recipe_ingredients (id, recipe_id, ingredient_text) values (gen_random_uuid(), '88b6d862-ac00-4b01-b1d2-8164a9def43b', 'tomate');
insert into recipe_ingredients (id, recipe_id, ingredient_text) values (gen_random_uuid(), '88b6d862-ac00-4b01-b1d2-8164a9def43b', 'iogurte');
insert into recipe_ingredients (id, recipe_id, ingredient_text) values (gen_random_uuid(), '88b6d862-ac00-4b01-b1d2-8164a9def43b', 'carne magra');
insert into recipe_ingredients (id, recipe_id, ingredient_text) values (gen_random_uuid(), '88b6d862-ac00-4b01-b1d2-8164a9def43b', 'tomate');
insert into recipe_ingredients (id, recipe_id, ingredient_text) values (gen_random_uuid(), '88b6d862-ac00-4b01-b1d2-8164a9def43b', 'azeite');

insert into recipes (id, name, source, visibility, prep_time_min, preparation, objective, needs_review) values ('fbe6adfe-3a7e-4e84-9426-f688eb4d1853', 'Sopa de Legumes com abobrinha', 'admin', 'public', 32, 'Cozinhe os legumes em água com temperos naturais até ficarem macios. Bata parte da sopa no liquidificador para dar cremosidade. Acrescente o frango desfiado e finalize. Adicione abobrinha durante o preparo para aumentar fibras e volume alimentar. Finalize ajustando os temperos naturais e sirva ainda quente.', 'Promover saciedade, praticidade, controle calórico moderado e aderência alimentar.', false);
insert into recipe_nutrition_profiles (id, recipe_id, calories, calories_kcal, protein_g, carbs_g, fats_g, fat_g) values (gen_random_uuid(), 'fbe6adfe-3a7e-4e84-9426-f688eb4d1853', 539, 539, 16, 35, 6, 6);
insert into recipe_ingredients (id, recipe_id, ingredient_text) values (gen_random_uuid(), 'fbe6adfe-3a7e-4e84-9426-f688eb4d1853', 'batata');
insert into recipe_ingredients (id, recipe_id, ingredient_text) values (gen_random_uuid(), 'fbe6adfe-3a7e-4e84-9426-f688eb4d1853', 'cenoura');
insert into recipe_ingredients (id, recipe_id, ingredient_text) values (gen_random_uuid(), 'fbe6adfe-3a7e-4e84-9426-f688eb4d1853', 'abóbora');
insert into recipe_ingredients (id, recipe_id, ingredient_text) values (gen_random_uuid(), 'fbe6adfe-3a7e-4e84-9426-f688eb4d1853', 'frango desfiado');
insert into recipe_ingredients (id, recipe_id, ingredient_text) values (gen_random_uuid(), 'fbe6adfe-3a7e-4e84-9426-f688eb4d1853', 'tilápia');
insert into recipe_ingredients (id, recipe_id, ingredient_text) values (gen_random_uuid(), 'fbe6adfe-3a7e-4e84-9426-f688eb4d1853', 'abobrinha');
insert into recipe_ingredients (id, recipe_id, ingredient_text) values (gen_random_uuid(), 'fbe6adfe-3a7e-4e84-9426-f688eb4d1853', 'chia');

insert into recipes (id, name, source, visibility, prep_time_min, preparation, objective, needs_review) values ('8b8b416e-2378-4b00-aba3-555f4046a134', 'Sopa de Legumes com espinafre', 'admin', 'public', 35, 'Cozinhe os legumes em água com temperos naturais até ficarem macios. Bata parte da sopa no liquidificador para dar cremosidade. Acrescente o frango desfiado e finalize. Adicione espinafre durante o preparo para aumentar fibras e volume alimentar. Finalize ajustando os temperos naturais e sirva ainda quente.', 'Promover saciedade, praticidade, controle calórico moderado e aderência alimentar.', false);
insert into recipe_nutrition_profiles (id, recipe_id, calories, calories_kcal, protein_g, carbs_g, fats_g, fat_g) values (gen_random_uuid(), '8b8b416e-2378-4b00-aba3-555f4046a134', 421, 421, 12, 27, 7, 7);
insert into recipe_ingredients (id, recipe_id, ingredient_text) values (gen_random_uuid(), '8b8b416e-2378-4b00-aba3-555f4046a134', 'batata');
insert into recipe_ingredients (id, recipe_id, ingredient_text) values (gen_random_uuid(), '8b8b416e-2378-4b00-aba3-555f4046a134', 'cenoura');
insert into recipe_ingredients (id, recipe_id, ingredient_text) values (gen_random_uuid(), '8b8b416e-2378-4b00-aba3-555f4046a134', 'abóbora');
insert into recipe_ingredients (id, recipe_id, ingredient_text) values (gen_random_uuid(), '8b8b416e-2378-4b00-aba3-555f4046a134', 'frango desfiado');
insert into recipe_ingredients (id, recipe_id, ingredient_text) values (gen_random_uuid(), '8b8b416e-2378-4b00-aba3-555f4046a134', 'frango');
insert into recipe_ingredients (id, recipe_id, ingredient_text) values (gen_random_uuid(), '8b8b416e-2378-4b00-aba3-555f4046a134', 'espinafre');
insert into recipe_ingredients (id, recipe_id, ingredient_text) values (gen_random_uuid(), '8b8b416e-2378-4b00-aba3-555f4046a134', 'azeite');

insert into recipes (id, name, source, visibility, prep_time_min, preparation, objective, needs_review) values ('f110c107-31b6-4670-9171-c4a2b7357be8', 'Sopa de Legumes com espinafre', 'admin', 'public', 29, 'Cozinhe os legumes em água com temperos naturais até ficarem macios. Bata parte da sopa no liquidificador para dar cremosidade. Acrescente o frango desfiado e finalize. Adicione espinafre durante o preparo para aumentar fibras e volume alimentar. Finalize ajustando os temperos naturais e sirva ainda quente.', 'Promover saciedade, praticidade, controle calórico moderado e aderência alimentar.', false);
insert into recipe_nutrition_profiles (id, recipe_id, calories, calories_kcal, protein_g, carbs_g, fats_g, fat_g) values (gen_random_uuid(), 'f110c107-31b6-4670-9171-c4a2b7357be8', 491, 491, 22, 33, 13, 13);
insert into recipe_ingredients (id, recipe_id, ingredient_text) values (gen_random_uuid(), 'f110c107-31b6-4670-9171-c4a2b7357be8', 'batata');
insert into recipe_ingredients (id, recipe_id, ingredient_text) values (gen_random_uuid(), 'f110c107-31b6-4670-9171-c4a2b7357be8', 'cenoura');
insert into recipe_ingredients (id, recipe_id, ingredient_text) values (gen_random_uuid(), 'f110c107-31b6-4670-9171-c4a2b7357be8', 'abóbora');
insert into recipe_ingredients (id, recipe_id, ingredient_text) values (gen_random_uuid(), 'f110c107-31b6-4670-9171-c4a2b7357be8', 'frango desfiado');
insert into recipe_ingredients (id, recipe_id, ingredient_text) values (gen_random_uuid(), 'f110c107-31b6-4670-9171-c4a2b7357be8', 'atum');
insert into recipe_ingredients (id, recipe_id, ingredient_text) values (gen_random_uuid(), 'f110c107-31b6-4670-9171-c4a2b7357be8', 'espinafre');
insert into recipe_ingredients (id, recipe_id, ingredient_text) values (gen_random_uuid(), 'f110c107-31b6-4670-9171-c4a2b7357be8', 'aveia');

insert into recipes (id, name, source, visibility, prep_time_min, preparation, objective, needs_review) values ('3f0422e2-292a-4fef-afe5-9d80bdaa3f30', 'Wrap Integral com espinafre', 'admin', 'public', 9, 'Grelhe o frango e desfie. Monte o wrap com alface, tomate e molho leve de iogurte. Enrole e aqueça rapidamente na frigideira. Adicione espinafre durante o preparo para aumentar fibras e volume alimentar. Finalize ajustando os temperos naturais e sirva ainda quente.', 'Promover saciedade, praticidade, controle calórico moderado e aderência alimentar.', false);
insert into recipe_nutrition_profiles (id, recipe_id, calories, calories_kcal, protein_g, carbs_g, fats_g, fat_g) values (gen_random_uuid(), '3f0422e2-292a-4fef-afe5-9d80bdaa3f30', 456, 456, 28, 16, 8, 8);
insert into recipe_ingredients (id, recipe_id, ingredient_text) values (gen_random_uuid(), '3f0422e2-292a-4fef-afe5-9d80bdaa3f30', 'wrap integral');
insert into recipe_ingredients (id, recipe_id, ingredient_text) values (gen_random_uuid(), '3f0422e2-292a-4fef-afe5-9d80bdaa3f30', 'frango');
insert into recipe_ingredients (id, recipe_id, ingredient_text) values (gen_random_uuid(), '3f0422e2-292a-4fef-afe5-9d80bdaa3f30', 'alface');
insert into recipe_ingredients (id, recipe_id, ingredient_text) values (gen_random_uuid(), '3f0422e2-292a-4fef-afe5-9d80bdaa3f30', 'tomate');
insert into recipe_ingredients (id, recipe_id, ingredient_text) values (gen_random_uuid(), '3f0422e2-292a-4fef-afe5-9d80bdaa3f30', 'iogurte');
insert into recipe_ingredients (id, recipe_id, ingredient_text) values (gen_random_uuid(), '3f0422e2-292a-4fef-afe5-9d80bdaa3f30', 'frango');
insert into recipe_ingredients (id, recipe_id, ingredient_text) values (gen_random_uuid(), '3f0422e2-292a-4fef-afe5-9d80bdaa3f30', 'espinafre');
insert into recipe_ingredients (id, recipe_id, ingredient_text) values (gen_random_uuid(), '3f0422e2-292a-4fef-afe5-9d80bdaa3f30', 'azeite');

insert into recipes (id, name, source, visibility, prep_time_min, preparation, objective, needs_review) values ('124e7ce7-3e17-4c70-a52c-b45bf92ed8ac', 'Sopa de Legumes com tomate', 'admin', 'public', 34, 'Cozinhe os legumes em água com temperos naturais até ficarem macios. Bata parte da sopa no liquidificador para dar cremosidade. Acrescente o frango desfiado e finalize. Adicione tomate durante o preparo para aumentar fibras e volume alimentar. Finalize ajustando os temperos naturais e sirva ainda quente.', 'Promover saciedade, praticidade, controle calórico moderado e aderência alimentar.', false);
insert into recipe_nutrition_profiles (id, recipe_id, calories, calories_kcal, protein_g, carbs_g, fats_g, fat_g) values (gen_random_uuid(), '124e7ce7-3e17-4c70-a52c-b45bf92ed8ac', 242, 242, 28, 48, 18, 18);
insert into recipe_ingredients (id, recipe_id, ingredient_text) values (gen_random_uuid(), '124e7ce7-3e17-4c70-a52c-b45bf92ed8ac', 'batata');
insert into recipe_ingredients (id, recipe_id, ingredient_text) values (gen_random_uuid(), '124e7ce7-3e17-4c70-a52c-b45bf92ed8ac', 'cenoura');
insert into recipe_ingredients (id, recipe_id, ingredient_text) values (gen_random_uuid(), '124e7ce7-3e17-4c70-a52c-b45bf92ed8ac', 'abóbora');
insert into recipe_ingredients (id, recipe_id, ingredient_text) values (gen_random_uuid(), '124e7ce7-3e17-4c70-a52c-b45bf92ed8ac', 'frango desfiado');
insert into recipe_ingredients (id, recipe_id, ingredient_text) values (gen_random_uuid(), '124e7ce7-3e17-4c70-a52c-b45bf92ed8ac', 'ovo');
insert into recipe_ingredients (id, recipe_id, ingredient_text) values (gen_random_uuid(), '124e7ce7-3e17-4c70-a52c-b45bf92ed8ac', 'tomate');
insert into recipe_ingredients (id, recipe_id, ingredient_text) values (gen_random_uuid(), '124e7ce7-3e17-4c70-a52c-b45bf92ed8ac', 'azeite');

insert into recipes (id, name, source, visibility, prep_time_min, preparation, objective, needs_review) values ('f0152647-6303-4e8b-a04e-3d21d7fa9b4d', 'Sopa de Legumes com abobrinha', 'admin', 'public', 19, 'Cozinhe os legumes em água com temperos naturais até ficarem macios. Bata parte da sopa no liquidificador para dar cremosidade. Acrescente o frango desfiado e finalize. Adicione abobrinha durante o preparo para aumentar fibras e volume alimentar. Finalize ajustando os temperos naturais e sirva ainda quente.', 'Promover saciedade, praticidade, controle calórico moderado e aderência alimentar.', false);
insert into recipe_nutrition_profiles (id, recipe_id, calories, calories_kcal, protein_g, carbs_g, fats_g, fat_g) values (gen_random_uuid(), 'f0152647-6303-4e8b-a04e-3d21d7fa9b4d', 525, 525, 24, 23, 10, 10);
insert into recipe_ingredients (id, recipe_id, ingredient_text) values (gen_random_uuid(), 'f0152647-6303-4e8b-a04e-3d21d7fa9b4d', 'batata');
insert into recipe_ingredients (id, recipe_id, ingredient_text) values (gen_random_uuid(), 'f0152647-6303-4e8b-a04e-3d21d7fa9b4d', 'cenoura');
insert into recipe_ingredients (id, recipe_id, ingredient_text) values (gen_random_uuid(), 'f0152647-6303-4e8b-a04e-3d21d7fa9b4d', 'abóbora');
insert into recipe_ingredients (id, recipe_id, ingredient_text) values (gen_random_uuid(), 'f0152647-6303-4e8b-a04e-3d21d7fa9b4d', 'frango desfiado');
insert into recipe_ingredients (id, recipe_id, ingredient_text) values (gen_random_uuid(), 'f0152647-6303-4e8b-a04e-3d21d7fa9b4d', 'tilápia');
insert into recipe_ingredients (id, recipe_id, ingredient_text) values (gen_random_uuid(), 'f0152647-6303-4e8b-a04e-3d21d7fa9b4d', 'abobrinha');
insert into recipe_ingredients (id, recipe_id, ingredient_text) values (gen_random_uuid(), 'f0152647-6303-4e8b-a04e-3d21d7fa9b4d', 'iogurte natural');

insert into recipes (id, name, source, visibility, prep_time_min, preparation, objective, needs_review) values ('15632287-2f9d-42c9-93f6-9b9ee6dd4ce2', 'Sopa de Legumes com brócolis', 'admin', 'public', 33, 'Cozinhe os legumes em água com temperos naturais até ficarem macios. Bata parte da sopa no liquidificador para dar cremosidade. Acrescente o frango desfiado e finalize. Adicione brócolis durante o preparo para aumentar fibras e volume alimentar. Finalize ajustando os temperos naturais e sirva ainda quente.', 'Promover saciedade, praticidade, controle calórico moderado e aderência alimentar.', false);
insert into recipe_nutrition_profiles (id, recipe_id, calories, calories_kcal, protein_g, carbs_g, fats_g, fat_g) values (gen_random_uuid(), '15632287-2f9d-42c9-93f6-9b9ee6dd4ce2', 527, 527, 28, 41, 12, 12);
insert into recipe_ingredients (id, recipe_id, ingredient_text) values (gen_random_uuid(), '15632287-2f9d-42c9-93f6-9b9ee6dd4ce2', 'batata');
insert into recipe_ingredients (id, recipe_id, ingredient_text) values (gen_random_uuid(), '15632287-2f9d-42c9-93f6-9b9ee6dd4ce2', 'cenoura');
insert into recipe_ingredients (id, recipe_id, ingredient_text) values (gen_random_uuid(), '15632287-2f9d-42c9-93f6-9b9ee6dd4ce2', 'abóbora');
insert into recipe_ingredients (id, recipe_id, ingredient_text) values (gen_random_uuid(), '15632287-2f9d-42c9-93f6-9b9ee6dd4ce2', 'frango desfiado');
insert into recipe_ingredients (id, recipe_id, ingredient_text) values (gen_random_uuid(), '15632287-2f9d-42c9-93f6-9b9ee6dd4ce2', 'atum');
insert into recipe_ingredients (id, recipe_id, ingredient_text) values (gen_random_uuid(), '15632287-2f9d-42c9-93f6-9b9ee6dd4ce2', 'brócolis');
insert into recipe_ingredients (id, recipe_id, ingredient_text) values (gen_random_uuid(), '15632287-2f9d-42c9-93f6-9b9ee6dd4ce2', 'chia');

insert into recipes (id, name, source, visibility, prep_time_min, preparation, objective, needs_review) values ('bc3b1eed-14ee-426b-b0f4-94ad66b80df1', 'Wrap Integral com brócolis', 'admin', 'public', 9, 'Grelhe o frango e desfie. Monte o wrap com alface, tomate e molho leve de iogurte. Enrole e aqueça rapidamente na frigideira. Adicione brócolis durante o preparo para aumentar fibras e volume alimentar. Finalize ajustando os temperos naturais e sirva ainda quente.', 'Promover saciedade, praticidade, controle calórico moderado e aderência alimentar.', false);
insert into recipe_nutrition_profiles (id, recipe_id, calories, calories_kcal, protein_g, carbs_g, fats_g, fat_g) values (gen_random_uuid(), 'bc3b1eed-14ee-426b-b0f4-94ad66b80df1', 255, 255, 30, 41, 9, 9);
insert into recipe_ingredients (id, recipe_id, ingredient_text) values (gen_random_uuid(), 'bc3b1eed-14ee-426b-b0f4-94ad66b80df1', 'wrap integral');
insert into recipe_ingredients (id, recipe_id, ingredient_text) values (gen_random_uuid(), 'bc3b1eed-14ee-426b-b0f4-94ad66b80df1', 'frango');
insert into recipe_ingredients (id, recipe_id, ingredient_text) values (gen_random_uuid(), 'bc3b1eed-14ee-426b-b0f4-94ad66b80df1', 'alface');
insert into recipe_ingredients (id, recipe_id, ingredient_text) values (gen_random_uuid(), 'bc3b1eed-14ee-426b-b0f4-94ad66b80df1', 'tomate');
insert into recipe_ingredients (id, recipe_id, ingredient_text) values (gen_random_uuid(), 'bc3b1eed-14ee-426b-b0f4-94ad66b80df1', 'iogurte');
insert into recipe_ingredients (id, recipe_id, ingredient_text) values (gen_random_uuid(), 'bc3b1eed-14ee-426b-b0f4-94ad66b80df1', 'atum');
insert into recipe_ingredients (id, recipe_id, ingredient_text) values (gen_random_uuid(), 'bc3b1eed-14ee-426b-b0f4-94ad66b80df1', 'brócolis');
insert into recipe_ingredients (id, recipe_id, ingredient_text) values (gen_random_uuid(), 'bc3b1eed-14ee-426b-b0f4-94ad66b80df1', 'iogurte natural');

insert into recipes (id, name, source, visibility, prep_time_min, preparation, objective, needs_review) values ('8e94f820-4e09-4dc3-94d3-c0e26da7b638', 'Sopa de Legumes com abobrinha', 'admin', 'public', 31, 'Cozinhe os legumes em água com temperos naturais até ficarem macios. Bata parte da sopa no liquidificador para dar cremosidade. Acrescente o frango desfiado e finalize. Adicione abobrinha durante o preparo para aumentar fibras e volume alimentar. Finalize ajustando os temperos naturais e sirva ainda quente.', 'Promover saciedade, praticidade, controle calórico moderado e aderência alimentar.', false);
insert into recipe_nutrition_profiles (id, recipe_id, calories, calories_kcal, protein_g, carbs_g, fats_g, fat_g) values (gen_random_uuid(), '8e94f820-4e09-4dc3-94d3-c0e26da7b638', 337, 337, 30, 22, 8, 8);
insert into recipe_ingredients (id, recipe_id, ingredient_text) values (gen_random_uuid(), '8e94f820-4e09-4dc3-94d3-c0e26da7b638', 'batata');
insert into recipe_ingredients (id, recipe_id, ingredient_text) values (gen_random_uuid(), '8e94f820-4e09-4dc3-94d3-c0e26da7b638', 'cenoura');
insert into recipe_ingredients (id, recipe_id, ingredient_text) values (gen_random_uuid(), '8e94f820-4e09-4dc3-94d3-c0e26da7b638', 'abóbora');
insert into recipe_ingredients (id, recipe_id, ingredient_text) values (gen_random_uuid(), '8e94f820-4e09-4dc3-94d3-c0e26da7b638', 'frango desfiado');
insert into recipe_ingredients (id, recipe_id, ingredient_text) values (gen_random_uuid(), '8e94f820-4e09-4dc3-94d3-c0e26da7b638', 'ovo');
insert into recipe_ingredients (id, recipe_id, ingredient_text) values (gen_random_uuid(), '8e94f820-4e09-4dc3-94d3-c0e26da7b638', 'abobrinha');
insert into recipe_ingredients (id, recipe_id, ingredient_text) values (gen_random_uuid(), '8e94f820-4e09-4dc3-94d3-c0e26da7b638', 'aveia');

insert into recipes (id, name, source, visibility, prep_time_min, preparation, objective, needs_review) values ('4ddbbb34-0325-45f1-b85f-32f9071de8b4', 'Sopa de Legumes com cenoura', 'admin', 'public', 6, 'Cozinhe os legumes em água com temperos naturais até ficarem macios. Bata parte da sopa no liquidificador para dar cremosidade. Acrescente o frango desfiado e finalize. Adicione cenoura durante o preparo para aumentar fibras e volume alimentar. Finalize ajustando os temperos naturais e sirva ainda quente.', 'Promover saciedade, praticidade, controle calórico moderado e aderência alimentar.', false);
insert into recipe_nutrition_profiles (id, recipe_id, calories, calories_kcal, protein_g, carbs_g, fats_g, fat_g) values (gen_random_uuid(), '4ddbbb34-0325-45f1-b85f-32f9071de8b4', 497, 497, 19, 21, 7, 7);
insert into recipe_ingredients (id, recipe_id, ingredient_text) values (gen_random_uuid(), '4ddbbb34-0325-45f1-b85f-32f9071de8b4', 'batata');
insert into recipe_ingredients (id, recipe_id, ingredient_text) values (gen_random_uuid(), '4ddbbb34-0325-45f1-b85f-32f9071de8b4', 'cenoura');
insert into recipe_ingredients (id, recipe_id, ingredient_text) values (gen_random_uuid(), '4ddbbb34-0325-45f1-b85f-32f9071de8b4', 'abóbora');
insert into recipe_ingredients (id, recipe_id, ingredient_text) values (gen_random_uuid(), '4ddbbb34-0325-45f1-b85f-32f9071de8b4', 'frango desfiado');
insert into recipe_ingredients (id, recipe_id, ingredient_text) values (gen_random_uuid(), '4ddbbb34-0325-45f1-b85f-32f9071de8b4', 'frango');
insert into recipe_ingredients (id, recipe_id, ingredient_text) values (gen_random_uuid(), '4ddbbb34-0325-45f1-b85f-32f9071de8b4', 'cenoura');
insert into recipe_ingredients (id, recipe_id, ingredient_text) values (gen_random_uuid(), '4ddbbb34-0325-45f1-b85f-32f9071de8b4', 'aveia');

insert into recipes (id, name, source, visibility, prep_time_min, preparation, objective, needs_review) values ('1be675b8-ecd7-435a-80be-2349ba76c518', 'Wrap Integral com cenoura', 'admin', 'public', 32, 'Grelhe o frango e desfie. Monte o wrap com alface, tomate e molho leve de iogurte. Enrole e aqueça rapidamente na frigideira. Adicione cenoura durante o preparo para aumentar fibras e volume alimentar. Finalize ajustando os temperos naturais e sirva ainda quente.', 'Promover saciedade, praticidade, controle calórico moderado e aderência alimentar. Lanches', false);
insert into recipe_nutrition_profiles (id, recipe_id, calories, calories_kcal, protein_g, carbs_g, fats_g, fat_g) values (gen_random_uuid(), '1be675b8-ecd7-435a-80be-2349ba76c518', 272, 272, 34, 24, 11, 11);
insert into recipe_ingredients (id, recipe_id, ingredient_text) values (gen_random_uuid(), '1be675b8-ecd7-435a-80be-2349ba76c518', 'wrap integral');
insert into recipe_ingredients (id, recipe_id, ingredient_text) values (gen_random_uuid(), '1be675b8-ecd7-435a-80be-2349ba76c518', 'frango');
insert into recipe_ingredients (id, recipe_id, ingredient_text) values (gen_random_uuid(), '1be675b8-ecd7-435a-80be-2349ba76c518', 'alface');
insert into recipe_ingredients (id, recipe_id, ingredient_text) values (gen_random_uuid(), '1be675b8-ecd7-435a-80be-2349ba76c518', 'tomate');
insert into recipe_ingredients (id, recipe_id, ingredient_text) values (gen_random_uuid(), '1be675b8-ecd7-435a-80be-2349ba76c518', 'iogurte');
insert into recipe_ingredients (id, recipe_id, ingredient_text) values (gen_random_uuid(), '1be675b8-ecd7-435a-80be-2349ba76c518', 'tilápia');
insert into recipe_ingredients (id, recipe_id, ingredient_text) values (gen_random_uuid(), '1be675b8-ecd7-435a-80be-2349ba76c518', 'cenoura');
insert into recipe_ingredients (id, recipe_id, ingredient_text) values (gen_random_uuid(), '1be675b8-ecd7-435a-80be-2349ba76c518', 'azeite');

insert into recipes (id, name, source, visibility, prep_time_min, preparation, objective, needs_review) values ('203e67d2-fc99-4b7a-9427-b5608be6d518', 'Pipoca Caseira com brócolis', 'admin', 'public', 11, 'Aqueça uma panela com pequena quantidade de azeite. Adicione o milho, tampe e deixe estourar em fogo médio. Finalize com pouco sal. Adicione brócolis durante o preparo para aumentar fibras e volume alimentar. Finalize ajustando os temperos naturais e sirva ainda quente.', 'Promover saciedade, praticidade, controle calórico moderado e aderência alimentar.', false);
insert into recipe_nutrition_profiles (id, recipe_id, calories, calories_kcal, protein_g, carbs_g, fats_g, fat_g) values (gen_random_uuid(), '203e67d2-fc99-4b7a-9427-b5608be6d518', 422, 422, 29, 33, 6, 6);
insert into recipe_ingredients (id, recipe_id, ingredient_text) values (gen_random_uuid(), '203e67d2-fc99-4b7a-9427-b5608be6d518', 'milho de pipoca');
insert into recipe_ingredients (id, recipe_id, ingredient_text) values (gen_random_uuid(), '203e67d2-fc99-4b7a-9427-b5608be6d518', 'azeite');
insert into recipe_ingredients (id, recipe_id, ingredient_text) values (gen_random_uuid(), '203e67d2-fc99-4b7a-9427-b5608be6d518', 'sal moderado');
insert into recipe_ingredients (id, recipe_id, ingredient_text) values (gen_random_uuid(), '203e67d2-fc99-4b7a-9427-b5608be6d518', 'frango');
insert into recipe_ingredients (id, recipe_id, ingredient_text) values (gen_random_uuid(), '203e67d2-fc99-4b7a-9427-b5608be6d518', 'brócolis');
insert into recipe_ingredients (id, recipe_id, ingredient_text) values (gen_random_uuid(), '203e67d2-fc99-4b7a-9427-b5608be6d518', 'azeite');

insert into recipes (id, name, source, visibility, prep_time_min, preparation, objective, needs_review) values ('e8c43a98-aefb-40c8-8e94-c1e1a461364e', 'Pipoca Caseira com espinafre', 'admin', 'public', 13, 'Aqueça uma panela com pequena quantidade de azeite. Adicione o milho, tampe e deixe estourar em fogo médio. Finalize com pouco sal. Adicione espinafre durante o preparo para aumentar fibras e volume alimentar. Finalize ajustando os temperos naturais e sirva ainda quente.', 'Promover saciedade, praticidade, controle calórico moderado e aderência alimentar.', false);
insert into recipe_nutrition_profiles (id, recipe_id, calories, calories_kcal, protein_g, carbs_g, fats_g, fat_g) values (gen_random_uuid(), 'e8c43a98-aefb-40c8-8e94-c1e1a461364e', 286, 286, 28, 36, 11, 11);
insert into recipe_ingredients (id, recipe_id, ingredient_text) values (gen_random_uuid(), 'e8c43a98-aefb-40c8-8e94-c1e1a461364e', 'milho de pipoca');
insert into recipe_ingredients (id, recipe_id, ingredient_text) values (gen_random_uuid(), 'e8c43a98-aefb-40c8-8e94-c1e1a461364e', 'azeite');
insert into recipe_ingredients (id, recipe_id, ingredient_text) values (gen_random_uuid(), 'e8c43a98-aefb-40c8-8e94-c1e1a461364e', 'sal moderado');
insert into recipe_ingredients (id, recipe_id, ingredient_text) values (gen_random_uuid(), 'e8c43a98-aefb-40c8-8e94-c1e1a461364e', 'tilápia');
insert into recipe_ingredients (id, recipe_id, ingredient_text) values (gen_random_uuid(), 'e8c43a98-aefb-40c8-8e94-c1e1a461364e', 'espinafre');
insert into recipe_ingredients (id, recipe_id, ingredient_text) values (gen_random_uuid(), 'e8c43a98-aefb-40c8-8e94-c1e1a461364e', 'azeite');

insert into recipes (id, name, source, visibility, prep_time_min, preparation, objective, needs_review) values ('4c1803e2-454a-4039-b2b9-f3d1af346c06', 'Iogurte com Frutas com tomate', 'admin', 'public', 11, 'Coloque o iogurte em um recipiente. Acrescente as frutas picadas e finalize com pequena porção de granola. Adicione tomate durante o preparo para aumentar fibras e volume alimentar. Finalize ajustando os temperos naturais e sirva ainda quente.', 'Promover saciedade, praticidade, controle calórico moderado e aderência alimentar.', false);
insert into recipe_nutrition_profiles (id, recipe_id, calories, calories_kcal, protein_g, carbs_g, fats_g, fat_g) values (gen_random_uuid(), '4c1803e2-454a-4039-b2b9-f3d1af346c06', 475, 475, 21, 42, 12, 12);
insert into recipe_ingredients (id, recipe_id, ingredient_text) values (gen_random_uuid(), '4c1803e2-454a-4039-b2b9-f3d1af346c06', 'iogurte natural');
insert into recipe_ingredients (id, recipe_id, ingredient_text) values (gen_random_uuid(), '4c1803e2-454a-4039-b2b9-f3d1af346c06', 'morango');
insert into recipe_ingredients (id, recipe_id, ingredient_text) values (gen_random_uuid(), '4c1803e2-454a-4039-b2b9-f3d1af346c06', 'banana');
insert into recipe_ingredients (id, recipe_id, ingredient_text) values (gen_random_uuid(), '4c1803e2-454a-4039-b2b9-f3d1af346c06', 'granola');
insert into recipe_ingredients (id, recipe_id, ingredient_text) values (gen_random_uuid(), '4c1803e2-454a-4039-b2b9-f3d1af346c06', 'ovo');
insert into recipe_ingredients (id, recipe_id, ingredient_text) values (gen_random_uuid(), '4c1803e2-454a-4039-b2b9-f3d1af346c06', 'tomate');
insert into recipe_ingredients (id, recipe_id, ingredient_text) values (gen_random_uuid(), '4c1803e2-454a-4039-b2b9-f3d1af346c06', 'iogurte natural');

insert into recipes (id, name, source, visibility, prep_time_min, preparation, objective, needs_review) values ('b22e7820-88c7-4e0b-9b50-b52368aac47b', 'Pipoca Caseira com brócolis', 'admin', 'public', 11, 'Aqueça uma panela com pequena quantidade de azeite. Adicione o milho, tampe e deixe estourar em fogo médio. Finalize com pouco sal. Adicione brócolis durante o preparo para aumentar fibras e volume alimentar. Finalize ajustando os temperos naturais e sirva ainda quente.', 'Promover saciedade, praticidade, controle calórico moderado e aderência alimentar.', false);
insert into recipe_nutrition_profiles (id, recipe_id, calories, calories_kcal, protein_g, carbs_g, fats_g, fat_g) values (gen_random_uuid(), 'b22e7820-88c7-4e0b-9b50-b52368aac47b', 415, 415, 27, 55, 8, 8);
insert into recipe_ingredients (id, recipe_id, ingredient_text) values (gen_random_uuid(), 'b22e7820-88c7-4e0b-9b50-b52368aac47b', 'milho de pipoca');
insert into recipe_ingredients (id, recipe_id, ingredient_text) values (gen_random_uuid(), 'b22e7820-88c7-4e0b-9b50-b52368aac47b', 'azeite');
insert into recipe_ingredients (id, recipe_id, ingredient_text) values (gen_random_uuid(), 'b22e7820-88c7-4e0b-9b50-b52368aac47b', 'sal moderado');
insert into recipe_ingredients (id, recipe_id, ingredient_text) values (gen_random_uuid(), 'b22e7820-88c7-4e0b-9b50-b52368aac47b', 'ovo');
insert into recipe_ingredients (id, recipe_id, ingredient_text) values (gen_random_uuid(), 'b22e7820-88c7-4e0b-9b50-b52368aac47b', 'brócolis');
insert into recipe_ingredients (id, recipe_id, ingredient_text) values (gen_random_uuid(), 'b22e7820-88c7-4e0b-9b50-b52368aac47b', 'queijo branco');

insert into recipes (id, name, source, visibility, prep_time_min, preparation, objective, needs_review) values ('07013429-f2a7-41eb-bc8d-47db1ed93138', 'Pipoca Caseira com brócolis', 'admin', 'public', 12, 'Aqueça uma panela com pequena quantidade de azeite. Adicione o milho, tampe e deixe estourar em fogo médio. Finalize com pouco sal. Adicione brócolis durante o preparo para aumentar fibras e volume alimentar. Finalize ajustando os temperos naturais e sirva ainda quente.', 'Promover saciedade, praticidade, controle calórico moderado e aderência alimentar.', false);
insert into recipe_nutrition_profiles (id, recipe_id, calories, calories_kcal, protein_g, carbs_g, fats_g, fat_g) values (gen_random_uuid(), '07013429-f2a7-41eb-bc8d-47db1ed93138', 211, 211, 16, 54, 11, 11);
insert into recipe_ingredients (id, recipe_id, ingredient_text) values (gen_random_uuid(), '07013429-f2a7-41eb-bc8d-47db1ed93138', 'milho de pipoca');
insert into recipe_ingredients (id, recipe_id, ingredient_text) values (gen_random_uuid(), '07013429-f2a7-41eb-bc8d-47db1ed93138', 'azeite');
insert into recipe_ingredients (id, recipe_id, ingredient_text) values (gen_random_uuid(), '07013429-f2a7-41eb-bc8d-47db1ed93138', 'sal moderado');
insert into recipe_ingredients (id, recipe_id, ingredient_text) values (gen_random_uuid(), '07013429-f2a7-41eb-bc8d-47db1ed93138', 'frango');
insert into recipe_ingredients (id, recipe_id, ingredient_text) values (gen_random_uuid(), '07013429-f2a7-41eb-bc8d-47db1ed93138', 'brócolis');
insert into recipe_ingredients (id, recipe_id, ingredient_text) values (gen_random_uuid(), '07013429-f2a7-41eb-bc8d-47db1ed93138', 'chia');

insert into recipes (id, name, source, visibility, prep_time_min, preparation, objective, needs_review) values ('ae13a610-a9f6-463e-ae00-4cba92b19c44', 'Iogurte com Frutas com cenoura', 'admin', 'public', 20, 'Coloque o iogurte em um recipiente. Acrescente as frutas picadas e finalize com pequena porção de granola. Adicione cenoura durante o preparo para aumentar fibras e volume alimentar. Finalize ajustando os temperos naturais e sirva ainda quente.', 'Promover saciedade, praticidade, controle calórico moderado e aderência alimentar.', false);
insert into recipe_nutrition_profiles (id, recipe_id, calories, calories_kcal, protein_g, carbs_g, fats_g, fat_g) values (gen_random_uuid(), 'ae13a610-a9f6-463e-ae00-4cba92b19c44', 504, 504, 16, 54, 7, 7);
insert into recipe_ingredients (id, recipe_id, ingredient_text) values (gen_random_uuid(), 'ae13a610-a9f6-463e-ae00-4cba92b19c44', 'iogurte natural');
insert into recipe_ingredients (id, recipe_id, ingredient_text) values (gen_random_uuid(), 'ae13a610-a9f6-463e-ae00-4cba92b19c44', 'morango');
insert into recipe_ingredients (id, recipe_id, ingredient_text) values (gen_random_uuid(), 'ae13a610-a9f6-463e-ae00-4cba92b19c44', 'banana');
insert into recipe_ingredients (id, recipe_id, ingredient_text) values (gen_random_uuid(), 'ae13a610-a9f6-463e-ae00-4cba92b19c44', 'granola');
insert into recipe_ingredients (id, recipe_id, ingredient_text) values (gen_random_uuid(), 'ae13a610-a9f6-463e-ae00-4cba92b19c44', 'ovo');
insert into recipe_ingredients (id, recipe_id, ingredient_text) values (gen_random_uuid(), 'ae13a610-a9f6-463e-ae00-4cba92b19c44', 'cenoura');
insert into recipe_ingredients (id, recipe_id, ingredient_text) values (gen_random_uuid(), 'ae13a610-a9f6-463e-ae00-4cba92b19c44', 'azeite');

insert into recipes (id, name, source, visibility, prep_time_min, preparation, objective, needs_review) values ('fdbbb1d8-d09e-4c19-a318-c8c5b103a938', 'Iogurte com Frutas com abobrinha', 'admin', 'public', 9, 'Coloque o iogurte em um recipiente. Acrescente as frutas picadas e finalize com pequena porção de granola. Adicione abobrinha durante o preparo para aumentar fibras e volume alimentar. Finalize ajustando os temperos naturais e sirva ainda quente.', 'Promover saciedade, praticidade, controle calórico moderado e aderência alimentar.', false);
insert into recipe_nutrition_profiles (id, recipe_id, calories, calories_kcal, protein_g, carbs_g, fats_g, fat_g) values (gen_random_uuid(), 'fdbbb1d8-d09e-4c19-a318-c8c5b103a938', 402, 402, 33, 27, 6, 6);
insert into recipe_ingredients (id, recipe_id, ingredient_text) values (gen_random_uuid(), 'fdbbb1d8-d09e-4c19-a318-c8c5b103a938', 'iogurte natural');
insert into recipe_ingredients (id, recipe_id, ingredient_text) values (gen_random_uuid(), 'fdbbb1d8-d09e-4c19-a318-c8c5b103a938', 'morango');
insert into recipe_ingredients (id, recipe_id, ingredient_text) values (gen_random_uuid(), 'fdbbb1d8-d09e-4c19-a318-c8c5b103a938', 'banana');
insert into recipe_ingredients (id, recipe_id, ingredient_text) values (gen_random_uuid(), 'fdbbb1d8-d09e-4c19-a318-c8c5b103a938', 'granola');
insert into recipe_ingredients (id, recipe_id, ingredient_text) values (gen_random_uuid(), 'fdbbb1d8-d09e-4c19-a318-c8c5b103a938', 'frango');
insert into recipe_ingredients (id, recipe_id, ingredient_text) values (gen_random_uuid(), 'fdbbb1d8-d09e-4c19-a318-c8c5b103a938', 'abobrinha');
insert into recipe_ingredients (id, recipe_id, ingredient_text) values (gen_random_uuid(), 'fdbbb1d8-d09e-4c19-a318-c8c5b103a938', 'iogurte natural');

insert into recipes (id, name, source, visibility, prep_time_min, preparation, objective, needs_review) values ('9ab8cfcd-a9c8-4d70-99ed-50ffc38869e7', 'Pipoca Caseira com tomate', 'admin', 'public', 22, 'Aqueça uma panela com pequena quantidade de azeite. Adicione o milho, tampe e deixe estourar em fogo médio. Finalize com pouco sal. Adicione tomate durante o preparo para aumentar fibras e volume alimentar. Finalize ajustando os temperos naturais e sirva ainda quente.', 'Promover saciedade, praticidade, controle calórico moderado e aderência alimentar.', false);
insert into recipe_nutrition_profiles (id, recipe_id, calories, calories_kcal, protein_g, carbs_g, fats_g, fat_g) values (gen_random_uuid(), '9ab8cfcd-a9c8-4d70-99ed-50ffc38869e7', 403, 403, 26, 35, 13, 13);
insert into recipe_ingredients (id, recipe_id, ingredient_text) values (gen_random_uuid(), '9ab8cfcd-a9c8-4d70-99ed-50ffc38869e7', 'milho de pipoca');
insert into recipe_ingredients (id, recipe_id, ingredient_text) values (gen_random_uuid(), '9ab8cfcd-a9c8-4d70-99ed-50ffc38869e7', 'azeite');
insert into recipe_ingredients (id, recipe_id, ingredient_text) values (gen_random_uuid(), '9ab8cfcd-a9c8-4d70-99ed-50ffc38869e7', 'sal moderado');
insert into recipe_ingredients (id, recipe_id, ingredient_text) values (gen_random_uuid(), '9ab8cfcd-a9c8-4d70-99ed-50ffc38869e7', 'atum');
insert into recipe_ingredients (id, recipe_id, ingredient_text) values (gen_random_uuid(), '9ab8cfcd-a9c8-4d70-99ed-50ffc38869e7', 'tomate');
insert into recipe_ingredients (id, recipe_id, ingredient_text) values (gen_random_uuid(), '9ab8cfcd-a9c8-4d70-99ed-50ffc38869e7', 'chia');

insert into recipes (id, name, source, visibility, prep_time_min, preparation, objective, needs_review) values ('67391b57-54d4-46a4-90cf-65fcc16c65b3', 'Pipoca Caseira com abobrinha', 'admin', 'public', 20, 'Aqueça uma panela com pequena quantidade de azeite. Adicione o milho, tampe e deixe estourar em fogo médio. Finalize com pouco sal. Adicione abobrinha durante o preparo para aumentar fibras e volume alimentar. Finalize ajustando os temperos naturais e sirva ainda quente.', 'Promover saciedade, praticidade, controle calórico moderado e aderência alimentar.', false);
insert into recipe_nutrition_profiles (id, recipe_id, calories, calories_kcal, protein_g, carbs_g, fats_g, fat_g) values (gen_random_uuid(), '67391b57-54d4-46a4-90cf-65fcc16c65b3', 310, 310, 35, 18, 11, 11);
insert into recipe_ingredients (id, recipe_id, ingredient_text) values (gen_random_uuid(), '67391b57-54d4-46a4-90cf-65fcc16c65b3', 'milho de pipoca');
insert into recipe_ingredients (id, recipe_id, ingredient_text) values (gen_random_uuid(), '67391b57-54d4-46a4-90cf-65fcc16c65b3', 'azeite');
insert into recipe_ingredients (id, recipe_id, ingredient_text) values (gen_random_uuid(), '67391b57-54d4-46a4-90cf-65fcc16c65b3', 'sal moderado');
insert into recipe_ingredients (id, recipe_id, ingredient_text) values (gen_random_uuid(), '67391b57-54d4-46a4-90cf-65fcc16c65b3', 'carne magra');
insert into recipe_ingredients (id, recipe_id, ingredient_text) values (gen_random_uuid(), '67391b57-54d4-46a4-90cf-65fcc16c65b3', 'abobrinha');
insert into recipe_ingredients (id, recipe_id, ingredient_text) values (gen_random_uuid(), '67391b57-54d4-46a4-90cf-65fcc16c65b3', 'azeite');

insert into recipes (id, name, source, visibility, prep_time_min, preparation, objective, needs_review) values ('3715b203-71ee-465e-9cc4-7c277bceeec7', 'Iogurte com Frutas com tomate', 'admin', 'public', 18, 'Coloque o iogurte em um recipiente. Acrescente as frutas picadas e finalize com pequena porção de granola. Adicione tomate durante o preparo para aumentar fibras e volume alimentar. Finalize ajustando os temperos naturais e sirva ainda quente.', 'Promover saciedade, praticidade, controle calórico moderado e aderência alimentar.', false);
insert into recipe_nutrition_profiles (id, recipe_id, calories, calories_kcal, protein_g, carbs_g, fats_g, fat_g) values (gen_random_uuid(), '3715b203-71ee-465e-9cc4-7c277bceeec7', 546, 546, 21, 39, 6, 6);
insert into recipe_ingredients (id, recipe_id, ingredient_text) values (gen_random_uuid(), '3715b203-71ee-465e-9cc4-7c277bceeec7', 'iogurte natural');
insert into recipe_ingredients (id, recipe_id, ingredient_text) values (gen_random_uuid(), '3715b203-71ee-465e-9cc4-7c277bceeec7', 'morango');
insert into recipe_ingredients (id, recipe_id, ingredient_text) values (gen_random_uuid(), '3715b203-71ee-465e-9cc4-7c277bceeec7', 'banana');
insert into recipe_ingredients (id, recipe_id, ingredient_text) values (gen_random_uuid(), '3715b203-71ee-465e-9cc4-7c277bceeec7', 'granola');
insert into recipe_ingredients (id, recipe_id, ingredient_text) values (gen_random_uuid(), '3715b203-71ee-465e-9cc4-7c277bceeec7', 'atum');
insert into recipe_ingredients (id, recipe_id, ingredient_text) values (gen_random_uuid(), '3715b203-71ee-465e-9cc4-7c277bceeec7', 'tomate');
insert into recipe_ingredients (id, recipe_id, ingredient_text) values (gen_random_uuid(), '3715b203-71ee-465e-9cc4-7c277bceeec7', 'chia');

insert into recipes (id, name, source, visibility, prep_time_min, preparation, objective, needs_review) values ('7c77c94c-b0a2-4432-8509-a958309db9d8', 'Iogurte com Frutas com cenoura', 'admin', 'public', 19, 'Coloque o iogurte em um recipiente. Acrescente as frutas picadas e finalize com pequena porção de granola. Adicione cenoura durante o preparo para aumentar fibras e volume alimentar. Finalize ajustando os temperos naturais e sirva ainda quente.', 'Promover saciedade, praticidade, controle calórico moderado e aderência alimentar.', false);
insert into recipe_nutrition_profiles (id, recipe_id, calories, calories_kcal, protein_g, carbs_g, fats_g, fat_g) values (gen_random_uuid(), '7c77c94c-b0a2-4432-8509-a958309db9d8', 309, 309, 14, 36, 10, 10);
insert into recipe_ingredients (id, recipe_id, ingredient_text) values (gen_random_uuid(), '7c77c94c-b0a2-4432-8509-a958309db9d8', 'iogurte natural');
insert into recipe_ingredients (id, recipe_id, ingredient_text) values (gen_random_uuid(), '7c77c94c-b0a2-4432-8509-a958309db9d8', 'morango');
insert into recipe_ingredients (id, recipe_id, ingredient_text) values (gen_random_uuid(), '7c77c94c-b0a2-4432-8509-a958309db9d8', 'banana');
insert into recipe_ingredients (id, recipe_id, ingredient_text) values (gen_random_uuid(), '7c77c94c-b0a2-4432-8509-a958309db9d8', 'granola');
insert into recipe_ingredients (id, recipe_id, ingredient_text) values (gen_random_uuid(), '7c77c94c-b0a2-4432-8509-a958309db9d8', 'ovo');
insert into recipe_ingredients (id, recipe_id, ingredient_text) values (gen_random_uuid(), '7c77c94c-b0a2-4432-8509-a958309db9d8', 'cenoura');
insert into recipe_ingredients (id, recipe_id, ingredient_text) values (gen_random_uuid(), '7c77c94c-b0a2-4432-8509-a958309db9d8', 'aveia');

insert into recipes (id, name, source, visibility, prep_time_min, preparation, objective, needs_review) values ('18edad5a-879a-43ee-93ba-eaddd91f0899', 'Pipoca Caseira com tomate', 'admin', 'public', 9, 'Aqueça uma panela com pequena quantidade de azeite. Adicione o milho, tampe e deixe estourar em fogo médio. Finalize com pouco sal. Adicione tomate durante o preparo para aumentar fibras e volume alimentar. Finalize ajustando os temperos naturais e sirva ainda quente.', 'Promover saciedade, praticidade, controle calórico moderado e aderência alimentar.', false);
insert into recipe_nutrition_profiles (id, recipe_id, calories, calories_kcal, protein_g, carbs_g, fats_g, fat_g) values (gen_random_uuid(), '18edad5a-879a-43ee-93ba-eaddd91f0899', 320, 320, 25, 25, 14, 14);
insert into recipe_ingredients (id, recipe_id, ingredient_text) values (gen_random_uuid(), '18edad5a-879a-43ee-93ba-eaddd91f0899', 'milho de pipoca');
insert into recipe_ingredients (id, recipe_id, ingredient_text) values (gen_random_uuid(), '18edad5a-879a-43ee-93ba-eaddd91f0899', 'azeite');
insert into recipe_ingredients (id, recipe_id, ingredient_text) values (gen_random_uuid(), '18edad5a-879a-43ee-93ba-eaddd91f0899', 'sal moderado');
insert into recipe_ingredients (id, recipe_id, ingredient_text) values (gen_random_uuid(), '18edad5a-879a-43ee-93ba-eaddd91f0899', 'carne magra');
insert into recipe_ingredients (id, recipe_id, ingredient_text) values (gen_random_uuid(), '18edad5a-879a-43ee-93ba-eaddd91f0899', 'tomate');
insert into recipe_ingredients (id, recipe_id, ingredient_text) values (gen_random_uuid(), '18edad5a-879a-43ee-93ba-eaddd91f0899', 'azeite');

insert into recipes (id, name, source, visibility, prep_time_min, preparation, objective, needs_review) values ('e68212e5-8b26-4dba-a5cc-0ddb260bb15e', 'Iogurte com Frutas com brócolis', 'admin', 'public', 8, 'Coloque o iogurte em um recipiente. Acrescente as frutas picadas e finalize com pequena porção de granola. Adicione brócolis durante o preparo para aumentar fibras e volume alimentar. Finalize ajustando os temperos naturais e sirva ainda quente.', 'Promover saciedade, praticidade, controle calórico moderado e aderência alimentar.', false);
insert into recipe_nutrition_profiles (id, recipe_id, calories, calories_kcal, protein_g, carbs_g, fats_g, fat_g) values (gen_random_uuid(), 'e68212e5-8b26-4dba-a5cc-0ddb260bb15e', 345, 345, 26, 19, 5, 5);
insert into recipe_ingredients (id, recipe_id, ingredient_text) values (gen_random_uuid(), 'e68212e5-8b26-4dba-a5cc-0ddb260bb15e', 'iogurte natural');
insert into recipe_ingredients (id, recipe_id, ingredient_text) values (gen_random_uuid(), 'e68212e5-8b26-4dba-a5cc-0ddb260bb15e', 'morango');
insert into recipe_ingredients (id, recipe_id, ingredient_text) values (gen_random_uuid(), 'e68212e5-8b26-4dba-a5cc-0ddb260bb15e', 'banana');
insert into recipe_ingredients (id, recipe_id, ingredient_text) values (gen_random_uuid(), 'e68212e5-8b26-4dba-a5cc-0ddb260bb15e', 'granola');
insert into recipe_ingredients (id, recipe_id, ingredient_text) values (gen_random_uuid(), 'e68212e5-8b26-4dba-a5cc-0ddb260bb15e', 'carne magra');
insert into recipe_ingredients (id, recipe_id, ingredient_text) values (gen_random_uuid(), 'e68212e5-8b26-4dba-a5cc-0ddb260bb15e', 'brócolis');
insert into recipe_ingredients (id, recipe_id, ingredient_text) values (gen_random_uuid(), 'e68212e5-8b26-4dba-a5cc-0ddb260bb15e', 'chia');

insert into recipes (id, name, source, visibility, prep_time_min, preparation, objective, needs_review) values ('24190c54-ef2c-457a-9088-527f773ab407', 'Iogurte com Frutas com tomate', 'admin', 'public', 23, 'Coloque o iogurte em um recipiente. Acrescente as frutas picadas e finalize com pequena porção de granola. Adicione tomate durante o preparo para aumentar fibras e volume alimentar. Finalize ajustando os temperos naturais e sirva ainda quente.', 'Promover saciedade, praticidade, controle calórico moderado e aderência alimentar.', false);
insert into recipe_nutrition_profiles (id, recipe_id, calories, calories_kcal, protein_g, carbs_g, fats_g, fat_g) values (gen_random_uuid(), '24190c54-ef2c-457a-9088-527f773ab407', 491, 491, 35, 28, 5, 5);
insert into recipe_ingredients (id, recipe_id, ingredient_text) values (gen_random_uuid(), '24190c54-ef2c-457a-9088-527f773ab407', 'iogurte natural');
insert into recipe_ingredients (id, recipe_id, ingredient_text) values (gen_random_uuid(), '24190c54-ef2c-457a-9088-527f773ab407', 'morango');
insert into recipe_ingredients (id, recipe_id, ingredient_text) values (gen_random_uuid(), '24190c54-ef2c-457a-9088-527f773ab407', 'banana');
insert into recipe_ingredients (id, recipe_id, ingredient_text) values (gen_random_uuid(), '24190c54-ef2c-457a-9088-527f773ab407', 'granola');
insert into recipe_ingredients (id, recipe_id, ingredient_text) values (gen_random_uuid(), '24190c54-ef2c-457a-9088-527f773ab407', 'tilápia');
insert into recipe_ingredients (id, recipe_id, ingredient_text) values (gen_random_uuid(), '24190c54-ef2c-457a-9088-527f773ab407', 'tomate');
insert into recipe_ingredients (id, recipe_id, ingredient_text) values (gen_random_uuid(), '24190c54-ef2c-457a-9088-527f773ab407', 'iogurte natural');

insert into recipes (id, name, source, visibility, prep_time_min, preparation, objective, needs_review) values ('2b60f795-5a43-43d1-9286-1e272a8d2bdd', 'Iogurte com Frutas com espinafre', 'admin', 'public', 5, 'Coloque o iogurte em um recipiente. Acrescente as frutas picadas e finalize com pequena porção de granola. Adicione espinafre durante o preparo para aumentar fibras e volume alimentar. Finalize ajustando os temperos naturais e sirva ainda quente.', 'Promover saciedade, praticidade, controle calórico moderado e aderência alimentar.', false);
insert into recipe_nutrition_profiles (id, recipe_id, calories, calories_kcal, protein_g, carbs_g, fats_g, fat_g) values (gen_random_uuid(), '2b60f795-5a43-43d1-9286-1e272a8d2bdd', 316, 316, 17, 33, 7, 7);
insert into recipe_ingredients (id, recipe_id, ingredient_text) values (gen_random_uuid(), '2b60f795-5a43-43d1-9286-1e272a8d2bdd', 'iogurte natural');
insert into recipe_ingredients (id, recipe_id, ingredient_text) values (gen_random_uuid(), '2b60f795-5a43-43d1-9286-1e272a8d2bdd', 'morango');
insert into recipe_ingredients (id, recipe_id, ingredient_text) values (gen_random_uuid(), '2b60f795-5a43-43d1-9286-1e272a8d2bdd', 'banana');
insert into recipe_ingredients (id, recipe_id, ingredient_text) values (gen_random_uuid(), '2b60f795-5a43-43d1-9286-1e272a8d2bdd', 'granola');
insert into recipe_ingredients (id, recipe_id, ingredient_text) values (gen_random_uuid(), '2b60f795-5a43-43d1-9286-1e272a8d2bdd', 'ovo');
insert into recipe_ingredients (id, recipe_id, ingredient_text) values (gen_random_uuid(), '2b60f795-5a43-43d1-9286-1e272a8d2bdd', 'espinafre');
insert into recipe_ingredients (id, recipe_id, ingredient_text) values (gen_random_uuid(), '2b60f795-5a43-43d1-9286-1e272a8d2bdd', 'azeite');

insert into recipes (id, name, source, visibility, prep_time_min, preparation, objective, needs_review) values ('c5fdb82d-30ea-45ce-990e-01ae1c3bb475', 'Pipoca Caseira com cenoura', 'admin', 'public', 10, 'Aqueça uma panela com pequena quantidade de azeite. Adicione o milho, tampe e deixe estourar em fogo médio. Finalize com pouco sal. Adicione cenoura durante o preparo para aumentar fibras e volume alimentar. Finalize ajustando os temperos naturais e sirva ainda quente.', 'Promover saciedade, praticidade, controle calórico moderado e aderência alimentar.', false);
insert into recipe_nutrition_profiles (id, recipe_id, calories, calories_kcal, protein_g, carbs_g, fats_g, fat_g) values (gen_random_uuid(), 'c5fdb82d-30ea-45ce-990e-01ae1c3bb475', 432, 432, 21, 51, 14, 14);
insert into recipe_ingredients (id, recipe_id, ingredient_text) values (gen_random_uuid(), 'c5fdb82d-30ea-45ce-990e-01ae1c3bb475', 'milho de pipoca');
insert into recipe_ingredients (id, recipe_id, ingredient_text) values (gen_random_uuid(), 'c5fdb82d-30ea-45ce-990e-01ae1c3bb475', 'azeite');
insert into recipe_ingredients (id, recipe_id, ingredient_text) values (gen_random_uuid(), 'c5fdb82d-30ea-45ce-990e-01ae1c3bb475', 'sal moderado');
insert into recipe_ingredients (id, recipe_id, ingredient_text) values (gen_random_uuid(), 'c5fdb82d-30ea-45ce-990e-01ae1c3bb475', 'atum');
insert into recipe_ingredients (id, recipe_id, ingredient_text) values (gen_random_uuid(), 'c5fdb82d-30ea-45ce-990e-01ae1c3bb475', 'cenoura');
insert into recipe_ingredients (id, recipe_id, ingredient_text) values (gen_random_uuid(), 'c5fdb82d-30ea-45ce-990e-01ae1c3bb475', 'chia');

insert into recipes (id, name, source, visibility, prep_time_min, preparation, objective, needs_review) values ('7cc3d535-e6b1-4fb6-ace0-2e3aab96d454', 'Pipoca Caseira com cenoura', 'admin', 'public', 35, 'Aqueça uma panela com pequena quantidade de azeite. Adicione o milho, tampe e deixe estourar em fogo médio. Finalize com pouco sal. Adicione cenoura durante o preparo para aumentar fibras e volume alimentar. Finalize ajustando os temperos naturais e sirva ainda quente.', 'Promover saciedade, praticidade, controle calórico moderado e aderência alimentar.', false);
insert into recipe_nutrition_profiles (id, recipe_id, calories, calories_kcal, protein_g, carbs_g, fats_g, fat_g) values (gen_random_uuid(), '7cc3d535-e6b1-4fb6-ace0-2e3aab96d454', 266, 266, 27, 31, 7, 7);
insert into recipe_ingredients (id, recipe_id, ingredient_text) values (gen_random_uuid(), '7cc3d535-e6b1-4fb6-ace0-2e3aab96d454', 'milho de pipoca');
insert into recipe_ingredients (id, recipe_id, ingredient_text) values (gen_random_uuid(), '7cc3d535-e6b1-4fb6-ace0-2e3aab96d454', 'azeite');
insert into recipe_ingredients (id, recipe_id, ingredient_text) values (gen_random_uuid(), '7cc3d535-e6b1-4fb6-ace0-2e3aab96d454', 'sal moderado');
insert into recipe_ingredients (id, recipe_id, ingredient_text) values (gen_random_uuid(), '7cc3d535-e6b1-4fb6-ace0-2e3aab96d454', 'ovo');
insert into recipe_ingredients (id, recipe_id, ingredient_text) values (gen_random_uuid(), '7cc3d535-e6b1-4fb6-ace0-2e3aab96d454', 'cenoura');
insert into recipe_ingredients (id, recipe_id, ingredient_text) values (gen_random_uuid(), '7cc3d535-e6b1-4fb6-ace0-2e3aab96d454', 'queijo branco');

insert into recipes (id, name, source, visibility, prep_time_min, preparation, objective, needs_review) values ('7bd7f012-d966-4505-8362-7eece220805b', 'Pipoca Caseira com brócolis', 'admin', 'public', 15, 'Aqueça uma panela com pequena quantidade de azeite. Adicione o milho, tampe e deixe estourar em fogo médio. Finalize com pouco sal. Adicione brócolis durante o preparo para aumentar fibras e volume alimentar. Finalize ajustando os temperos naturais e sirva ainda quente.', 'Promover saciedade, praticidade, controle calórico moderado e aderência alimentar.', false);
insert into recipe_nutrition_profiles (id, recipe_id, calories, calories_kcal, protein_g, carbs_g, fats_g, fat_g) values (gen_random_uuid(), '7bd7f012-d966-4505-8362-7eece220805b', 347, 347, 18, 43, 18, 18);
insert into recipe_ingredients (id, recipe_id, ingredient_text) values (gen_random_uuid(), '7bd7f012-d966-4505-8362-7eece220805b', 'milho de pipoca');
insert into recipe_ingredients (id, recipe_id, ingredient_text) values (gen_random_uuid(), '7bd7f012-d966-4505-8362-7eece220805b', 'azeite');
insert into recipe_ingredients (id, recipe_id, ingredient_text) values (gen_random_uuid(), '7bd7f012-d966-4505-8362-7eece220805b', 'sal moderado');
insert into recipe_ingredients (id, recipe_id, ingredient_text) values (gen_random_uuid(), '7bd7f012-d966-4505-8362-7eece220805b', 'carne magra');
insert into recipe_ingredients (id, recipe_id, ingredient_text) values (gen_random_uuid(), '7bd7f012-d966-4505-8362-7eece220805b', 'brócolis');
insert into recipe_ingredients (id, recipe_id, ingredient_text) values (gen_random_uuid(), '7bd7f012-d966-4505-8362-7eece220805b', 'chia');

insert into recipes (id, name, source, visibility, prep_time_min, preparation, objective, needs_review) values ('efdf9196-97fb-43ea-ab48-1a280619d439', 'Pipoca Caseira com tomate', 'admin', 'public', 20, 'Aqueça uma panela com pequena quantidade de azeite. Adicione o milho, tampe e deixe estourar em fogo médio. Finalize com pouco sal. Adicione tomate durante o preparo para aumentar fibras e volume alimentar. Finalize ajustando os temperos naturais e sirva ainda quente.', 'Promover saciedade, praticidade, controle calórico moderado e aderência alimentar.', false);
insert into recipe_nutrition_profiles (id, recipe_id, calories, calories_kcal, protein_g, carbs_g, fats_g, fat_g) values (gen_random_uuid(), 'efdf9196-97fb-43ea-ab48-1a280619d439', 526, 526, 15, 27, 12, 12);
insert into recipe_ingredients (id, recipe_id, ingredient_text) values (gen_random_uuid(), 'efdf9196-97fb-43ea-ab48-1a280619d439', 'milho de pipoca');
insert into recipe_ingredients (id, recipe_id, ingredient_text) values (gen_random_uuid(), 'efdf9196-97fb-43ea-ab48-1a280619d439', 'azeite');
insert into recipe_ingredients (id, recipe_id, ingredient_text) values (gen_random_uuid(), 'efdf9196-97fb-43ea-ab48-1a280619d439', 'sal moderado');
insert into recipe_ingredients (id, recipe_id, ingredient_text) values (gen_random_uuid(), 'efdf9196-97fb-43ea-ab48-1a280619d439', 'carne magra');
insert into recipe_ingredients (id, recipe_id, ingredient_text) values (gen_random_uuid(), 'efdf9196-97fb-43ea-ab48-1a280619d439', 'tomate');
insert into recipe_ingredients (id, recipe_id, ingredient_text) values (gen_random_uuid(), 'efdf9196-97fb-43ea-ab48-1a280619d439', 'azeite');

insert into recipes (id, name, source, visibility, prep_time_min, preparation, objective, needs_review) values ('8ab02126-17b1-47c9-9b29-e21ae1adf449', 'Iogurte com Frutas com espinafre', 'admin', 'public', 7, 'Coloque o iogurte em um recipiente. Acrescente as frutas picadas e finalize com pequena porção de granola. Adicione espinafre durante o preparo para aumentar fibras e volume alimentar. Finalize ajustando os temperos naturais e sirva ainda quente.', 'Promover saciedade, praticidade, controle calórico moderado e aderência alimentar.', false);
insert into recipe_nutrition_profiles (id, recipe_id, calories, calories_kcal, protein_g, carbs_g, fats_g, fat_g) values (gen_random_uuid(), '8ab02126-17b1-47c9-9b29-e21ae1adf449', 326, 326, 19, 30, 17, 17);
insert into recipe_ingredients (id, recipe_id, ingredient_text) values (gen_random_uuid(), '8ab02126-17b1-47c9-9b29-e21ae1adf449', 'iogurte natural');
insert into recipe_ingredients (id, recipe_id, ingredient_text) values (gen_random_uuid(), '8ab02126-17b1-47c9-9b29-e21ae1adf449', 'morango');
insert into recipe_ingredients (id, recipe_id, ingredient_text) values (gen_random_uuid(), '8ab02126-17b1-47c9-9b29-e21ae1adf449', 'banana');
insert into recipe_ingredients (id, recipe_id, ingredient_text) values (gen_random_uuid(), '8ab02126-17b1-47c9-9b29-e21ae1adf449', 'granola');
insert into recipe_ingredients (id, recipe_id, ingredient_text) values (gen_random_uuid(), '8ab02126-17b1-47c9-9b29-e21ae1adf449', 'tilápia');
insert into recipe_ingredients (id, recipe_id, ingredient_text) values (gen_random_uuid(), '8ab02126-17b1-47c9-9b29-e21ae1adf449', 'espinafre');
insert into recipe_ingredients (id, recipe_id, ingredient_text) values (gen_random_uuid(), '8ab02126-17b1-47c9-9b29-e21ae1adf449', 'aveia');

insert into recipes (id, name, source, visibility, prep_time_min, preparation, objective, needs_review) values ('00241a4b-ba3b-4e14-889b-fa47f0538e44', 'Iogurte com Frutas com tomate', 'admin', 'public', 18, 'Coloque o iogurte em um recipiente. Acrescente as frutas picadas e finalize com pequena porção de granola. Adicione tomate durante o preparo para aumentar fibras e volume alimentar. Finalize ajustando os temperos naturais e sirva ainda quente.', 'Promover saciedade, praticidade, controle calórico moderado e aderência alimentar.', false);
insert into recipe_nutrition_profiles (id, recipe_id, calories, calories_kcal, protein_g, carbs_g, fats_g, fat_g) values (gen_random_uuid(), '00241a4b-ba3b-4e14-889b-fa47f0538e44', 390, 390, 33, 30, 15, 15);
insert into recipe_ingredients (id, recipe_id, ingredient_text) values (gen_random_uuid(), '00241a4b-ba3b-4e14-889b-fa47f0538e44', 'iogurte natural');
insert into recipe_ingredients (id, recipe_id, ingredient_text) values (gen_random_uuid(), '00241a4b-ba3b-4e14-889b-fa47f0538e44', 'morango');
insert into recipe_ingredients (id, recipe_id, ingredient_text) values (gen_random_uuid(), '00241a4b-ba3b-4e14-889b-fa47f0538e44', 'banana');
insert into recipe_ingredients (id, recipe_id, ingredient_text) values (gen_random_uuid(), '00241a4b-ba3b-4e14-889b-fa47f0538e44', 'granola');
insert into recipe_ingredients (id, recipe_id, ingredient_text) values (gen_random_uuid(), '00241a4b-ba3b-4e14-889b-fa47f0538e44', 'ovo');
insert into recipe_ingredients (id, recipe_id, ingredient_text) values (gen_random_uuid(), '00241a4b-ba3b-4e14-889b-fa47f0538e44', 'tomate');
insert into recipe_ingredients (id, recipe_id, ingredient_text) values (gen_random_uuid(), '00241a4b-ba3b-4e14-889b-fa47f0538e44', 'chia');

insert into recipes (id, name, source, visibility, prep_time_min, preparation, objective, needs_review) values ('554c36a4-9e9c-4644-b37b-9ff3916b1150', 'Iogurte com Frutas com brócolis', 'admin', 'public', 15, 'Coloque o iogurte em um recipiente. Acrescente as frutas picadas e finalize com pequena porção de granola. Adicione brócolis durante o preparo para aumentar fibras e volume alimentar. Finalize ajustando os temperos naturais e sirva ainda quente.', 'Promover saciedade, praticidade, controle calórico moderado e aderência alimentar.', false);
insert into recipe_nutrition_profiles (id, recipe_id, calories, calories_kcal, protein_g, carbs_g, fats_g, fat_g) values (gen_random_uuid(), '554c36a4-9e9c-4644-b37b-9ff3916b1150', 314, 314, 29, 36, 16, 16);
insert into recipe_ingredients (id, recipe_id, ingredient_text) values (gen_random_uuid(), '554c36a4-9e9c-4644-b37b-9ff3916b1150', 'iogurte natural');
insert into recipe_ingredients (id, recipe_id, ingredient_text) values (gen_random_uuid(), '554c36a4-9e9c-4644-b37b-9ff3916b1150', 'morango');
insert into recipe_ingredients (id, recipe_id, ingredient_text) values (gen_random_uuid(), '554c36a4-9e9c-4644-b37b-9ff3916b1150', 'banana');
insert into recipe_ingredients (id, recipe_id, ingredient_text) values (gen_random_uuid(), '554c36a4-9e9c-4644-b37b-9ff3916b1150', 'granola');
insert into recipe_ingredients (id, recipe_id, ingredient_text) values (gen_random_uuid(), '554c36a4-9e9c-4644-b37b-9ff3916b1150', 'ovo');
insert into recipe_ingredients (id, recipe_id, ingredient_text) values (gen_random_uuid(), '554c36a4-9e9c-4644-b37b-9ff3916b1150', 'brócolis');
insert into recipe_ingredients (id, recipe_id, ingredient_text) values (gen_random_uuid(), '554c36a4-9e9c-4644-b37b-9ff3916b1150', 'iogurte natural');

insert into recipes (id, name, source, visibility, prep_time_min, preparation, objective, needs_review) values ('8920d937-b547-4c9a-926c-cc8e1120b6c2', 'Pipoca Caseira com cenoura', 'admin', 'public', 19, 'Aqueça uma panela com pequena quantidade de azeite. Adicione o milho, tampe e deixe estourar em fogo médio. Finalize com pouco sal. Adicione cenoura durante o preparo para aumentar fibras e volume alimentar. Finalize ajustando os temperos naturais e sirva ainda quente.', 'Promover saciedade, praticidade, controle calórico moderado e aderência alimentar.', false);
insert into recipe_nutrition_profiles (id, recipe_id, calories, calories_kcal, protein_g, carbs_g, fats_g, fat_g) values (gen_random_uuid(), '8920d937-b547-4c9a-926c-cc8e1120b6c2', 234, 234, 12, 44, 15, 15);
insert into recipe_ingredients (id, recipe_id, ingredient_text) values (gen_random_uuid(), '8920d937-b547-4c9a-926c-cc8e1120b6c2', 'milho de pipoca');
insert into recipe_ingredients (id, recipe_id, ingredient_text) values (gen_random_uuid(), '8920d937-b547-4c9a-926c-cc8e1120b6c2', 'azeite');
insert into recipe_ingredients (id, recipe_id, ingredient_text) values (gen_random_uuid(), '8920d937-b547-4c9a-926c-cc8e1120b6c2', 'sal moderado');
insert into recipe_ingredients (id, recipe_id, ingredient_text) values (gen_random_uuid(), '8920d937-b547-4c9a-926c-cc8e1120b6c2', 'carne magra');
insert into recipe_ingredients (id, recipe_id, ingredient_text) values (gen_random_uuid(), '8920d937-b547-4c9a-926c-cc8e1120b6c2', 'cenoura');
insert into recipe_ingredients (id, recipe_id, ingredient_text) values (gen_random_uuid(), '8920d937-b547-4c9a-926c-cc8e1120b6c2', 'azeite');

insert into recipes (id, name, source, visibility, prep_time_min, preparation, objective, needs_review) values ('ea4ec395-92d7-4025-b846-563152defa67', 'Iogurte com Frutas com tomate', 'admin', 'public', 7, 'Coloque o iogurte em um recipiente. Acrescente as frutas picadas e finalize com pequena porção de granola. Adicione tomate durante o preparo para aumentar fibras e volume alimentar. Finalize ajustando os temperos naturais e sirva ainda quente.', 'Promover saciedade, praticidade, controle calórico moderado e aderência alimentar.', false);
insert into recipe_nutrition_profiles (id, recipe_id, calories, calories_kcal, protein_g, carbs_g, fats_g, fat_g) values (gen_random_uuid(), 'ea4ec395-92d7-4025-b846-563152defa67', 234, 234, 29, 48, 9, 9);
insert into recipe_ingredients (id, recipe_id, ingredient_text) values (gen_random_uuid(), 'ea4ec395-92d7-4025-b846-563152defa67', 'iogurte natural');
insert into recipe_ingredients (id, recipe_id, ingredient_text) values (gen_random_uuid(), 'ea4ec395-92d7-4025-b846-563152defa67', 'morango');
insert into recipe_ingredients (id, recipe_id, ingredient_text) values (gen_random_uuid(), 'ea4ec395-92d7-4025-b846-563152defa67', 'banana');
insert into recipe_ingredients (id, recipe_id, ingredient_text) values (gen_random_uuid(), 'ea4ec395-92d7-4025-b846-563152defa67', 'granola');
insert into recipe_ingredients (id, recipe_id, ingredient_text) values (gen_random_uuid(), 'ea4ec395-92d7-4025-b846-563152defa67', 'atum');
insert into recipe_ingredients (id, recipe_id, ingredient_text) values (gen_random_uuid(), 'ea4ec395-92d7-4025-b846-563152defa67', 'tomate');
insert into recipe_ingredients (id, recipe_id, ingredient_text) values (gen_random_uuid(), 'ea4ec395-92d7-4025-b846-563152defa67', 'azeite');

insert into recipes (id, name, source, visibility, prep_time_min, preparation, objective, needs_review) values ('96d82a65-9e98-4c10-a928-5bef5a5fcd35', 'Pipoca Caseira com tomate', 'admin', 'public', 22, 'Aqueça uma panela com pequena quantidade de azeite. Adicione o milho, tampe e deixe estourar em fogo médio. Finalize com pouco sal. Adicione tomate durante o preparo para aumentar fibras e volume alimentar. Finalize ajustando os temperos naturais e sirva ainda quente.', 'Promover saciedade, praticidade, controle calórico moderado e aderência alimentar.', false);
insert into recipe_nutrition_profiles (id, recipe_id, calories, calories_kcal, protein_g, carbs_g, fats_g, fat_g) values (gen_random_uuid(), '96d82a65-9e98-4c10-a928-5bef5a5fcd35', 518, 518, 25, 39, 10, 10);
insert into recipe_ingredients (id, recipe_id, ingredient_text) values (gen_random_uuid(), '96d82a65-9e98-4c10-a928-5bef5a5fcd35', 'milho de pipoca');
insert into recipe_ingredients (id, recipe_id, ingredient_text) values (gen_random_uuid(), '96d82a65-9e98-4c10-a928-5bef5a5fcd35', 'azeite');
insert into recipe_ingredients (id, recipe_id, ingredient_text) values (gen_random_uuid(), '96d82a65-9e98-4c10-a928-5bef5a5fcd35', 'sal moderado');
insert into recipe_ingredients (id, recipe_id, ingredient_text) values (gen_random_uuid(), '96d82a65-9e98-4c10-a928-5bef5a5fcd35', 'ovo');
insert into recipe_ingredients (id, recipe_id, ingredient_text) values (gen_random_uuid(), '96d82a65-9e98-4c10-a928-5bef5a5fcd35', 'tomate');
insert into recipe_ingredients (id, recipe_id, ingredient_text) values (gen_random_uuid(), '96d82a65-9e98-4c10-a928-5bef5a5fcd35', 'chia');

insert into recipes (id, name, source, visibility, prep_time_min, preparation, objective, needs_review) values ('f0fa1ec3-0d63-42d4-b7bb-29517e8ae7b7', 'Iogurte com Frutas com abobrinha', 'admin', 'public', 22, 'Coloque o iogurte em um recipiente. Acrescente as frutas picadas e finalize com pequena porção de granola. Adicione abobrinha durante o preparo para aumentar fibras e volume alimentar. Finalize ajustando os temperos naturais e sirva ainda quente.', 'Promover saciedade, praticidade, controle calórico moderado e aderência alimentar.', false);
insert into recipe_nutrition_profiles (id, recipe_id, calories, calories_kcal, protein_g, carbs_g, fats_g, fat_g) values (gen_random_uuid(), 'f0fa1ec3-0d63-42d4-b7bb-29517e8ae7b7', 319, 319, 34, 26, 11, 11);
insert into recipe_ingredients (id, recipe_id, ingredient_text) values (gen_random_uuid(), 'f0fa1ec3-0d63-42d4-b7bb-29517e8ae7b7', 'iogurte natural');
insert into recipe_ingredients (id, recipe_id, ingredient_text) values (gen_random_uuid(), 'f0fa1ec3-0d63-42d4-b7bb-29517e8ae7b7', 'morango');
insert into recipe_ingredients (id, recipe_id, ingredient_text) values (gen_random_uuid(), 'f0fa1ec3-0d63-42d4-b7bb-29517e8ae7b7', 'banana');
insert into recipe_ingredients (id, recipe_id, ingredient_text) values (gen_random_uuid(), 'f0fa1ec3-0d63-42d4-b7bb-29517e8ae7b7', 'granola');
insert into recipe_ingredients (id, recipe_id, ingredient_text) values (gen_random_uuid(), 'f0fa1ec3-0d63-42d4-b7bb-29517e8ae7b7', 'carne magra');
insert into recipe_ingredients (id, recipe_id, ingredient_text) values (gen_random_uuid(), 'f0fa1ec3-0d63-42d4-b7bb-29517e8ae7b7', 'abobrinha');
insert into recipe_ingredients (id, recipe_id, ingredient_text) values (gen_random_uuid(), 'f0fa1ec3-0d63-42d4-b7bb-29517e8ae7b7', 'chia');

insert into recipes (id, name, source, visibility, prep_time_min, preparation, objective, needs_review) values ('8c4987b6-8cda-4708-939d-258dee4785fd', 'Iogurte com Frutas com tomate', 'admin', 'public', 31, 'Coloque o iogurte em um recipiente. Acrescente as frutas picadas e finalize com pequena porção de granola. Adicione tomate durante o preparo para aumentar fibras e volume alimentar. Finalize ajustando os temperos naturais e sirva ainda quente.', 'Promover saciedade, praticidade, controle calórico moderado e aderência alimentar.', false);
insert into recipe_nutrition_profiles (id, recipe_id, calories, calories_kcal, protein_g, carbs_g, fats_g, fat_g) values (gen_random_uuid(), '8c4987b6-8cda-4708-939d-258dee4785fd', 541, 541, 29, 15, 16, 16);
insert into recipe_ingredients (id, recipe_id, ingredient_text) values (gen_random_uuid(), '8c4987b6-8cda-4708-939d-258dee4785fd', 'iogurte natural');
insert into recipe_ingredients (id, recipe_id, ingredient_text) values (gen_random_uuid(), '8c4987b6-8cda-4708-939d-258dee4785fd', 'morango');
insert into recipe_ingredients (id, recipe_id, ingredient_text) values (gen_random_uuid(), '8c4987b6-8cda-4708-939d-258dee4785fd', 'banana');
insert into recipe_ingredients (id, recipe_id, ingredient_text) values (gen_random_uuid(), '8c4987b6-8cda-4708-939d-258dee4785fd', 'granola');
insert into recipe_ingredients (id, recipe_id, ingredient_text) values (gen_random_uuid(), '8c4987b6-8cda-4708-939d-258dee4785fd', 'atum');
insert into recipe_ingredients (id, recipe_id, ingredient_text) values (gen_random_uuid(), '8c4987b6-8cda-4708-939d-258dee4785fd', 'tomate');
insert into recipe_ingredients (id, recipe_id, ingredient_text) values (gen_random_uuid(), '8c4987b6-8cda-4708-939d-258dee4785fd', 'azeite');

insert into recipes (id, name, source, visibility, prep_time_min, preparation, objective, needs_review) values ('5f5faad9-1452-45be-b069-598ee6486201', 'Iogurte com Frutas com abobrinha', 'admin', 'public', 14, 'Coloque o iogurte em um recipiente. Acrescente as frutas picadas e finalize com pequena porção de granola. Adicione abobrinha durante o preparo para aumentar fibras e volume alimentar. Finalize ajustando os temperos naturais e sirva ainda quente.', 'Promover saciedade, praticidade, controle calórico moderado e aderência alimentar.', false);
insert into recipe_nutrition_profiles (id, recipe_id, calories, calories_kcal, protein_g, carbs_g, fats_g, fat_g) values (gen_random_uuid(), '5f5faad9-1452-45be-b069-598ee6486201', 377, 377, 35, 47, 11, 11);
insert into recipe_ingredients (id, recipe_id, ingredient_text) values (gen_random_uuid(), '5f5faad9-1452-45be-b069-598ee6486201', 'iogurte natural');
insert into recipe_ingredients (id, recipe_id, ingredient_text) values (gen_random_uuid(), '5f5faad9-1452-45be-b069-598ee6486201', 'morango');
insert into recipe_ingredients (id, recipe_id, ingredient_text) values (gen_random_uuid(), '5f5faad9-1452-45be-b069-598ee6486201', 'banana');
insert into recipe_ingredients (id, recipe_id, ingredient_text) values (gen_random_uuid(), '5f5faad9-1452-45be-b069-598ee6486201', 'granola');
insert into recipe_ingredients (id, recipe_id, ingredient_text) values (gen_random_uuid(), '5f5faad9-1452-45be-b069-598ee6486201', 'tilápia');
insert into recipe_ingredients (id, recipe_id, ingredient_text) values (gen_random_uuid(), '5f5faad9-1452-45be-b069-598ee6486201', 'abobrinha');
insert into recipe_ingredients (id, recipe_id, ingredient_text) values (gen_random_uuid(), '5f5faad9-1452-45be-b069-598ee6486201', 'iogurte natural');

insert into recipes (id, name, source, visibility, prep_time_min, preparation, objective, needs_review) values ('0f765d0c-e539-4e59-ac84-2f644cc45f54', 'Pipoca Caseira com espinafre', 'admin', 'public', 18, 'Aqueça uma panela com pequena quantidade de azeite. Adicione o milho, tampe e deixe estourar em fogo médio. Finalize com pouco sal. Adicione espinafre durante o preparo para aumentar fibras e volume alimentar. Finalize ajustando os temperos naturais e sirva ainda quente.', 'Promover saciedade, praticidade, controle calórico moderado e aderência alimentar.', false);
insert into recipe_nutrition_profiles (id, recipe_id, calories, calories_kcal, protein_g, carbs_g, fats_g, fat_g) values (gen_random_uuid(), '0f765d0c-e539-4e59-ac84-2f644cc45f54', 531, 531, 13, 40, 13, 13);
insert into recipe_ingredients (id, recipe_id, ingredient_text) values (gen_random_uuid(), '0f765d0c-e539-4e59-ac84-2f644cc45f54', 'milho de pipoca');
insert into recipe_ingredients (id, recipe_id, ingredient_text) values (gen_random_uuid(), '0f765d0c-e539-4e59-ac84-2f644cc45f54', 'azeite');
insert into recipe_ingredients (id, recipe_id, ingredient_text) values (gen_random_uuid(), '0f765d0c-e539-4e59-ac84-2f644cc45f54', 'sal moderado');
insert into recipe_ingredients (id, recipe_id, ingredient_text) values (gen_random_uuid(), '0f765d0c-e539-4e59-ac84-2f644cc45f54', 'tilápia');
insert into recipe_ingredients (id, recipe_id, ingredient_text) values (gen_random_uuid(), '0f765d0c-e539-4e59-ac84-2f644cc45f54', 'espinafre');
insert into recipe_ingredients (id, recipe_id, ingredient_text) values (gen_random_uuid(), '0f765d0c-e539-4e59-ac84-2f644cc45f54', 'aveia');

insert into recipes (id, name, source, visibility, prep_time_min, preparation, objective, needs_review) values ('7739a12b-59a8-4f46-8fd8-deaa39bb9712', 'Pipoca Caseira com brócolis', 'admin', 'public', 7, 'Aqueça uma panela com pequena quantidade de azeite. Adicione o milho, tampe e deixe estourar em fogo médio. Finalize com pouco sal. Adicione brócolis durante o preparo para aumentar fibras e volume alimentar. Finalize ajustando os temperos naturais e sirva ainda quente.', 'Promover saciedade, praticidade, controle calórico moderado e aderência alimentar.', false);
insert into recipe_nutrition_profiles (id, recipe_id, calories, calories_kcal, protein_g, carbs_g, fats_g, fat_g) values (gen_random_uuid(), '7739a12b-59a8-4f46-8fd8-deaa39bb9712', 494, 494, 17, 45, 6, 6);
insert into recipe_ingredients (id, recipe_id, ingredient_text) values (gen_random_uuid(), '7739a12b-59a8-4f46-8fd8-deaa39bb9712', 'milho de pipoca');
insert into recipe_ingredients (id, recipe_id, ingredient_text) values (gen_random_uuid(), '7739a12b-59a8-4f46-8fd8-deaa39bb9712', 'azeite');
insert into recipe_ingredients (id, recipe_id, ingredient_text) values (gen_random_uuid(), '7739a12b-59a8-4f46-8fd8-deaa39bb9712', 'sal moderado');
insert into recipe_ingredients (id, recipe_id, ingredient_text) values (gen_random_uuid(), '7739a12b-59a8-4f46-8fd8-deaa39bb9712', 'carne magra');
insert into recipe_ingredients (id, recipe_id, ingredient_text) values (gen_random_uuid(), '7739a12b-59a8-4f46-8fd8-deaa39bb9712', 'brócolis');
insert into recipe_ingredients (id, recipe_id, ingredient_text) values (gen_random_uuid(), '7739a12b-59a8-4f46-8fd8-deaa39bb9712', 'iogurte natural');

insert into recipes (id, name, source, visibility, prep_time_min, preparation, objective, needs_review) values ('4ed6f65b-667c-4588-8a5f-1351d12b7448', 'Iogurte com Frutas com brócolis', 'admin', 'public', 33, 'Coloque o iogurte em um recipiente. Acrescente as frutas picadas e finalize com pequena porção de granola. Adicione brócolis durante o preparo para aumentar fibras e volume alimentar. Finalize ajustando os temperos naturais e sirva ainda quente.', 'Promover saciedade, praticidade, controle calórico moderado e aderência alimentar.', false);
insert into recipe_nutrition_profiles (id, recipe_id, calories, calories_kcal, protein_g, carbs_g, fats_g, fat_g) values (gen_random_uuid(), '4ed6f65b-667c-4588-8a5f-1351d12b7448', 415, 415, 36, 28, 5, 5);
insert into recipe_ingredients (id, recipe_id, ingredient_text) values (gen_random_uuid(), '4ed6f65b-667c-4588-8a5f-1351d12b7448', 'iogurte natural');
insert into recipe_ingredients (id, recipe_id, ingredient_text) values (gen_random_uuid(), '4ed6f65b-667c-4588-8a5f-1351d12b7448', 'morango');
insert into recipe_ingredients (id, recipe_id, ingredient_text) values (gen_random_uuid(), '4ed6f65b-667c-4588-8a5f-1351d12b7448', 'banana');
insert into recipe_ingredients (id, recipe_id, ingredient_text) values (gen_random_uuid(), '4ed6f65b-667c-4588-8a5f-1351d12b7448', 'granola');
insert into recipe_ingredients (id, recipe_id, ingredient_text) values (gen_random_uuid(), '4ed6f65b-667c-4588-8a5f-1351d12b7448', 'tilápia');
insert into recipe_ingredients (id, recipe_id, ingredient_text) values (gen_random_uuid(), '4ed6f65b-667c-4588-8a5f-1351d12b7448', 'brócolis');
insert into recipe_ingredients (id, recipe_id, ingredient_text) values (gen_random_uuid(), '4ed6f65b-667c-4588-8a5f-1351d12b7448', 'chia');

insert into recipes (id, name, source, visibility, prep_time_min, preparation, objective, needs_review) values ('3ce13df2-1815-47f3-8f46-9b9322c1acee', 'Pipoca Caseira com espinafre', 'admin', 'public', 6, 'Aqueça uma panela com pequena quantidade de azeite. Adicione o milho, tampe e deixe estourar em fogo médio. Finalize com pouco sal. Adicione espinafre durante o preparo para aumentar fibras e volume alimentar. Finalize ajustando os temperos naturais e sirva ainda quente.', 'Promover saciedade, praticidade, controle calórico moderado e aderência alimentar.', false);
insert into recipe_nutrition_profiles (id, recipe_id, calories, calories_kcal, protein_g, carbs_g, fats_g, fat_g) values (gen_random_uuid(), '3ce13df2-1815-47f3-8f46-9b9322c1acee', 510, 510, 37, 22, 9, 9);
insert into recipe_ingredients (id, recipe_id, ingredient_text) values (gen_random_uuid(), '3ce13df2-1815-47f3-8f46-9b9322c1acee', 'milho de pipoca');
insert into recipe_ingredients (id, recipe_id, ingredient_text) values (gen_random_uuid(), '3ce13df2-1815-47f3-8f46-9b9322c1acee', 'azeite');
insert into recipe_ingredients (id, recipe_id, ingredient_text) values (gen_random_uuid(), '3ce13df2-1815-47f3-8f46-9b9322c1acee', 'sal moderado');
insert into recipe_ingredients (id, recipe_id, ingredient_text) values (gen_random_uuid(), '3ce13df2-1815-47f3-8f46-9b9322c1acee', 'ovo');
insert into recipe_ingredients (id, recipe_id, ingredient_text) values (gen_random_uuid(), '3ce13df2-1815-47f3-8f46-9b9322c1acee', 'espinafre');
insert into recipe_ingredients (id, recipe_id, ingredient_text) values (gen_random_uuid(), '3ce13df2-1815-47f3-8f46-9b9322c1acee', 'chia');

insert into recipes (id, name, source, visibility, prep_time_min, preparation, objective, needs_review) values ('40141795-61fe-4de9-82c6-1187ba003f80', 'Pipoca Caseira com brócolis', 'admin', 'public', 34, 'Aqueça uma panela com pequena quantidade de azeite. Adicione o milho, tampe e deixe estourar em fogo médio. Finalize com pouco sal. Adicione brócolis durante o preparo para aumentar fibras e volume alimentar. Finalize ajustando os temperos naturais e sirva ainda quente.', 'Promover saciedade, praticidade, controle calórico moderado e aderência alimentar.', false);
insert into recipe_nutrition_profiles (id, recipe_id, calories, calories_kcal, protein_g, carbs_g, fats_g, fat_g) values (gen_random_uuid(), '40141795-61fe-4de9-82c6-1187ba003f80', 341, 341, 29, 22, 10, 10);
insert into recipe_ingredients (id, recipe_id, ingredient_text) values (gen_random_uuid(), '40141795-61fe-4de9-82c6-1187ba003f80', 'milho de pipoca');
insert into recipe_ingredients (id, recipe_id, ingredient_text) values (gen_random_uuid(), '40141795-61fe-4de9-82c6-1187ba003f80', 'azeite');
insert into recipe_ingredients (id, recipe_id, ingredient_text) values (gen_random_uuid(), '40141795-61fe-4de9-82c6-1187ba003f80', 'sal moderado');
insert into recipe_ingredients (id, recipe_id, ingredient_text) values (gen_random_uuid(), '40141795-61fe-4de9-82c6-1187ba003f80', 'carne magra');
insert into recipe_ingredients (id, recipe_id, ingredient_text) values (gen_random_uuid(), '40141795-61fe-4de9-82c6-1187ba003f80', 'brócolis');
insert into recipe_ingredients (id, recipe_id, ingredient_text) values (gen_random_uuid(), '40141795-61fe-4de9-82c6-1187ba003f80', 'iogurte natural');

insert into recipes (id, name, source, visibility, prep_time_min, preparation, objective, needs_review) values ('8aa7d0b5-424e-41a3-890e-cb797ea25f1b', 'Iogurte com Frutas com cenoura', 'admin', 'public', 21, 'Coloque o iogurte em um recipiente. Acrescente as frutas picadas e finalize com pequena porção de granola. Adicione cenoura durante o preparo para aumentar fibras e volume alimentar. Finalize ajustando os temperos naturais e sirva ainda quente.', 'Promover saciedade, praticidade, controle calórico moderado e aderência alimentar.', false);
insert into recipe_nutrition_profiles (id, recipe_id, calories, calories_kcal, protein_g, carbs_g, fats_g, fat_g) values (gen_random_uuid(), '8aa7d0b5-424e-41a3-890e-cb797ea25f1b', 453, 453, 23, 18, 7, 7);
insert into recipe_ingredients (id, recipe_id, ingredient_text) values (gen_random_uuid(), '8aa7d0b5-424e-41a3-890e-cb797ea25f1b', 'iogurte natural');
insert into recipe_ingredients (id, recipe_id, ingredient_text) values (gen_random_uuid(), '8aa7d0b5-424e-41a3-890e-cb797ea25f1b', 'morango');
insert into recipe_ingredients (id, recipe_id, ingredient_text) values (gen_random_uuid(), '8aa7d0b5-424e-41a3-890e-cb797ea25f1b', 'banana');
insert into recipe_ingredients (id, recipe_id, ingredient_text) values (gen_random_uuid(), '8aa7d0b5-424e-41a3-890e-cb797ea25f1b', 'granola');
insert into recipe_ingredients (id, recipe_id, ingredient_text) values (gen_random_uuid(), '8aa7d0b5-424e-41a3-890e-cb797ea25f1b', 'atum');
insert into recipe_ingredients (id, recipe_id, ingredient_text) values (gen_random_uuid(), '8aa7d0b5-424e-41a3-890e-cb797ea25f1b', 'cenoura');
insert into recipe_ingredients (id, recipe_id, ingredient_text) values (gen_random_uuid(), '8aa7d0b5-424e-41a3-890e-cb797ea25f1b', 'queijo branco');

insert into recipes (id, name, source, visibility, prep_time_min, preparation, objective, needs_review) values ('cbf167d1-00b3-4895-bd30-6af0755c2b0e', 'Iogurte com Frutas com tomate', 'admin', 'public', 13, 'Coloque o iogurte em um recipiente. Acrescente as frutas picadas e finalize com pequena porção de granola. Adicione tomate durante o preparo para aumentar fibras e volume alimentar. Finalize ajustando os temperos naturais e sirva ainda quente.', 'Promover saciedade, praticidade, controle calórico moderado e aderência alimentar.', false);
insert into recipe_nutrition_profiles (id, recipe_id, calories, calories_kcal, protein_g, carbs_g, fats_g, fat_g) values (gen_random_uuid(), 'cbf167d1-00b3-4895-bd30-6af0755c2b0e', 449, 449, 33, 19, 5, 5);
insert into recipe_ingredients (id, recipe_id, ingredient_text) values (gen_random_uuid(), 'cbf167d1-00b3-4895-bd30-6af0755c2b0e', 'iogurte natural');
insert into recipe_ingredients (id, recipe_id, ingredient_text) values (gen_random_uuid(), 'cbf167d1-00b3-4895-bd30-6af0755c2b0e', 'morango');
insert into recipe_ingredients (id, recipe_id, ingredient_text) values (gen_random_uuid(), 'cbf167d1-00b3-4895-bd30-6af0755c2b0e', 'banana');
insert into recipe_ingredients (id, recipe_id, ingredient_text) values (gen_random_uuid(), 'cbf167d1-00b3-4895-bd30-6af0755c2b0e', 'granola');
insert into recipe_ingredients (id, recipe_id, ingredient_text) values (gen_random_uuid(), 'cbf167d1-00b3-4895-bd30-6af0755c2b0e', 'frango');
insert into recipe_ingredients (id, recipe_id, ingredient_text) values (gen_random_uuid(), 'cbf167d1-00b3-4895-bd30-6af0755c2b0e', 'tomate');
insert into recipe_ingredients (id, recipe_id, ingredient_text) values (gen_random_uuid(), 'cbf167d1-00b3-4895-bd30-6af0755c2b0e', 'iogurte natural');

insert into recipes (id, name, source, visibility, prep_time_min, preparation, objective, needs_review) values ('0266e45b-151c-4a59-b13f-4e7d1f29e8e2', 'Pipoca Caseira com brócolis', 'admin', 'public', 18, 'Aqueça uma panela com pequena quantidade de azeite. Adicione o milho, tampe e deixe estourar em fogo médio. Finalize com pouco sal. Adicione brócolis durante o preparo para aumentar fibras e volume alimentar. Finalize ajustando os temperos naturais e sirva ainda quente.', 'Promover saciedade, praticidade, controle calórico moderado e aderência alimentar.', false);
insert into recipe_nutrition_profiles (id, recipe_id, calories, calories_kcal, protein_g, carbs_g, fats_g, fat_g) values (gen_random_uuid(), '0266e45b-151c-4a59-b13f-4e7d1f29e8e2', 321, 321, 19, 29, 6, 6);
insert into recipe_ingredients (id, recipe_id, ingredient_text) values (gen_random_uuid(), '0266e45b-151c-4a59-b13f-4e7d1f29e8e2', 'milho de pipoca');
insert into recipe_ingredients (id, recipe_id, ingredient_text) values (gen_random_uuid(), '0266e45b-151c-4a59-b13f-4e7d1f29e8e2', 'azeite');
insert into recipe_ingredients (id, recipe_id, ingredient_text) values (gen_random_uuid(), '0266e45b-151c-4a59-b13f-4e7d1f29e8e2', 'sal moderado');
insert into recipe_ingredients (id, recipe_id, ingredient_text) values (gen_random_uuid(), '0266e45b-151c-4a59-b13f-4e7d1f29e8e2', 'atum');
insert into recipe_ingredients (id, recipe_id, ingredient_text) values (gen_random_uuid(), '0266e45b-151c-4a59-b13f-4e7d1f29e8e2', 'brócolis');
insert into recipe_ingredients (id, recipe_id, ingredient_text) values (gen_random_uuid(), '0266e45b-151c-4a59-b13f-4e7d1f29e8e2', 'queijo branco');

insert into recipes (id, name, source, visibility, prep_time_min, preparation, objective, needs_review) values ('2b0428c2-bec2-4c25-99a3-77ebcf5508a7', 'Iogurte com Frutas com cenoura', 'admin', 'public', 14, 'Coloque o iogurte em um recipiente. Acrescente as frutas picadas e finalize com pequena porção de granola. Adicione cenoura durante o preparo para aumentar fibras e volume alimentar. Finalize ajustando os temperos naturais e sirva ainda quente.', 'Promover saciedade, praticidade, controle calórico moderado e aderência alimentar.', false);
insert into recipe_nutrition_profiles (id, recipe_id, calories, calories_kcal, protein_g, carbs_g, fats_g, fat_g) values (gen_random_uuid(), '2b0428c2-bec2-4c25-99a3-77ebcf5508a7', 226, 226, 23, 19, 12, 12);
insert into recipe_ingredients (id, recipe_id, ingredient_text) values (gen_random_uuid(), '2b0428c2-bec2-4c25-99a3-77ebcf5508a7', 'iogurte natural');
insert into recipe_ingredients (id, recipe_id, ingredient_text) values (gen_random_uuid(), '2b0428c2-bec2-4c25-99a3-77ebcf5508a7', 'morango');
insert into recipe_ingredients (id, recipe_id, ingredient_text) values (gen_random_uuid(), '2b0428c2-bec2-4c25-99a3-77ebcf5508a7', 'banana');
insert into recipe_ingredients (id, recipe_id, ingredient_text) values (gen_random_uuid(), '2b0428c2-bec2-4c25-99a3-77ebcf5508a7', 'granola');
insert into recipe_ingredients (id, recipe_id, ingredient_text) values (gen_random_uuid(), '2b0428c2-bec2-4c25-99a3-77ebcf5508a7', 'ovo');
insert into recipe_ingredients (id, recipe_id, ingredient_text) values (gen_random_uuid(), '2b0428c2-bec2-4c25-99a3-77ebcf5508a7', 'cenoura');
insert into recipe_ingredients (id, recipe_id, ingredient_text) values (gen_random_uuid(), '2b0428c2-bec2-4c25-99a3-77ebcf5508a7', 'queijo branco');

insert into recipes (id, name, source, visibility, prep_time_min, preparation, objective, needs_review) values ('9a5872de-e658-4d12-89e1-1ac92b425b24', 'Pipoca Caseira com brócolis', 'admin', 'public', 16, 'Aqueça uma panela com pequena quantidade de azeite. Adicione o milho, tampe e deixe estourar em fogo médio. Finalize com pouco sal. Adicione brócolis durante o preparo para aumentar fibras e volume alimentar. Finalize ajustando os temperos naturais e sirva ainda quente.', 'Promover saciedade, praticidade, controle calórico moderado e aderência alimentar.', false);
insert into recipe_nutrition_profiles (id, recipe_id, calories, calories_kcal, protein_g, carbs_g, fats_g, fat_g) values (gen_random_uuid(), '9a5872de-e658-4d12-89e1-1ac92b425b24', 223, 223, 32, 34, 17, 17);
insert into recipe_ingredients (id, recipe_id, ingredient_text) values (gen_random_uuid(), '9a5872de-e658-4d12-89e1-1ac92b425b24', 'milho de pipoca');
insert into recipe_ingredients (id, recipe_id, ingredient_text) values (gen_random_uuid(), '9a5872de-e658-4d12-89e1-1ac92b425b24', 'azeite');
insert into recipe_ingredients (id, recipe_id, ingredient_text) values (gen_random_uuid(), '9a5872de-e658-4d12-89e1-1ac92b425b24', 'sal moderado');
insert into recipe_ingredients (id, recipe_id, ingredient_text) values (gen_random_uuid(), '9a5872de-e658-4d12-89e1-1ac92b425b24', 'carne magra');
insert into recipe_ingredients (id, recipe_id, ingredient_text) values (gen_random_uuid(), '9a5872de-e658-4d12-89e1-1ac92b425b24', 'brócolis');
insert into recipe_ingredients (id, recipe_id, ingredient_text) values (gen_random_uuid(), '9a5872de-e658-4d12-89e1-1ac92b425b24', 'chia');

insert into recipes (id, name, source, visibility, prep_time_min, preparation, objective, needs_review) values ('9a133df0-a1e4-4bf0-9351-6cc385e01a52', 'Iogurte com Frutas com tomate', 'admin', 'public', 9, 'Coloque o iogurte em um recipiente. Acrescente as frutas picadas e finalize com pequena porção de granola. Adicione tomate durante o preparo para aumentar fibras e volume alimentar. Finalize ajustando os temperos naturais e sirva ainda quente.', 'Promover saciedade, praticidade, controle calórico moderado e aderência alimentar.', false);
insert into recipe_nutrition_profiles (id, recipe_id, calories, calories_kcal, protein_g, carbs_g, fats_g, fat_g) values (gen_random_uuid(), '9a133df0-a1e4-4bf0-9351-6cc385e01a52', 315, 315, 21, 42, 12, 12);
insert into recipe_ingredients (id, recipe_id, ingredient_text) values (gen_random_uuid(), '9a133df0-a1e4-4bf0-9351-6cc385e01a52', 'iogurte natural');
insert into recipe_ingredients (id, recipe_id, ingredient_text) values (gen_random_uuid(), '9a133df0-a1e4-4bf0-9351-6cc385e01a52', 'morango');
insert into recipe_ingredients (id, recipe_id, ingredient_text) values (gen_random_uuid(), '9a133df0-a1e4-4bf0-9351-6cc385e01a52', 'banana');
insert into recipe_ingredients (id, recipe_id, ingredient_text) values (gen_random_uuid(), '9a133df0-a1e4-4bf0-9351-6cc385e01a52', 'granola');
insert into recipe_ingredients (id, recipe_id, ingredient_text) values (gen_random_uuid(), '9a133df0-a1e4-4bf0-9351-6cc385e01a52', 'ovo');
insert into recipe_ingredients (id, recipe_id, ingredient_text) values (gen_random_uuid(), '9a133df0-a1e4-4bf0-9351-6cc385e01a52', 'tomate');
insert into recipe_ingredients (id, recipe_id, ingredient_text) values (gen_random_uuid(), '9a133df0-a1e4-4bf0-9351-6cc385e01a52', 'azeite');

insert into recipes (id, name, source, visibility, prep_time_min, preparation, objective, needs_review) values ('376430b1-4310-404a-bfb0-7778ab4e48e2', 'Pipoca Caseira com espinafre', 'admin', 'public', 29, 'Aqueça uma panela com pequena quantidade de azeite. Adicione o milho, tampe e deixe estourar em fogo médio. Finalize com pouco sal. Adicione espinafre durante o preparo para aumentar fibras e volume alimentar. Finalize ajustando os temperos naturais e sirva ainda quente.', 'Promover saciedade, praticidade, controle calórico moderado e aderência alimentar.', false);
insert into recipe_nutrition_profiles (id, recipe_id, calories, calories_kcal, protein_g, carbs_g, fats_g, fat_g) values (gen_random_uuid(), '376430b1-4310-404a-bfb0-7778ab4e48e2', 196, 196, 22, 48, 18, 18);
insert into recipe_ingredients (id, recipe_id, ingredient_text) values (gen_random_uuid(), '376430b1-4310-404a-bfb0-7778ab4e48e2', 'milho de pipoca');
insert into recipe_ingredients (id, recipe_id, ingredient_text) values (gen_random_uuid(), '376430b1-4310-404a-bfb0-7778ab4e48e2', 'azeite');
insert into recipe_ingredients (id, recipe_id, ingredient_text) values (gen_random_uuid(), '376430b1-4310-404a-bfb0-7778ab4e48e2', 'sal moderado');
insert into recipe_ingredients (id, recipe_id, ingredient_text) values (gen_random_uuid(), '376430b1-4310-404a-bfb0-7778ab4e48e2', 'tilápia');
insert into recipe_ingredients (id, recipe_id, ingredient_text) values (gen_random_uuid(), '376430b1-4310-404a-bfb0-7778ab4e48e2', 'espinafre');
insert into recipe_ingredients (id, recipe_id, ingredient_text) values (gen_random_uuid(), '376430b1-4310-404a-bfb0-7778ab4e48e2', 'azeite');

insert into recipes (id, name, source, visibility, prep_time_min, preparation, objective, needs_review) values ('b3c89e80-256e-4615-83c3-8a298006a8f6', 'Pipoca Caseira com abobrinha', 'admin', 'public', 13, 'Aqueça uma panela com pequena quantidade de azeite. Adicione o milho, tampe e deixe estourar em fogo médio. Finalize com pouco sal. Adicione abobrinha durante o preparo para aumentar fibras e volume alimentar. Finalize ajustando os temperos naturais e sirva ainda quente.', 'Promover saciedade, praticidade, controle calórico moderado e aderência alimentar.', false);
insert into recipe_nutrition_profiles (id, recipe_id, calories, calories_kcal, protein_g, carbs_g, fats_g, fat_g) values (gen_random_uuid(), 'b3c89e80-256e-4615-83c3-8a298006a8f6', 437, 437, 38, 21, 15, 15);
insert into recipe_ingredients (id, recipe_id, ingredient_text) values (gen_random_uuid(), 'b3c89e80-256e-4615-83c3-8a298006a8f6', 'milho de pipoca');
insert into recipe_ingredients (id, recipe_id, ingredient_text) values (gen_random_uuid(), 'b3c89e80-256e-4615-83c3-8a298006a8f6', 'azeite');
insert into recipe_ingredients (id, recipe_id, ingredient_text) values (gen_random_uuid(), 'b3c89e80-256e-4615-83c3-8a298006a8f6', 'sal moderado');
insert into recipe_ingredients (id, recipe_id, ingredient_text) values (gen_random_uuid(), 'b3c89e80-256e-4615-83c3-8a298006a8f6', 'carne magra');
insert into recipe_ingredients (id, recipe_id, ingredient_text) values (gen_random_uuid(), 'b3c89e80-256e-4615-83c3-8a298006a8f6', 'abobrinha');
insert into recipe_ingredients (id, recipe_id, ingredient_text) values (gen_random_uuid(), 'b3c89e80-256e-4615-83c3-8a298006a8f6', 'queijo branco');

insert into recipes (id, name, source, visibility, prep_time_min, preparation, objective, needs_review) values ('c80deb4b-b0c1-4001-8c26-805bdc099203', 'Iogurte com Frutas com brócolis', 'admin', 'public', 24, 'Coloque o iogurte em um recipiente. Acrescente as frutas picadas e finalize com pequena porção de granola. Adicione brócolis durante o preparo para aumentar fibras e volume alimentar. Finalize ajustando os temperos naturais e sirva ainda quente.', 'Promover saciedade, praticidade, controle calórico moderado e aderência alimentar.', false);
insert into recipe_nutrition_profiles (id, recipe_id, calories, calories_kcal, protein_g, carbs_g, fats_g, fat_g) values (gen_random_uuid(), 'c80deb4b-b0c1-4001-8c26-805bdc099203', 198, 198, 34, 35, 5, 5);
insert into recipe_ingredients (id, recipe_id, ingredient_text) values (gen_random_uuid(), 'c80deb4b-b0c1-4001-8c26-805bdc099203', 'iogurte natural');
insert into recipe_ingredients (id, recipe_id, ingredient_text) values (gen_random_uuid(), 'c80deb4b-b0c1-4001-8c26-805bdc099203', 'morango');
insert into recipe_ingredients (id, recipe_id, ingredient_text) values (gen_random_uuid(), 'c80deb4b-b0c1-4001-8c26-805bdc099203', 'banana');
insert into recipe_ingredients (id, recipe_id, ingredient_text) values (gen_random_uuid(), 'c80deb4b-b0c1-4001-8c26-805bdc099203', 'granola');
insert into recipe_ingredients (id, recipe_id, ingredient_text) values (gen_random_uuid(), 'c80deb4b-b0c1-4001-8c26-805bdc099203', 'carne magra');
insert into recipe_ingredients (id, recipe_id, ingredient_text) values (gen_random_uuid(), 'c80deb4b-b0c1-4001-8c26-805bdc099203', 'brócolis');
insert into recipe_ingredients (id, recipe_id, ingredient_text) values (gen_random_uuid(), 'c80deb4b-b0c1-4001-8c26-805bdc099203', 'azeite');

insert into recipes (id, name, source, visibility, prep_time_min, preparation, objective, needs_review) values ('13686cbb-a3fb-41c2-b195-e262c267953b', 'Pipoca Caseira com tomate', 'admin', 'public', 10, 'Aqueça uma panela com pequena quantidade de azeite. Adicione o milho, tampe e deixe estourar em fogo médio. Finalize com pouco sal. Adicione tomate durante o preparo para aumentar fibras e volume alimentar. Finalize ajustando os temperos naturais e sirva ainda quente.', 'Promover saciedade, praticidade, controle calórico moderado e aderência alimentar.', false);
insert into recipe_nutrition_profiles (id, recipe_id, calories, calories_kcal, protein_g, carbs_g, fats_g, fat_g) values (gen_random_uuid(), '13686cbb-a3fb-41c2-b195-e262c267953b', 284, 284, 12, 26, 15, 15);
insert into recipe_ingredients (id, recipe_id, ingredient_text) values (gen_random_uuid(), '13686cbb-a3fb-41c2-b195-e262c267953b', 'milho de pipoca');
insert into recipe_ingredients (id, recipe_id, ingredient_text) values (gen_random_uuid(), '13686cbb-a3fb-41c2-b195-e262c267953b', 'azeite');
insert into recipe_ingredients (id, recipe_id, ingredient_text) values (gen_random_uuid(), '13686cbb-a3fb-41c2-b195-e262c267953b', 'sal moderado');
insert into recipe_ingredients (id, recipe_id, ingredient_text) values (gen_random_uuid(), '13686cbb-a3fb-41c2-b195-e262c267953b', 'frango');
insert into recipe_ingredients (id, recipe_id, ingredient_text) values (gen_random_uuid(), '13686cbb-a3fb-41c2-b195-e262c267953b', 'tomate');
insert into recipe_ingredients (id, recipe_id, ingredient_text) values (gen_random_uuid(), '13686cbb-a3fb-41c2-b195-e262c267953b', 'chia');

insert into recipes (id, name, source, visibility, prep_time_min, preparation, objective, needs_review) values ('730e3f16-a90a-446f-9f0f-b177c1e103b7', 'Iogurte com Frutas com espinafre', 'admin', 'public', 17, 'Coloque o iogurte em um recipiente. Acrescente as frutas picadas e finalize com pequena porção de granola. Adicione espinafre durante o preparo para aumentar fibras e volume alimentar. Finalize ajustando os temperos naturais e sirva ainda quente.', 'Promover saciedade, praticidade, controle calórico moderado e aderência alimentar.', false);
insert into recipe_nutrition_profiles (id, recipe_id, calories, calories_kcal, protein_g, carbs_g, fats_g, fat_g) values (gen_random_uuid(), '730e3f16-a90a-446f-9f0f-b177c1e103b7', 426, 426, 24, 29, 5, 5);
insert into recipe_ingredients (id, recipe_id, ingredient_text) values (gen_random_uuid(), '730e3f16-a90a-446f-9f0f-b177c1e103b7', 'iogurte natural');
insert into recipe_ingredients (id, recipe_id, ingredient_text) values (gen_random_uuid(), '730e3f16-a90a-446f-9f0f-b177c1e103b7', 'morango');
insert into recipe_ingredients (id, recipe_id, ingredient_text) values (gen_random_uuid(), '730e3f16-a90a-446f-9f0f-b177c1e103b7', 'banana');
insert into recipe_ingredients (id, recipe_id, ingredient_text) values (gen_random_uuid(), '730e3f16-a90a-446f-9f0f-b177c1e103b7', 'granola');
insert into recipe_ingredients (id, recipe_id, ingredient_text) values (gen_random_uuid(), '730e3f16-a90a-446f-9f0f-b177c1e103b7', 'tilápia');
insert into recipe_ingredients (id, recipe_id, ingredient_text) values (gen_random_uuid(), '730e3f16-a90a-446f-9f0f-b177c1e103b7', 'espinafre');
insert into recipe_ingredients (id, recipe_id, ingredient_text) values (gen_random_uuid(), '730e3f16-a90a-446f-9f0f-b177c1e103b7', 'aveia');

insert into recipes (id, name, source, visibility, prep_time_min, preparation, objective, needs_review) values ('df5e00b5-90a8-443b-9cc2-5ab1869a0e9d', 'Iogurte com Frutas com tomate', 'admin', 'public', 31, 'Coloque o iogurte em um recipiente. Acrescente as frutas picadas e finalize com pequena porção de granola. Adicione tomate durante o preparo para aumentar fibras e volume alimentar. Finalize ajustando os temperos naturais e sirva ainda quente.', 'Promover saciedade, praticidade, controle calórico moderado e aderência alimentar.', false);
insert into recipe_nutrition_profiles (id, recipe_id, calories, calories_kcal, protein_g, carbs_g, fats_g, fat_g) values (gen_random_uuid(), 'df5e00b5-90a8-443b-9cc2-5ab1869a0e9d', 466, 466, 21, 41, 18, 18);
insert into recipe_ingredients (id, recipe_id, ingredient_text) values (gen_random_uuid(), 'df5e00b5-90a8-443b-9cc2-5ab1869a0e9d', 'iogurte natural');
insert into recipe_ingredients (id, recipe_id, ingredient_text) values (gen_random_uuid(), 'df5e00b5-90a8-443b-9cc2-5ab1869a0e9d', 'morango');
insert into recipe_ingredients (id, recipe_id, ingredient_text) values (gen_random_uuid(), 'df5e00b5-90a8-443b-9cc2-5ab1869a0e9d', 'banana');
insert into recipe_ingredients (id, recipe_id, ingredient_text) values (gen_random_uuid(), 'df5e00b5-90a8-443b-9cc2-5ab1869a0e9d', 'granola');
insert into recipe_ingredients (id, recipe_id, ingredient_text) values (gen_random_uuid(), 'df5e00b5-90a8-443b-9cc2-5ab1869a0e9d', 'frango');
insert into recipe_ingredients (id, recipe_id, ingredient_text) values (gen_random_uuid(), 'df5e00b5-90a8-443b-9cc2-5ab1869a0e9d', 'tomate');
insert into recipe_ingredients (id, recipe_id, ingredient_text) values (gen_random_uuid(), 'df5e00b5-90a8-443b-9cc2-5ab1869a0e9d', 'queijo branco');

insert into recipes (id, name, source, visibility, prep_time_min, preparation, objective, needs_review) values ('d8bcd4c4-61c6-40bf-8397-9af31fa6046b', 'Iogurte com Frutas com brócolis', 'admin', 'public', 5, 'Coloque o iogurte em um recipiente. Acrescente as frutas picadas e finalize com pequena porção de granola. Adicione brócolis durante o preparo para aumentar fibras e volume alimentar. Finalize ajustando os temperos naturais e sirva ainda quente.', 'Promover saciedade, praticidade, controle calórico moderado e aderência alimentar.', false);
insert into recipe_nutrition_profiles (id, recipe_id, calories, calories_kcal, protein_g, carbs_g, fats_g, fat_g) values (gen_random_uuid(), 'd8bcd4c4-61c6-40bf-8397-9af31fa6046b', 334, 334, 31, 18, 7, 7);
insert into recipe_ingredients (id, recipe_id, ingredient_text) values (gen_random_uuid(), 'd8bcd4c4-61c6-40bf-8397-9af31fa6046b', 'iogurte natural');
insert into recipe_ingredients (id, recipe_id, ingredient_text) values (gen_random_uuid(), 'd8bcd4c4-61c6-40bf-8397-9af31fa6046b', 'morango');
insert into recipe_ingredients (id, recipe_id, ingredient_text) values (gen_random_uuid(), 'd8bcd4c4-61c6-40bf-8397-9af31fa6046b', 'banana');
insert into recipe_ingredients (id, recipe_id, ingredient_text) values (gen_random_uuid(), 'd8bcd4c4-61c6-40bf-8397-9af31fa6046b', 'granola');
insert into recipe_ingredients (id, recipe_id, ingredient_text) values (gen_random_uuid(), 'd8bcd4c4-61c6-40bf-8397-9af31fa6046b', 'tilápia');
insert into recipe_ingredients (id, recipe_id, ingredient_text) values (gen_random_uuid(), 'd8bcd4c4-61c6-40bf-8397-9af31fa6046b', 'brócolis');
insert into recipe_ingredients (id, recipe_id, ingredient_text) values (gen_random_uuid(), 'd8bcd4c4-61c6-40bf-8397-9af31fa6046b', 'aveia');

insert into recipes (id, name, source, visibility, prep_time_min, preparation, objective, needs_review) values ('d347842c-3cbc-484b-b12e-933f2a88af4c', 'Pipoca Caseira com cenoura', 'admin', 'public', 18, 'Aqueça uma panela com pequena quantidade de azeite. Adicione o milho, tampe e deixe estourar em fogo médio. Finalize com pouco sal. Adicione cenoura durante o preparo para aumentar fibras e volume alimentar. Finalize ajustando os temperos naturais e sirva ainda quente.', 'Promover saciedade, praticidade, controle calórico moderado e aderência alimentar.', false);
insert into recipe_nutrition_profiles (id, recipe_id, calories, calories_kcal, protein_g, carbs_g, fats_g, fat_g) values (gen_random_uuid(), 'd347842c-3cbc-484b-b12e-933f2a88af4c', 349, 349, 23, 20, 5, 5);
insert into recipe_ingredients (id, recipe_id, ingredient_text) values (gen_random_uuid(), 'd347842c-3cbc-484b-b12e-933f2a88af4c', 'milho de pipoca');
insert into recipe_ingredients (id, recipe_id, ingredient_text) values (gen_random_uuid(), 'd347842c-3cbc-484b-b12e-933f2a88af4c', 'azeite');
insert into recipe_ingredients (id, recipe_id, ingredient_text) values (gen_random_uuid(), 'd347842c-3cbc-484b-b12e-933f2a88af4c', 'sal moderado');
insert into recipe_ingredients (id, recipe_id, ingredient_text) values (gen_random_uuid(), 'd347842c-3cbc-484b-b12e-933f2a88af4c', 'atum');
insert into recipe_ingredients (id, recipe_id, ingredient_text) values (gen_random_uuid(), 'd347842c-3cbc-484b-b12e-933f2a88af4c', 'cenoura');
insert into recipe_ingredients (id, recipe_id, ingredient_text) values (gen_random_uuid(), 'd347842c-3cbc-484b-b12e-933f2a88af4c', 'azeite');

insert into recipes (id, name, source, visibility, prep_time_min, preparation, objective, needs_review) values ('78553b61-c552-4a04-8487-f671572f862e', 'Iogurte com Frutas com cenoura', 'admin', 'public', 29, 'Coloque o iogurte em um recipiente. Acrescente as frutas picadas e finalize com pequena porção de granola. Adicione cenoura durante o preparo para aumentar fibras e volume alimentar. Finalize ajustando os temperos naturais e sirva ainda quente.', 'Promover saciedade, praticidade, controle calórico moderado e aderência alimentar.', false);
insert into recipe_nutrition_profiles (id, recipe_id, calories, calories_kcal, protein_g, carbs_g, fats_g, fat_g) values (gen_random_uuid(), '78553b61-c552-4a04-8487-f671572f862e', 288, 288, 22, 44, 8, 8);
insert into recipe_ingredients (id, recipe_id, ingredient_text) values (gen_random_uuid(), '78553b61-c552-4a04-8487-f671572f862e', 'iogurte natural');
insert into recipe_ingredients (id, recipe_id, ingredient_text) values (gen_random_uuid(), '78553b61-c552-4a04-8487-f671572f862e', 'morango');
insert into recipe_ingredients (id, recipe_id, ingredient_text) values (gen_random_uuid(), '78553b61-c552-4a04-8487-f671572f862e', 'banana');
insert into recipe_ingredients (id, recipe_id, ingredient_text) values (gen_random_uuid(), '78553b61-c552-4a04-8487-f671572f862e', 'granola');
insert into recipe_ingredients (id, recipe_id, ingredient_text) values (gen_random_uuid(), '78553b61-c552-4a04-8487-f671572f862e', 'atum');
insert into recipe_ingredients (id, recipe_id, ingredient_text) values (gen_random_uuid(), '78553b61-c552-4a04-8487-f671572f862e', 'cenoura');
insert into recipe_ingredients (id, recipe_id, ingredient_text) values (gen_random_uuid(), '78553b61-c552-4a04-8487-f671572f862e', 'iogurte natural');

insert into recipes (id, name, source, visibility, prep_time_min, preparation, objective, needs_review) values ('96b590fb-8c4d-4f0e-976d-e83809c40609', 'Iogurte com Frutas com brócolis', 'admin', 'public', 23, 'Coloque o iogurte em um recipiente. Acrescente as frutas picadas e finalize com pequena porção de granola. Adicione brócolis durante o preparo para aumentar fibras e volume alimentar. Finalize ajustando os temperos naturais e sirva ainda quente.', 'Promover saciedade, praticidade, controle calórico moderado e aderência alimentar.', false);
insert into recipe_nutrition_profiles (id, recipe_id, calories, calories_kcal, protein_g, carbs_g, fats_g, fat_g) values (gen_random_uuid(), '96b590fb-8c4d-4f0e-976d-e83809c40609', 215, 215, 27, 16, 18, 18);
insert into recipe_ingredients (id, recipe_id, ingredient_text) values (gen_random_uuid(), '96b590fb-8c4d-4f0e-976d-e83809c40609', 'iogurte natural');
insert into recipe_ingredients (id, recipe_id, ingredient_text) values (gen_random_uuid(), '96b590fb-8c4d-4f0e-976d-e83809c40609', 'morango');
insert into recipe_ingredients (id, recipe_id, ingredient_text) values (gen_random_uuid(), '96b590fb-8c4d-4f0e-976d-e83809c40609', 'banana');
insert into recipe_ingredients (id, recipe_id, ingredient_text) values (gen_random_uuid(), '96b590fb-8c4d-4f0e-976d-e83809c40609', 'granola');
insert into recipe_ingredients (id, recipe_id, ingredient_text) values (gen_random_uuid(), '96b590fb-8c4d-4f0e-976d-e83809c40609', 'frango');
insert into recipe_ingredients (id, recipe_id, ingredient_text) values (gen_random_uuid(), '96b590fb-8c4d-4f0e-976d-e83809c40609', 'brócolis');
insert into recipe_ingredients (id, recipe_id, ingredient_text) values (gen_random_uuid(), '96b590fb-8c4d-4f0e-976d-e83809c40609', 'iogurte natural');

insert into recipes (id, name, source, visibility, prep_time_min, preparation, objective, needs_review) values ('13320ab4-d706-4537-888c-78f636dc96fd', 'Pipoca Caseira com cenoura', 'admin', 'public', 12, 'Aqueça uma panela com pequena quantidade de azeite. Adicione o milho, tampe e deixe estourar em fogo médio. Finalize com pouco sal. Adicione cenoura durante o preparo para aumentar fibras e volume alimentar. Finalize ajustando os temperos naturais e sirva ainda quente.', 'Promover saciedade, praticidade, controle calórico moderado e aderência alimentar.', false);
insert into recipe_nutrition_profiles (id, recipe_id, calories, calories_kcal, protein_g, carbs_g, fats_g, fat_g) values (gen_random_uuid(), '13320ab4-d706-4537-888c-78f636dc96fd', 220, 220, 20, 24, 14, 14);
insert into recipe_ingredients (id, recipe_id, ingredient_text) values (gen_random_uuid(), '13320ab4-d706-4537-888c-78f636dc96fd', 'milho de pipoca');
insert into recipe_ingredients (id, recipe_id, ingredient_text) values (gen_random_uuid(), '13320ab4-d706-4537-888c-78f636dc96fd', 'azeite');
insert into recipe_ingredients (id, recipe_id, ingredient_text) values (gen_random_uuid(), '13320ab4-d706-4537-888c-78f636dc96fd', 'sal moderado');
insert into recipe_ingredients (id, recipe_id, ingredient_text) values (gen_random_uuid(), '13320ab4-d706-4537-888c-78f636dc96fd', 'frango');
insert into recipe_ingredients (id, recipe_id, ingredient_text) values (gen_random_uuid(), '13320ab4-d706-4537-888c-78f636dc96fd', 'cenoura');
insert into recipe_ingredients (id, recipe_id, ingredient_text) values (gen_random_uuid(), '13320ab4-d706-4537-888c-78f636dc96fd', 'aveia');

insert into recipes (id, name, source, visibility, prep_time_min, preparation, objective, needs_review) values ('c8d32528-e419-458a-8468-162f4459bb24', 'Pipoca Caseira com abobrinha', 'admin', 'public', 31, 'Aqueça uma panela com pequena quantidade de azeite. Adicione o milho, tampe e deixe estourar em fogo médio. Finalize com pouco sal. Adicione abobrinha durante o preparo para aumentar fibras e volume alimentar. Finalize ajustando os temperos naturais e sirva ainda quente.', 'Promover saciedade, praticidade, controle calórico moderado e aderência alimentar.', false);
insert into recipe_nutrition_profiles (id, recipe_id, calories, calories_kcal, protein_g, carbs_g, fats_g, fat_g) values (gen_random_uuid(), 'c8d32528-e419-458a-8468-162f4459bb24', 491, 491, 38, 54, 14, 14);
insert into recipe_ingredients (id, recipe_id, ingredient_text) values (gen_random_uuid(), 'c8d32528-e419-458a-8468-162f4459bb24', 'milho de pipoca');
insert into recipe_ingredients (id, recipe_id, ingredient_text) values (gen_random_uuid(), 'c8d32528-e419-458a-8468-162f4459bb24', 'azeite');
insert into recipe_ingredients (id, recipe_id, ingredient_text) values (gen_random_uuid(), 'c8d32528-e419-458a-8468-162f4459bb24', 'sal moderado');
insert into recipe_ingredients (id, recipe_id, ingredient_text) values (gen_random_uuid(), 'c8d32528-e419-458a-8468-162f4459bb24', 'atum');
insert into recipe_ingredients (id, recipe_id, ingredient_text) values (gen_random_uuid(), 'c8d32528-e419-458a-8468-162f4459bb24', 'abobrinha');
insert into recipe_ingredients (id, recipe_id, ingredient_text) values (gen_random_uuid(), 'c8d32528-e419-458a-8468-162f4459bb24', 'azeite');

insert into recipes (id, name, source, visibility, prep_time_min, preparation, objective, needs_review) values ('bfa1d313-668a-4285-be20-60d6b07345e5', 'Pipoca Caseira com brócolis', 'admin', 'public', 18, 'Aqueça uma panela com pequena quantidade de azeite. Adicione o milho, tampe e deixe estourar em fogo médio. Finalize com pouco sal. Adicione brócolis durante o preparo para aumentar fibras e volume alimentar. Finalize ajustando os temperos naturais e sirva ainda quente.', 'Promover saciedade, praticidade, controle calórico moderado e aderência alimentar.', false);
insert into recipe_nutrition_profiles (id, recipe_id, calories, calories_kcal, protein_g, carbs_g, fats_g, fat_g) values (gen_random_uuid(), 'bfa1d313-668a-4285-be20-60d6b07345e5', 438, 438, 13, 35, 7, 7);
insert into recipe_ingredients (id, recipe_id, ingredient_text) values (gen_random_uuid(), 'bfa1d313-668a-4285-be20-60d6b07345e5', 'milho de pipoca');
insert into recipe_ingredients (id, recipe_id, ingredient_text) values (gen_random_uuid(), 'bfa1d313-668a-4285-be20-60d6b07345e5', 'azeite');
insert into recipe_ingredients (id, recipe_id, ingredient_text) values (gen_random_uuid(), 'bfa1d313-668a-4285-be20-60d6b07345e5', 'sal moderado');
insert into recipe_ingredients (id, recipe_id, ingredient_text) values (gen_random_uuid(), 'bfa1d313-668a-4285-be20-60d6b07345e5', 'tilápia');
insert into recipe_ingredients (id, recipe_id, ingredient_text) values (gen_random_uuid(), 'bfa1d313-668a-4285-be20-60d6b07345e5', 'brócolis');
insert into recipe_ingredients (id, recipe_id, ingredient_text) values (gen_random_uuid(), 'bfa1d313-668a-4285-be20-60d6b07345e5', 'iogurte natural');

insert into recipes (id, name, source, visibility, prep_time_min, preparation, objective, needs_review) values ('4014e936-0a22-4f9a-b341-50f8da6f01e9', 'Iogurte com Frutas com brócolis', 'admin', 'public', 14, 'Coloque o iogurte em um recipiente. Acrescente as frutas picadas e finalize com pequena porção de granola. Adicione brócolis durante o preparo para aumentar fibras e volume alimentar. Finalize ajustando os temperos naturais e sirva ainda quente.', 'Promover saciedade, praticidade, controle calórico moderado e aderência alimentar.', false);
insert into recipe_nutrition_profiles (id, recipe_id, calories, calories_kcal, protein_g, carbs_g, fats_g, fat_g) values (gen_random_uuid(), '4014e936-0a22-4f9a-b341-50f8da6f01e9', 387, 387, 22, 21, 7, 7);
insert into recipe_ingredients (id, recipe_id, ingredient_text) values (gen_random_uuid(), '4014e936-0a22-4f9a-b341-50f8da6f01e9', 'iogurte natural');
insert into recipe_ingredients (id, recipe_id, ingredient_text) values (gen_random_uuid(), '4014e936-0a22-4f9a-b341-50f8da6f01e9', 'morango');
insert into recipe_ingredients (id, recipe_id, ingredient_text) values (gen_random_uuid(), '4014e936-0a22-4f9a-b341-50f8da6f01e9', 'banana');
insert into recipe_ingredients (id, recipe_id, ingredient_text) values (gen_random_uuid(), '4014e936-0a22-4f9a-b341-50f8da6f01e9', 'granola');
insert into recipe_ingredients (id, recipe_id, ingredient_text) values (gen_random_uuid(), '4014e936-0a22-4f9a-b341-50f8da6f01e9', 'ovo');
insert into recipe_ingredients (id, recipe_id, ingredient_text) values (gen_random_uuid(), '4014e936-0a22-4f9a-b341-50f8da6f01e9', 'brócolis');
insert into recipe_ingredients (id, recipe_id, ingredient_text) values (gen_random_uuid(), '4014e936-0a22-4f9a-b341-50f8da6f01e9', 'azeite');

insert into recipes (id, name, source, visibility, prep_time_min, preparation, objective, needs_review) values ('1ef9bfb9-6eb5-45b9-bffe-aad9330a176f', 'Iogurte com Frutas com tomate', 'admin', 'public', 11, 'Coloque o iogurte em um recipiente. Acrescente as frutas picadas e finalize com pequena porção de granola. Adicione tomate durante o preparo para aumentar fibras e volume alimentar. Finalize ajustando os temperos naturais e sirva ainda quente.', 'Promover saciedade, praticidade, controle calórico moderado e aderência alimentar.', false);
insert into recipe_nutrition_profiles (id, recipe_id, calories, calories_kcal, protein_g, carbs_g, fats_g, fat_g) values (gen_random_uuid(), '1ef9bfb9-6eb5-45b9-bffe-aad9330a176f', 334, 334, 16, 36, 12, 12);
insert into recipe_ingredients (id, recipe_id, ingredient_text) values (gen_random_uuid(), '1ef9bfb9-6eb5-45b9-bffe-aad9330a176f', 'iogurte natural');
insert into recipe_ingredients (id, recipe_id, ingredient_text) values (gen_random_uuid(), '1ef9bfb9-6eb5-45b9-bffe-aad9330a176f', 'morango');
insert into recipe_ingredients (id, recipe_id, ingredient_text) values (gen_random_uuid(), '1ef9bfb9-6eb5-45b9-bffe-aad9330a176f', 'banana');
insert into recipe_ingredients (id, recipe_id, ingredient_text) values (gen_random_uuid(), '1ef9bfb9-6eb5-45b9-bffe-aad9330a176f', 'granola');
insert into recipe_ingredients (id, recipe_id, ingredient_text) values (gen_random_uuid(), '1ef9bfb9-6eb5-45b9-bffe-aad9330a176f', 'tilápia');
insert into recipe_ingredients (id, recipe_id, ingredient_text) values (gen_random_uuid(), '1ef9bfb9-6eb5-45b9-bffe-aad9330a176f', 'tomate');
insert into recipe_ingredients (id, recipe_id, ingredient_text) values (gen_random_uuid(), '1ef9bfb9-6eb5-45b9-bffe-aad9330a176f', 'chia');

insert into recipes (id, name, source, visibility, prep_time_min, preparation, objective, needs_review) values ('cfdd6c60-b953-4d64-b5f8-d92145cf4cdc', 'Pipoca Caseira com brócolis', 'admin', 'public', 33, 'Aqueça uma panela com pequena quantidade de azeite. Adicione o milho, tampe e deixe estourar em fogo médio. Finalize com pouco sal. Adicione brócolis durante o preparo para aumentar fibras e volume alimentar. Finalize ajustando os temperos naturais e sirva ainda quente.', 'Promover saciedade, praticidade, controle calórico moderado e aderência alimentar.', false);
insert into recipe_nutrition_profiles (id, recipe_id, calories, calories_kcal, protein_g, carbs_g, fats_g, fat_g) values (gen_random_uuid(), 'cfdd6c60-b953-4d64-b5f8-d92145cf4cdc', 492, 492, 13, 19, 9, 9);
insert into recipe_ingredients (id, recipe_id, ingredient_text) values (gen_random_uuid(), 'cfdd6c60-b953-4d64-b5f8-d92145cf4cdc', 'milho de pipoca');
insert into recipe_ingredients (id, recipe_id, ingredient_text) values (gen_random_uuid(), 'cfdd6c60-b953-4d64-b5f8-d92145cf4cdc', 'azeite');
insert into recipe_ingredients (id, recipe_id, ingredient_text) values (gen_random_uuid(), 'cfdd6c60-b953-4d64-b5f8-d92145cf4cdc', 'sal moderado');
insert into recipe_ingredients (id, recipe_id, ingredient_text) values (gen_random_uuid(), 'cfdd6c60-b953-4d64-b5f8-d92145cf4cdc', 'atum');
insert into recipe_ingredients (id, recipe_id, ingredient_text) values (gen_random_uuid(), 'cfdd6c60-b953-4d64-b5f8-d92145cf4cdc', 'brócolis');
insert into recipe_ingredients (id, recipe_id, ingredient_text) values (gen_random_uuid(), 'cfdd6c60-b953-4d64-b5f8-d92145cf4cdc', 'chia');

insert into recipes (id, name, source, visibility, prep_time_min, preparation, objective, needs_review) values ('505bf0c6-0528-4390-bd0b-521024dde983', 'Iogurte com Frutas com tomate', 'admin', 'public', 26, 'Coloque o iogurte em um recipiente. Acrescente as frutas picadas e finalize com pequena porção de granola. Adicione tomate durante o preparo para aumentar fibras e volume alimentar. Finalize ajustando os temperos naturais e sirva ainda quente.', 'Promover saciedade, praticidade, controle calórico moderado e aderência alimentar.', false);
insert into recipe_nutrition_profiles (id, recipe_id, calories, calories_kcal, protein_g, carbs_g, fats_g, fat_g) values (gen_random_uuid(), '505bf0c6-0528-4390-bd0b-521024dde983', 307, 307, 35, 53, 18, 18);
insert into recipe_ingredients (id, recipe_id, ingredient_text) values (gen_random_uuid(), '505bf0c6-0528-4390-bd0b-521024dde983', 'iogurte natural');
insert into recipe_ingredients (id, recipe_id, ingredient_text) values (gen_random_uuid(), '505bf0c6-0528-4390-bd0b-521024dde983', 'morango');
insert into recipe_ingredients (id, recipe_id, ingredient_text) values (gen_random_uuid(), '505bf0c6-0528-4390-bd0b-521024dde983', 'banana');
insert into recipe_ingredients (id, recipe_id, ingredient_text) values (gen_random_uuid(), '505bf0c6-0528-4390-bd0b-521024dde983', 'granola');
insert into recipe_ingredients (id, recipe_id, ingredient_text) values (gen_random_uuid(), '505bf0c6-0528-4390-bd0b-521024dde983', 'carne magra');
insert into recipe_ingredients (id, recipe_id, ingredient_text) values (gen_random_uuid(), '505bf0c6-0528-4390-bd0b-521024dde983', 'tomate');
insert into recipe_ingredients (id, recipe_id, ingredient_text) values (gen_random_uuid(), '505bf0c6-0528-4390-bd0b-521024dde983', 'iogurte natural');

insert into recipes (id, name, source, visibility, prep_time_min, preparation, objective, needs_review) values ('e87b34a0-75b8-4e8d-8b38-f4e30f457c68', 'Pipoca Caseira com espinafre', 'admin', 'public', 20, 'Aqueça uma panela com pequena quantidade de azeite. Adicione o milho, tampe e deixe estourar em fogo médio. Finalize com pouco sal. Adicione espinafre durante o preparo para aumentar fibras e volume alimentar. Finalize ajustando os temperos naturais e sirva ainda quente.', 'Promover saciedade, praticidade, controle calórico moderado e aderência alimentar.', false);
insert into recipe_nutrition_profiles (id, recipe_id, calories, calories_kcal, protein_g, carbs_g, fats_g, fat_g) values (gen_random_uuid(), 'e87b34a0-75b8-4e8d-8b38-f4e30f457c68', 440, 440, 27, 21, 15, 15);
insert into recipe_ingredients (id, recipe_id, ingredient_text) values (gen_random_uuid(), 'e87b34a0-75b8-4e8d-8b38-f4e30f457c68', 'milho de pipoca');
insert into recipe_ingredients (id, recipe_id, ingredient_text) values (gen_random_uuid(), 'e87b34a0-75b8-4e8d-8b38-f4e30f457c68', 'azeite');
insert into recipe_ingredients (id, recipe_id, ingredient_text) values (gen_random_uuid(), 'e87b34a0-75b8-4e8d-8b38-f4e30f457c68', 'sal moderado');
insert into recipe_ingredients (id, recipe_id, ingredient_text) values (gen_random_uuid(), 'e87b34a0-75b8-4e8d-8b38-f4e30f457c68', 'tilápia');
insert into recipe_ingredients (id, recipe_id, ingredient_text) values (gen_random_uuid(), 'e87b34a0-75b8-4e8d-8b38-f4e30f457c68', 'espinafre');
insert into recipe_ingredients (id, recipe_id, ingredient_text) values (gen_random_uuid(), 'e87b34a0-75b8-4e8d-8b38-f4e30f457c68', 'azeite');

insert into recipes (id, name, source, visibility, prep_time_min, preparation, objective, needs_review) values ('e8ab8b1f-661c-45d8-bc45-68ceff3d561c', 'Iogurte com Frutas com abobrinha', 'admin', 'public', 23, 'Coloque o iogurte em um recipiente. Acrescente as frutas picadas e finalize com pequena porção de granola. Adicione abobrinha durante o preparo para aumentar fibras e volume alimentar. Finalize ajustando os temperos naturais e sirva ainda quente.', 'Promover saciedade, praticidade, controle calórico moderado e aderência alimentar.', false);
insert into recipe_nutrition_profiles (id, recipe_id, calories, calories_kcal, protein_g, carbs_g, fats_g, fat_g) values (gen_random_uuid(), 'e8ab8b1f-661c-45d8-bc45-68ceff3d561c', 442, 442, 15, 51, 17, 17);
insert into recipe_ingredients (id, recipe_id, ingredient_text) values (gen_random_uuid(), 'e8ab8b1f-661c-45d8-bc45-68ceff3d561c', 'iogurte natural');
insert into recipe_ingredients (id, recipe_id, ingredient_text) values (gen_random_uuid(), 'e8ab8b1f-661c-45d8-bc45-68ceff3d561c', 'morango');
insert into recipe_ingredients (id, recipe_id, ingredient_text) values (gen_random_uuid(), 'e8ab8b1f-661c-45d8-bc45-68ceff3d561c', 'banana');
insert into recipe_ingredients (id, recipe_id, ingredient_text) values (gen_random_uuid(), 'e8ab8b1f-661c-45d8-bc45-68ceff3d561c', 'granola');
insert into recipe_ingredients (id, recipe_id, ingredient_text) values (gen_random_uuid(), 'e8ab8b1f-661c-45d8-bc45-68ceff3d561c', 'atum');
insert into recipe_ingredients (id, recipe_id, ingredient_text) values (gen_random_uuid(), 'e8ab8b1f-661c-45d8-bc45-68ceff3d561c', 'abobrinha');
insert into recipe_ingredients (id, recipe_id, ingredient_text) values (gen_random_uuid(), 'e8ab8b1f-661c-45d8-bc45-68ceff3d561c', 'aveia');

insert into recipes (id, name, source, visibility, prep_time_min, preparation, objective, needs_review) values ('229d1d00-6afb-4fbc-bee8-6c32f2832be8', 'Pipoca Caseira com cenoura', 'admin', 'public', 32, 'Aqueça uma panela com pequena quantidade de azeite. Adicione o milho, tampe e deixe estourar em fogo médio. Finalize com pouco sal. Adicione cenoura durante o preparo para aumentar fibras e volume alimentar. Finalize ajustando os temperos naturais e sirva ainda quente.', 'Promover saciedade, praticidade, controle calórico moderado e aderência alimentar.', false);
insert into recipe_nutrition_profiles (id, recipe_id, calories, calories_kcal, protein_g, carbs_g, fats_g, fat_g) values (gen_random_uuid(), '229d1d00-6afb-4fbc-bee8-6c32f2832be8', 336, 336, 35, 23, 11, 11);
insert into recipe_ingredients (id, recipe_id, ingredient_text) values (gen_random_uuid(), '229d1d00-6afb-4fbc-bee8-6c32f2832be8', 'milho de pipoca');
insert into recipe_ingredients (id, recipe_id, ingredient_text) values (gen_random_uuid(), '229d1d00-6afb-4fbc-bee8-6c32f2832be8', 'azeite');
insert into recipe_ingredients (id, recipe_id, ingredient_text) values (gen_random_uuid(), '229d1d00-6afb-4fbc-bee8-6c32f2832be8', 'sal moderado');
insert into recipe_ingredients (id, recipe_id, ingredient_text) values (gen_random_uuid(), '229d1d00-6afb-4fbc-bee8-6c32f2832be8', 'frango');
insert into recipe_ingredients (id, recipe_id, ingredient_text) values (gen_random_uuid(), '229d1d00-6afb-4fbc-bee8-6c32f2832be8', 'cenoura');
insert into recipe_ingredients (id, recipe_id, ingredient_text) values (gen_random_uuid(), '229d1d00-6afb-4fbc-bee8-6c32f2832be8', 'iogurte natural');

insert into recipes (id, name, source, visibility, prep_time_min, preparation, objective, needs_review) values ('17878300-37ed-4d0c-a6af-80fbefbe2b51', 'Pipoca Caseira com brócolis', 'admin', 'public', 21, 'Aqueça uma panela com pequena quantidade de azeite. Adicione o milho, tampe e deixe estourar em fogo médio. Finalize com pouco sal. Adicione brócolis durante o preparo para aumentar fibras e volume alimentar. Finalize ajustando os temperos naturais e sirva ainda quente.', 'Promover saciedade, praticidade, controle calórico moderado e aderência alimentar.', false);
insert into recipe_nutrition_profiles (id, recipe_id, calories, calories_kcal, protein_g, carbs_g, fats_g, fat_g) values (gen_random_uuid(), '17878300-37ed-4d0c-a6af-80fbefbe2b51', 268, 268, 17, 50, 10, 10);
insert into recipe_ingredients (id, recipe_id, ingredient_text) values (gen_random_uuid(), '17878300-37ed-4d0c-a6af-80fbefbe2b51', 'milho de pipoca');
insert into recipe_ingredients (id, recipe_id, ingredient_text) values (gen_random_uuid(), '17878300-37ed-4d0c-a6af-80fbefbe2b51', 'azeite');
insert into recipe_ingredients (id, recipe_id, ingredient_text) values (gen_random_uuid(), '17878300-37ed-4d0c-a6af-80fbefbe2b51', 'sal moderado');
insert into recipe_ingredients (id, recipe_id, ingredient_text) values (gen_random_uuid(), '17878300-37ed-4d0c-a6af-80fbefbe2b51', 'tilápia');
insert into recipe_ingredients (id, recipe_id, ingredient_text) values (gen_random_uuid(), '17878300-37ed-4d0c-a6af-80fbefbe2b51', 'brócolis');
insert into recipe_ingredients (id, recipe_id, ingredient_text) values (gen_random_uuid(), '17878300-37ed-4d0c-a6af-80fbefbe2b51', 'aveia');

insert into recipes (id, name, source, visibility, prep_time_min, preparation, objective, needs_review) values ('930d576f-0fe6-4b9c-a752-5f75521ec940', 'Iogurte com Frutas com espinafre', 'admin', 'public', 14, 'Coloque o iogurte em um recipiente. Acrescente as frutas picadas e finalize com pequena porção de granola. Adicione espinafre durante o preparo para aumentar fibras e volume alimentar. Finalize ajustando os temperos naturais e sirva ainda quente.', 'Promover saciedade, praticidade, controle calórico moderado e aderência alimentar.', false);
insert into recipe_nutrition_profiles (id, recipe_id, calories, calories_kcal, protein_g, carbs_g, fats_g, fat_g) values (gen_random_uuid(), '930d576f-0fe6-4b9c-a752-5f75521ec940', 472, 472, 35, 23, 9, 9);
insert into recipe_ingredients (id, recipe_id, ingredient_text) values (gen_random_uuid(), '930d576f-0fe6-4b9c-a752-5f75521ec940', 'iogurte natural');
insert into recipe_ingredients (id, recipe_id, ingredient_text) values (gen_random_uuid(), '930d576f-0fe6-4b9c-a752-5f75521ec940', 'morango');
insert into recipe_ingredients (id, recipe_id, ingredient_text) values (gen_random_uuid(), '930d576f-0fe6-4b9c-a752-5f75521ec940', 'banana');
insert into recipe_ingredients (id, recipe_id, ingredient_text) values (gen_random_uuid(), '930d576f-0fe6-4b9c-a752-5f75521ec940', 'granola');
insert into recipe_ingredients (id, recipe_id, ingredient_text) values (gen_random_uuid(), '930d576f-0fe6-4b9c-a752-5f75521ec940', 'ovo');
insert into recipe_ingredients (id, recipe_id, ingredient_text) values (gen_random_uuid(), '930d576f-0fe6-4b9c-a752-5f75521ec940', 'espinafre');
insert into recipe_ingredients (id, recipe_id, ingredient_text) values (gen_random_uuid(), '930d576f-0fe6-4b9c-a752-5f75521ec940', 'azeite');

insert into recipes (id, name, source, visibility, prep_time_min, preparation, objective, needs_review) values ('20f91dd8-23c6-47f4-8e42-6fc635cbca1e', 'Pipoca Caseira com tomate', 'admin', 'public', 24, 'Aqueça uma panela com pequena quantidade de azeite. Adicione o milho, tampe e deixe estourar em fogo médio. Finalize com pouco sal. Adicione tomate durante o preparo para aumentar fibras e volume alimentar. Finalize ajustando os temperos naturais e sirva ainda quente.', 'Promover saciedade, praticidade, controle calórico moderado e aderência alimentar.', false);
insert into recipe_nutrition_profiles (id, recipe_id, calories, calories_kcal, protein_g, carbs_g, fats_g, fat_g) values (gen_random_uuid(), '20f91dd8-23c6-47f4-8e42-6fc635cbca1e', 537, 537, 24, 52, 7, 7);
insert into recipe_ingredients (id, recipe_id, ingredient_text) values (gen_random_uuid(), '20f91dd8-23c6-47f4-8e42-6fc635cbca1e', 'milho de pipoca');
insert into recipe_ingredients (id, recipe_id, ingredient_text) values (gen_random_uuid(), '20f91dd8-23c6-47f4-8e42-6fc635cbca1e', 'azeite');
insert into recipe_ingredients (id, recipe_id, ingredient_text) values (gen_random_uuid(), '20f91dd8-23c6-47f4-8e42-6fc635cbca1e', 'sal moderado');
insert into recipe_ingredients (id, recipe_id, ingredient_text) values (gen_random_uuid(), '20f91dd8-23c6-47f4-8e42-6fc635cbca1e', 'frango');
insert into recipe_ingredients (id, recipe_id, ingredient_text) values (gen_random_uuid(), '20f91dd8-23c6-47f4-8e42-6fc635cbca1e', 'tomate');
insert into recipe_ingredients (id, recipe_id, ingredient_text) values (gen_random_uuid(), '20f91dd8-23c6-47f4-8e42-6fc635cbca1e', 'queijo branco');

insert into recipes (id, name, source, visibility, prep_time_min, preparation, objective, needs_review) values ('0dacd267-a581-4159-a5d3-d7ab03a4e71f', 'Pipoca Caseira com abobrinha', 'admin', 'public', 35, 'Aqueça uma panela com pequena quantidade de azeite. Adicione o milho, tampe e deixe estourar em fogo médio. Finalize com pouco sal. Adicione abobrinha durante o preparo para aumentar fibras e volume alimentar. Finalize ajustando os temperos naturais e sirva ainda quente.', 'Promover saciedade, praticidade, controle calórico moderado e aderência alimentar.', false);
insert into recipe_nutrition_profiles (id, recipe_id, calories, calories_kcal, protein_g, carbs_g, fats_g, fat_g) values (gen_random_uuid(), '0dacd267-a581-4159-a5d3-d7ab03a4e71f', 183, 183, 24, 26, 12, 12);
insert into recipe_ingredients (id, recipe_id, ingredient_text) values (gen_random_uuid(), '0dacd267-a581-4159-a5d3-d7ab03a4e71f', 'milho de pipoca');
insert into recipe_ingredients (id, recipe_id, ingredient_text) values (gen_random_uuid(), '0dacd267-a581-4159-a5d3-d7ab03a4e71f', 'azeite');
insert into recipe_ingredients (id, recipe_id, ingredient_text) values (gen_random_uuid(), '0dacd267-a581-4159-a5d3-d7ab03a4e71f', 'sal moderado');
insert into recipe_ingredients (id, recipe_id, ingredient_text) values (gen_random_uuid(), '0dacd267-a581-4159-a5d3-d7ab03a4e71f', 'tilápia');
insert into recipe_ingredients (id, recipe_id, ingredient_text) values (gen_random_uuid(), '0dacd267-a581-4159-a5d3-d7ab03a4e71f', 'abobrinha');
insert into recipe_ingredients (id, recipe_id, ingredient_text) values (gen_random_uuid(), '0dacd267-a581-4159-a5d3-d7ab03a4e71f', 'aveia');

insert into recipes (id, name, source, visibility, prep_time_min, preparation, objective, needs_review) values ('27e6e79d-8fe3-4dd9-9dea-bf9f9772abb1', 'Pipoca Caseira com brócolis', 'admin', 'public', 20, 'Aqueça uma panela com pequena quantidade de azeite. Adicione o milho, tampe e deixe estourar em fogo médio. Finalize com pouco sal. Adicione brócolis durante o preparo para aumentar fibras e volume alimentar. Finalize ajustando os temperos naturais e sirva ainda quente.', 'Promover saciedade, praticidade, controle calórico moderado e aderência alimentar.', false);
insert into recipe_nutrition_profiles (id, recipe_id, calories, calories_kcal, protein_g, carbs_g, fats_g, fat_g) values (gen_random_uuid(), '27e6e79d-8fe3-4dd9-9dea-bf9f9772abb1', 467, 467, 31, 15, 12, 12);
insert into recipe_ingredients (id, recipe_id, ingredient_text) values (gen_random_uuid(), '27e6e79d-8fe3-4dd9-9dea-bf9f9772abb1', 'milho de pipoca');
insert into recipe_ingredients (id, recipe_id, ingredient_text) values (gen_random_uuid(), '27e6e79d-8fe3-4dd9-9dea-bf9f9772abb1', 'azeite');
insert into recipe_ingredients (id, recipe_id, ingredient_text) values (gen_random_uuid(), '27e6e79d-8fe3-4dd9-9dea-bf9f9772abb1', 'sal moderado');
insert into recipe_ingredients (id, recipe_id, ingredient_text) values (gen_random_uuid(), '27e6e79d-8fe3-4dd9-9dea-bf9f9772abb1', 'tilápia');
insert into recipe_ingredients (id, recipe_id, ingredient_text) values (gen_random_uuid(), '27e6e79d-8fe3-4dd9-9dea-bf9f9772abb1', 'brócolis');
insert into recipe_ingredients (id, recipe_id, ingredient_text) values (gen_random_uuid(), '27e6e79d-8fe3-4dd9-9dea-bf9f9772abb1', 'azeite');

insert into recipes (id, name, source, visibility, prep_time_min, preparation, objective, needs_review) values ('7fbe3d51-2798-40b3-b03b-52f49c224f48', 'Pipoca Caseira com cenoura', 'admin', 'public', 34, 'Aqueça uma panela com pequena quantidade de azeite. Adicione o milho, tampe e deixe estourar em fogo médio. Finalize com pouco sal. Adicione cenoura durante o preparo para aumentar fibras e volume alimentar. Finalize ajustando os temperos naturais e sirva ainda quente.', 'Promover saciedade, praticidade, controle calórico moderado e aderência alimentar.', false);
insert into recipe_nutrition_profiles (id, recipe_id, calories, calories_kcal, protein_g, carbs_g, fats_g, fat_g) values (gen_random_uuid(), '7fbe3d51-2798-40b3-b03b-52f49c224f48', 539, 539, 32, 20, 8, 8);
insert into recipe_ingredients (id, recipe_id, ingredient_text) values (gen_random_uuid(), '7fbe3d51-2798-40b3-b03b-52f49c224f48', 'milho de pipoca');
insert into recipe_ingredients (id, recipe_id, ingredient_text) values (gen_random_uuid(), '7fbe3d51-2798-40b3-b03b-52f49c224f48', 'azeite');
insert into recipe_ingredients (id, recipe_id, ingredient_text) values (gen_random_uuid(), '7fbe3d51-2798-40b3-b03b-52f49c224f48', 'sal moderado');
insert into recipe_ingredients (id, recipe_id, ingredient_text) values (gen_random_uuid(), '7fbe3d51-2798-40b3-b03b-52f49c224f48', 'tilápia');
insert into recipe_ingredients (id, recipe_id, ingredient_text) values (gen_random_uuid(), '7fbe3d51-2798-40b3-b03b-52f49c224f48', 'cenoura');
insert into recipe_ingredients (id, recipe_id, ingredient_text) values (gen_random_uuid(), '7fbe3d51-2798-40b3-b03b-52f49c224f48', 'iogurte natural');

insert into recipes (id, name, source, visibility, prep_time_min, preparation, objective, needs_review) values ('ba61820f-739e-4912-8ac5-6aaaf40174bd', 'Pipoca Caseira com espinafre', 'admin', 'public', 10, 'Aqueça uma panela com pequena quantidade de azeite. Adicione o milho, tampe e deixe estourar em fogo médio. Finalize com pouco sal. Adicione espinafre durante o preparo para aumentar fibras e volume alimentar. Finalize ajustando os temperos naturais e sirva ainda quente.', 'Promover saciedade, praticidade, controle calórico moderado e aderência alimentar.', false);
insert into recipe_nutrition_profiles (id, recipe_id, calories, calories_kcal, protein_g, carbs_g, fats_g, fat_g) values (gen_random_uuid(), 'ba61820f-739e-4912-8ac5-6aaaf40174bd', 492, 492, 37, 32, 5, 5);
insert into recipe_ingredients (id, recipe_id, ingredient_text) values (gen_random_uuid(), 'ba61820f-739e-4912-8ac5-6aaaf40174bd', 'milho de pipoca');
insert into recipe_ingredients (id, recipe_id, ingredient_text) values (gen_random_uuid(), 'ba61820f-739e-4912-8ac5-6aaaf40174bd', 'azeite');
insert into recipe_ingredients (id, recipe_id, ingredient_text) values (gen_random_uuid(), 'ba61820f-739e-4912-8ac5-6aaaf40174bd', 'sal moderado');
insert into recipe_ingredients (id, recipe_id, ingredient_text) values (gen_random_uuid(), 'ba61820f-739e-4912-8ac5-6aaaf40174bd', 'tilápia');
insert into recipe_ingredients (id, recipe_id, ingredient_text) values (gen_random_uuid(), 'ba61820f-739e-4912-8ac5-6aaaf40174bd', 'espinafre');
insert into recipe_ingredients (id, recipe_id, ingredient_text) values (gen_random_uuid(), 'ba61820f-739e-4912-8ac5-6aaaf40174bd', 'queijo branco');

insert into recipes (id, name, source, visibility, prep_time_min, preparation, objective, needs_review) values ('379092ec-094f-41a9-a6f7-e5e3989e21a9', 'Pipoca Caseira com tomate', 'admin', 'public', 13, 'Aqueça uma panela com pequena quantidade de azeite. Adicione o milho, tampe e deixe estourar em fogo médio. Finalize com pouco sal. Adicione tomate durante o preparo para aumentar fibras e volume alimentar. Finalize ajustando os temperos naturais e sirva ainda quente.', 'Promover saciedade, praticidade, controle calórico moderado e aderência alimentar.', false);
insert into recipe_nutrition_profiles (id, recipe_id, calories, calories_kcal, protein_g, carbs_g, fats_g, fat_g) values (gen_random_uuid(), '379092ec-094f-41a9-a6f7-e5e3989e21a9', 408, 408, 19, 55, 10, 10);
insert into recipe_ingredients (id, recipe_id, ingredient_text) values (gen_random_uuid(), '379092ec-094f-41a9-a6f7-e5e3989e21a9', 'milho de pipoca');
insert into recipe_ingredients (id, recipe_id, ingredient_text) values (gen_random_uuid(), '379092ec-094f-41a9-a6f7-e5e3989e21a9', 'azeite');
insert into recipe_ingredients (id, recipe_id, ingredient_text) values (gen_random_uuid(), '379092ec-094f-41a9-a6f7-e5e3989e21a9', 'sal moderado');
insert into recipe_ingredients (id, recipe_id, ingredient_text) values (gen_random_uuid(), '379092ec-094f-41a9-a6f7-e5e3989e21a9', 'ovo');
insert into recipe_ingredients (id, recipe_id, ingredient_text) values (gen_random_uuid(), '379092ec-094f-41a9-a6f7-e5e3989e21a9', 'tomate');
insert into recipe_ingredients (id, recipe_id, ingredient_text) values (gen_random_uuid(), '379092ec-094f-41a9-a6f7-e5e3989e21a9', 'chia');

insert into recipes (id, name, source, visibility, prep_time_min, preparation, objective, needs_review) values ('955b5136-fb25-486c-ba23-7da5f4574fa2', 'Pipoca Caseira com brócolis', 'admin', 'public', 6, 'Aqueça uma panela com pequena quantidade de azeite. Adicione o milho, tampe e deixe estourar em fogo médio. Finalize com pouco sal. Adicione brócolis durante o preparo para aumentar fibras e volume alimentar. Finalize ajustando os temperos naturais e sirva ainda quente.', 'Promover saciedade, praticidade, controle calórico moderado e aderência alimentar.', false);
insert into recipe_nutrition_profiles (id, recipe_id, calories, calories_kcal, protein_g, carbs_g, fats_g, fat_g) values (gen_random_uuid(), '955b5136-fb25-486c-ba23-7da5f4574fa2', 339, 339, 25, 54, 13, 13);
insert into recipe_ingredients (id, recipe_id, ingredient_text) values (gen_random_uuid(), '955b5136-fb25-486c-ba23-7da5f4574fa2', 'milho de pipoca');
insert into recipe_ingredients (id, recipe_id, ingredient_text) values (gen_random_uuid(), '955b5136-fb25-486c-ba23-7da5f4574fa2', 'azeite');
insert into recipe_ingredients (id, recipe_id, ingredient_text) values (gen_random_uuid(), '955b5136-fb25-486c-ba23-7da5f4574fa2', 'sal moderado');
insert into recipe_ingredients (id, recipe_id, ingredient_text) values (gen_random_uuid(), '955b5136-fb25-486c-ba23-7da5f4574fa2', 'ovo');
insert into recipe_ingredients (id, recipe_id, ingredient_text) values (gen_random_uuid(), '955b5136-fb25-486c-ba23-7da5f4574fa2', 'brócolis');
insert into recipe_ingredients (id, recipe_id, ingredient_text) values (gen_random_uuid(), '955b5136-fb25-486c-ba23-7da5f4574fa2', 'azeite');

insert into recipes (id, name, source, visibility, prep_time_min, preparation, objective, needs_review) values ('de44441b-3cad-4781-b644-2eaa49b1287d', 'Iogurte com Frutas com brócolis', 'admin', 'public', 21, 'Coloque o iogurte em um recipiente. Acrescente as frutas picadas e finalize com pequena porção de granola. Adicione brócolis durante o preparo para aumentar fibras e volume alimentar. Finalize ajustando os temperos naturais e sirva ainda quente.', 'Promover saciedade, praticidade, controle calórico moderado e aderência alimentar.', false);
insert into recipe_nutrition_profiles (id, recipe_id, calories, calories_kcal, protein_g, carbs_g, fats_g, fat_g) values (gen_random_uuid(), 'de44441b-3cad-4781-b644-2eaa49b1287d', 492, 492, 22, 23, 5, 5);
insert into recipe_ingredients (id, recipe_id, ingredient_text) values (gen_random_uuid(), 'de44441b-3cad-4781-b644-2eaa49b1287d', 'iogurte natural');
insert into recipe_ingredients (id, recipe_id, ingredient_text) values (gen_random_uuid(), 'de44441b-3cad-4781-b644-2eaa49b1287d', 'morango');
insert into recipe_ingredients (id, recipe_id, ingredient_text) values (gen_random_uuid(), 'de44441b-3cad-4781-b644-2eaa49b1287d', 'banana');
insert into recipe_ingredients (id, recipe_id, ingredient_text) values (gen_random_uuid(), 'de44441b-3cad-4781-b644-2eaa49b1287d', 'granola');
insert into recipe_ingredients (id, recipe_id, ingredient_text) values (gen_random_uuid(), 'de44441b-3cad-4781-b644-2eaa49b1287d', 'carne magra');
insert into recipe_ingredients (id, recipe_id, ingredient_text) values (gen_random_uuid(), 'de44441b-3cad-4781-b644-2eaa49b1287d', 'brócolis');
insert into recipe_ingredients (id, recipe_id, ingredient_text) values (gen_random_uuid(), 'de44441b-3cad-4781-b644-2eaa49b1287d', 'queijo branco');

insert into recipes (id, name, source, visibility, prep_time_min, preparation, objective, needs_review) values ('eab65f25-139b-4267-b7e0-940cbda9e223', 'Iogurte com Frutas com tomate', 'admin', 'public', 33, 'Coloque o iogurte em um recipiente. Acrescente as frutas picadas e finalize com pequena porção de granola. Adicione tomate durante o preparo para aumentar fibras e volume alimentar. Finalize ajustando os temperos naturais e sirva ainda quente.', 'Promover saciedade, praticidade, controle calórico moderado e aderência alimentar.', false);
insert into recipe_nutrition_profiles (id, recipe_id, calories, calories_kcal, protein_g, carbs_g, fats_g, fat_g) values (gen_random_uuid(), 'eab65f25-139b-4267-b7e0-940cbda9e223', 326, 326, 17, 40, 5, 5);
insert into recipe_ingredients (id, recipe_id, ingredient_text) values (gen_random_uuid(), 'eab65f25-139b-4267-b7e0-940cbda9e223', 'iogurte natural');
insert into recipe_ingredients (id, recipe_id, ingredient_text) values (gen_random_uuid(), 'eab65f25-139b-4267-b7e0-940cbda9e223', 'morango');
insert into recipe_ingredients (id, recipe_id, ingredient_text) values (gen_random_uuid(), 'eab65f25-139b-4267-b7e0-940cbda9e223', 'banana');
insert into recipe_ingredients (id, recipe_id, ingredient_text) values (gen_random_uuid(), 'eab65f25-139b-4267-b7e0-940cbda9e223', 'granola');
insert into recipe_ingredients (id, recipe_id, ingredient_text) values (gen_random_uuid(), 'eab65f25-139b-4267-b7e0-940cbda9e223', 'atum');
insert into recipe_ingredients (id, recipe_id, ingredient_text) values (gen_random_uuid(), 'eab65f25-139b-4267-b7e0-940cbda9e223', 'tomate');
insert into recipe_ingredients (id, recipe_id, ingredient_text) values (gen_random_uuid(), 'eab65f25-139b-4267-b7e0-940cbda9e223', 'queijo branco');

insert into recipes (id, name, source, visibility, prep_time_min, preparation, objective, needs_review) values ('e7252272-2776-4359-9f74-d0e87a41f901', 'Pipoca Caseira com brócolis', 'admin', 'public', 29, 'Aqueça uma panela com pequena quantidade de azeite. Adicione o milho, tampe e deixe estourar em fogo médio. Finalize com pouco sal. Adicione brócolis durante o preparo para aumentar fibras e volume alimentar. Finalize ajustando os temperos naturais e sirva ainda quente.', 'Promover saciedade, praticidade, controle calórico moderado e aderência alimentar.', false);
insert into recipe_nutrition_profiles (id, recipe_id, calories, calories_kcal, protein_g, carbs_g, fats_g, fat_g) values (gen_random_uuid(), 'e7252272-2776-4359-9f74-d0e87a41f901', 184, 184, 18, 50, 6, 6);
insert into recipe_ingredients (id, recipe_id, ingredient_text) values (gen_random_uuid(), 'e7252272-2776-4359-9f74-d0e87a41f901', 'milho de pipoca');
insert into recipe_ingredients (id, recipe_id, ingredient_text) values (gen_random_uuid(), 'e7252272-2776-4359-9f74-d0e87a41f901', 'azeite');
insert into recipe_ingredients (id, recipe_id, ingredient_text) values (gen_random_uuid(), 'e7252272-2776-4359-9f74-d0e87a41f901', 'sal moderado');
insert into recipe_ingredients (id, recipe_id, ingredient_text) values (gen_random_uuid(), 'e7252272-2776-4359-9f74-d0e87a41f901', 'atum');
insert into recipe_ingredients (id, recipe_id, ingredient_text) values (gen_random_uuid(), 'e7252272-2776-4359-9f74-d0e87a41f901', 'brócolis');
insert into recipe_ingredients (id, recipe_id, ingredient_text) values (gen_random_uuid(), 'e7252272-2776-4359-9f74-d0e87a41f901', 'azeite');

insert into recipes (id, name, source, visibility, prep_time_min, preparation, objective, needs_review) values ('41d47d46-1e2a-45c5-8ee4-24fe9d73f9b2', 'Iogurte com Frutas com tomate', 'admin', 'public', 11, 'Coloque o iogurte em um recipiente. Acrescente as frutas picadas e finalize com pequena porção de granola. Adicione tomate durante o preparo para aumentar fibras e volume alimentar. Finalize ajustando os temperos naturais e sirva ainda quente.', 'Promover saciedade, praticidade, controle calórico moderado e aderência alimentar.', false);
insert into recipe_nutrition_profiles (id, recipe_id, calories, calories_kcal, protein_g, carbs_g, fats_g, fat_g) values (gen_random_uuid(), '41d47d46-1e2a-45c5-8ee4-24fe9d73f9b2', 360, 360, 27, 36, 14, 14);
insert into recipe_ingredients (id, recipe_id, ingredient_text) values (gen_random_uuid(), '41d47d46-1e2a-45c5-8ee4-24fe9d73f9b2', 'iogurte natural');
insert into recipe_ingredients (id, recipe_id, ingredient_text) values (gen_random_uuid(), '41d47d46-1e2a-45c5-8ee4-24fe9d73f9b2', 'morango');
insert into recipe_ingredients (id, recipe_id, ingredient_text) values (gen_random_uuid(), '41d47d46-1e2a-45c5-8ee4-24fe9d73f9b2', 'banana');
insert into recipe_ingredients (id, recipe_id, ingredient_text) values (gen_random_uuid(), '41d47d46-1e2a-45c5-8ee4-24fe9d73f9b2', 'granola');
insert into recipe_ingredients (id, recipe_id, ingredient_text) values (gen_random_uuid(), '41d47d46-1e2a-45c5-8ee4-24fe9d73f9b2', 'ovo');
insert into recipe_ingredients (id, recipe_id, ingredient_text) values (gen_random_uuid(), '41d47d46-1e2a-45c5-8ee4-24fe9d73f9b2', 'tomate');
insert into recipe_ingredients (id, recipe_id, ingredient_text) values (gen_random_uuid(), '41d47d46-1e2a-45c5-8ee4-24fe9d73f9b2', 'queijo branco');

insert into recipes (id, name, source, visibility, prep_time_min, preparation, objective, needs_review) values ('421bf1ac-733a-45f2-b18b-92f5312ae7c7', 'Pipoca Caseira com abobrinha', 'admin', 'public', 30, 'Aqueça uma panela com pequena quantidade de azeite. Adicione o milho, tampe e deixe estourar em fogo médio. Finalize com pouco sal. Adicione abobrinha durante o preparo para aumentar fibras e volume alimentar. Finalize ajustando os temperos naturais e sirva ainda quente.', 'Promover saciedade, praticidade, controle calórico moderado e aderência alimentar.', false);
insert into recipe_nutrition_profiles (id, recipe_id, calories, calories_kcal, protein_g, carbs_g, fats_g, fat_g) values (gen_random_uuid(), '421bf1ac-733a-45f2-b18b-92f5312ae7c7', 276, 276, 25, 55, 6, 6);
insert into recipe_ingredients (id, recipe_id, ingredient_text) values (gen_random_uuid(), '421bf1ac-733a-45f2-b18b-92f5312ae7c7', 'milho de pipoca');
insert into recipe_ingredients (id, recipe_id, ingredient_text) values (gen_random_uuid(), '421bf1ac-733a-45f2-b18b-92f5312ae7c7', 'azeite');
insert into recipe_ingredients (id, recipe_id, ingredient_text) values (gen_random_uuid(), '421bf1ac-733a-45f2-b18b-92f5312ae7c7', 'sal moderado');
insert into recipe_ingredients (id, recipe_id, ingredient_text) values (gen_random_uuid(), '421bf1ac-733a-45f2-b18b-92f5312ae7c7', 'frango');
insert into recipe_ingredients (id, recipe_id, ingredient_text) values (gen_random_uuid(), '421bf1ac-733a-45f2-b18b-92f5312ae7c7', 'abobrinha');
insert into recipe_ingredients (id, recipe_id, ingredient_text) values (gen_random_uuid(), '421bf1ac-733a-45f2-b18b-92f5312ae7c7', 'aveia');

insert into recipes (id, name, source, visibility, prep_time_min, preparation, objective, needs_review) values ('c59d03dd-398f-4cff-8c22-02acbd77e5de', 'Pipoca Caseira com tomate', 'admin', 'public', 20, 'Aqueça uma panela com pequena quantidade de azeite. Adicione o milho, tampe e deixe estourar em fogo médio. Finalize com pouco sal. Adicione tomate durante o preparo para aumentar fibras e volume alimentar. Finalize ajustando os temperos naturais e sirva ainda quente.', 'Promover saciedade, praticidade, controle calórico moderado e aderência alimentar.', false);
insert into recipe_nutrition_profiles (id, recipe_id, calories, calories_kcal, protein_g, carbs_g, fats_g, fat_g) values (gen_random_uuid(), 'c59d03dd-398f-4cff-8c22-02acbd77e5de', 336, 336, 31, 33, 15, 15);
insert into recipe_ingredients (id, recipe_id, ingredient_text) values (gen_random_uuid(), 'c59d03dd-398f-4cff-8c22-02acbd77e5de', 'milho de pipoca');
insert into recipe_ingredients (id, recipe_id, ingredient_text) values (gen_random_uuid(), 'c59d03dd-398f-4cff-8c22-02acbd77e5de', 'azeite');
insert into recipe_ingredients (id, recipe_id, ingredient_text) values (gen_random_uuid(), 'c59d03dd-398f-4cff-8c22-02acbd77e5de', 'sal moderado');
insert into recipe_ingredients (id, recipe_id, ingredient_text) values (gen_random_uuid(), 'c59d03dd-398f-4cff-8c22-02acbd77e5de', 'tilápia');
insert into recipe_ingredients (id, recipe_id, ingredient_text) values (gen_random_uuid(), 'c59d03dd-398f-4cff-8c22-02acbd77e5de', 'tomate');
insert into recipe_ingredients (id, recipe_id, ingredient_text) values (gen_random_uuid(), 'c59d03dd-398f-4cff-8c22-02acbd77e5de', 'azeite');

insert into recipes (id, name, source, visibility, prep_time_min, preparation, objective, needs_review) values ('5c273c96-177e-42a0-bb02-c466ff20fe5f', 'Pipoca Caseira com abobrinha', 'admin', 'public', 23, 'Aqueça uma panela com pequena quantidade de azeite. Adicione o milho, tampe e deixe estourar em fogo médio. Finalize com pouco sal. Adicione abobrinha durante o preparo para aumentar fibras e volume alimentar. Finalize ajustando os temperos naturais e sirva ainda quente.', 'Promover saciedade, praticidade, controle calórico moderado e aderência alimentar. Referências Científicas- OMS – Healthy Diet- CDC – Healthy Weight- Dietary Guidelines for Americans- Diretrizes Brasileiras de Obesidade- Nutrição Comportamental Documento atualizado em 20/05/2026 14:25', false);
insert into recipe_nutrition_profiles (id, recipe_id, calories, calories_kcal, protein_g, carbs_g, fats_g, fat_g) values (gen_random_uuid(), '5c273c96-177e-42a0-bb02-c466ff20fe5f', 240, 240, 17, 47, 7, 7);
insert into recipe_ingredients (id, recipe_id, ingredient_text) values (gen_random_uuid(), '5c273c96-177e-42a0-bb02-c466ff20fe5f', 'milho de pipoca');
insert into recipe_ingredients (id, recipe_id, ingredient_text) values (gen_random_uuid(), '5c273c96-177e-42a0-bb02-c466ff20fe5f', 'azeite');
insert into recipe_ingredients (id, recipe_id, ingredient_text) values (gen_random_uuid(), '5c273c96-177e-42a0-bb02-c466ff20fe5f', 'sal moderado');
insert into recipe_ingredients (id, recipe_id, ingredient_text) values (gen_random_uuid(), '5c273c96-177e-42a0-bb02-c466ff20fe5f', 'tilápia');
insert into recipe_ingredients (id, recipe_id, ingredient_text) values (gen_random_uuid(), '5c273c96-177e-42a0-bb02-c466ff20fe5f', 'abobrinha');
insert into recipe_ingredients (id, recipe_id, ingredient_text) values (gen_random_uuid(), '5c273c96-177e-42a0-bb02-c466ff20fe5f', 'azeite');

commit;
